EFFECTIVE,STATUS,ULURPNO,LUCATS,PROJECT_NAME,Shape_Length,Shape_Area,included
,Adopted,810449zmk,810449,STOCKTON AVE BET MARCY & TOMPKINS A,415.5299498379893,13241.270427743846,False
2005-07-27 00:00:00+00:00,Adopted,050400zmq,050400,CAMBRIA HEIGHTS,32248.221449966426,34393915.23131469,False
2001-07-26 00:00:00+00:00,Adopted,010199zmy,010199,UNIFIED BULK PROGRAM,23168.592619671843,13531711.679398386,False
1987-08-19 00:00:00+00:00,Adopted,870651zmx,870651,POWERS AVE FAMILY RESIDENCE CENTER,1516.9646983281473,129008.21483350091,False
1983-10-06 00:00:00+00:00,Adopted,830876zmx,830876,STORY OLMSTEAD HOMER & PUGSLEY AVES,5416.972163521628,1716759.3710129554,False
2018-10-31 00:00:00+00:00,Adopted,180265zmq,180265,69-02 Queens Boulevard Rezoning & LSGD,1348.1130641772154,77699.61137664737,False
2013-07-24 00:00:00+00:00,Adopted,130161zmk,130161,PITKIN AVENUE REZONING,898.6246248073496,49232.780477298395,False
1981-08-20 00:00:00+00:00,Adopted,800208zmm,800208,125 ST BET BDWAY & TIEMAWN PL,1088.5580431916533,76283.14070011178,False
2021-11-23 00:00:00+00:00,Adopted,210192zmq,210192,185-17 Hillside Ave Rezoning,1700.908241690355,119892.06114423966,True
1998-09-17 00:00:00+00:00,Adopted,960566zmq,960566,DOWNTOWN FLUSHING REZONING,11374.809911637314,8354713.765101065,False
2008-05-14 00:00:00+00:00,Adopted,080198zmr,080198,LAFAYETTE MANOR,934.0407580109559,52827.454611989626,False
2003-11-19 00:00:00+00:00,Adopted,030510zmq,030510,ARVERNE URA,32270.904111324722,7017970.7615183145,False
2017-10-17 00:00:00+00:00,Adopted,170336zmq,170336,Northeastern Towers Annex Rezoning,1485.7847013036028,130520.49749790484,False
2009-07-29 00:00:00+00:00,Adopted,090272zmk,090272,CONEY ISLAND COMPREHENSIVE PLAN,10220.997424226622,3944646.8916008826,False
2001-12-11 00:00:00+00:00,Adopted,010676zmm,010676,COOPER SQUARE URA,2641.7567483922417,295422.68974536925,False
2002-02-27 00:00:00+00:00,Adopted,010116zmq,010116,WAYNE DECORATORS,1620.8436916539838,114082.34412627546,False
2004-03-10 00:00:00+00:00,Adopted,030214zmm,030214,2-10 WEST END AVE,1605.6022138821468,157621.00136248677,False
2025-07-14 00:00:00+00:00,Adopted,250115zmm,250115,One45 for Harlem,1888.624251144981,122300.74962566173,True
2019-05-08 00:00:00+00:00,Adopted,190161zmk,190161,1921 Atlantic Ave.,872.3126087539326,47261.615142930576,False
2007-09-10 00:00:00+00:00,Adopted,070432zmk,070432,COOK STREET,1482.058679520067,125025.63122529336,False
,Adopted,780307zmk,780307,"E66TH ST,AVE M,E72TH ST,AVE N,ROYCE",7149.385242627005,3419999.661216267,False
2000-08-23 00:00:00+00:00,Adopted,990232zmr,990232,WEST BRIGHTON REZONING,24337.752846837986,20968443.215168335,False
1986-11-06 00:00:00+00:00,Adopted,860599zmk,860599,BUSHWICH II URA SITE 23,1540.5279135292735,108583.21657873478,False
,Certified,240161zmx,240161,815 Hutchinson River Parkway Rezoning,2837.3593025358823,457377.64258638344,False
1992-02-11 00:00:00+00:00,Adopted,880213zmq,880213,SKYWAY HOTEL,1539.8746668162917,119283.34651249595,False
,Adopted,840169zmm,840169,538 E76TH ST,1333.064827280132,110886.70199267336,False
2016-12-06 00:00:00+00:00,Adopted,170031zmq,170031,227th Street Rezoning,682.4798458213785,29104.325793855616,False
1989-07-20 00:00:00+00:00,Adopted,890612zmr,890612,OLD TOWN REZONING,9556.520479748018,5910295.4611647865,False
2002-06-05 00:00:00+00:00,Adopted,880816zmx,880816,CASTLE HILL ESTATES,5064.077233647567,1627726.3183239968,False
2013-06-24 00:00:00+00:00,Adopted,130188zmq,130188,BELLEROSE FLORAL PARK GLEN OAKS REZONING,82301.56281223538,62614111.96598446,False
2009-05-06 00:00:00+00:00,Adopted,090179zmk,090179,OCEANA-BRIGHTON-BY-THE-SEA,1029.6883069362639,64466.17844044623,False
2018-09-26 00:00:00+00:00,Adopted,180216zmk,180216,80 Flatbush Avenue Rezoning,1599.4524330444856,115029.14983999533,False
2020-02-27 00:00:00+00:00,Adopted,200064zmm,200064,GO Broome Street Development,1260.6360271242136,95628.46680817608,False
1999-10-27 00:00:00+00:00,Adopted,990614zmm,990614,"CLINTON URA SITES 5A, 5B, 5C",1326.1793797036953,109326.96468528529,False
2011-07-28 00:00:00+00:00,Adopted,100175zmq,100175,TD BANK,1138.263288994041,66046.66765493751,False
2002-06-26 00:00:00+00:00,Adopted,000374zmr,000374,TARGEE PLAZA,838.7209803974902,40796.406595103035,False
2005-12-21 00:00:00+00:00,Adopted,060063zmr,060063,ARTHUR KILL RD/RICHMOND AVE,3767.015248547018,601415.8226188086,False
1981-09-24 00:00:00+00:00,Adopted,810193zmm,810193,MARGINAL ST & P/O BATTERY PK CITY F,12379.544111167046,3194209.400107821,False
1986-09-25 00:00:00+00:00,Adopted,861004zmq,861004,"WOODHAVEN BLVD, W/O BLVD BET 63RD &",4707.682472878939,797422.83675449,False
2008-10-07 00:00:00+00:00,Adopted,080429zmq,080429,DUTCH KILLS,11479.439476646645,5051476.507516438,False
2021-05-27 00:00:00+00:00,Adopted,210138zmk,210138,Acme Smoked Fish/Gem Street,1849.6608805857525,173135.91843657743,False
2001-12-19 00:00:00+00:00,Adopted,020100zmq,020100,METLIFE PLAZA EXPANSION,889.4014684032488,43495.11649427765,False
2007-07-25 00:00:00+00:00,Adopted,070430zmk,070430,FORT GREENE/CLINTON HILL,25112.699695247487,17437595.569634162,False
2012-11-13 00:00:00+00:00,Adopted,120143zmm,120143,CHELSEA MARKET EXPANSION,2323.0216558318866,237540.7949572089,False
2006-09-13 00:00:00+00:00,Adopted,040543zmm,040543,TRIBECA NORTH REZONING,2592.205446884521,314528.5490403283,False
2010-04-29 00:00:00+00:00,Adopted,060550zmq,060550,QUEENS BLVD REZONING,1605.7487890122259,148915.23914167954,False
,Adopted,770193zmq,770193,"HORACE HARDING BLVD,136TH ST & MT H",2636.245964817419,390225.3391307869,False
1999-03-16 00:00:00+00:00,Adopted,970086zmm,970086,RIVER CENTER,2541.8897319616012,300067.26695627475,False
1985-08-15 00:00:00+00:00,Adopted,841101zmk,841101,VANDERBILT  PRODUCTS,832.8536172545861,43012.85774543851,False
2005-06-08 00:00:00+00:00,Adopted,040043zmq,040043,FLUSHING SAVINGS BANK,751.150801121028,33328.99863483427,False
2001-12-19 00:00:00+00:00,Adopted,010122zmq,010122,ASTORIA SPORT COMPLEX,1329.8423805699638,109888.19315892592,False
2000-03-29 00:00:00+00:00,Adopted,000158zmq,000158,KEW FOREST REZONING,3043.4311960640166,586924.4682556726,False
1990-08-16 00:00:00+00:00,Adopted,900162zmq,900162,ARVERNE URA REZONING,28804.589331633164,25522123.173739664,False
1993-09-23 00:00:00+00:00,Adopted,910238zmk,910238,BROWNSVILLE I URP,1637.2161956847517,165894.65780984156,False
2008-04-16 00:00:00+00:00,Adopted,080222zmx,080222,COURTLANDT CORNERS I & II,1123.1848592212207,57978.782253489786,False
,Adopted,910073zmr,910073,SUNNYSIDE/GRYMES HILL REZONING,6514.429395469637,2968591.4379664934,False
2008-04-16 00:00:00+00:00,Adopted,070289zmm,070289,REI/RED CROSS REZONING,2044.7309252057366,169435.23391914266,False
2006-04-05 00:00:00+00:00,Adopted,060130zmk,060130,MIDWOOD REZONING,31446.623168074046,12426849.100112777,False
,Adopted,880800zmm,880800,YORKVILLE SPECIAL DISTRICT,5804.224591439678,1450687.9811715002,False
,Adopted,840112zmm,840112,NEW YORK HOSPITAL,886.073969555058,48614.15319357767,False
2004-06-21 00:00:00+00:00,Adopted,040124zmk,040124,AM & G WATERPROOFING,2053.159385330425,155162.466700787,False
2022-04-28 00:00:00+00:00,Adopted,210031zmk,210031,1377 Sutter Avenue Rezoning,564.7206173998611,19683.94801405167,True
1989-07-20 00:00:00+00:00,Adopted,890613zmx,890613,BAYCHESTER REZONING,7922.502387612878,2065193.0890712198,False
1996-04-02 00:00:00+00:00,Adopted,950624zmq,950624,ROSA'S PIZZERIA REZONING,1553.6816755083446,142379.89362159336,False
,Adopted,840300zmx,840300,SANTINI BROTHERS,1459.2691019244694,107276.92915292247,False
2000-07-27 00:00:00+00:00,Adopted,920650zmm,920650,ABC STUDIOS WEST END AVE PROJ,2063.0250146980698,263212.29731034144,False
2005-12-21 00:00:00+00:00,Adopted,060033zmm,060033,CORNERSTONE PROJECT SITE 10,924.4489753186472,52451.04704889311,False
,Adopted,770564zmm,770564,PORTION OF 82 ST (ON THE N/S OF 57,2112.656189632549,249938.9591299704,False
,Adopted,851089zmx,851089,2990 & 3000 JEROME AVE,887.9585839187177,48906.32169803368,False
2013-08-22 00:00:00+00:00,Adopted,130170zmq,130170,ST FRANCIS PREP,4812.073126211602,907546.3178677243,False
2022-11-22 00:00:00+00:00,Adopted,220414zmq,220414,79-18 164th Street Rezoning,866.6235853038627,45597.29357460284,True
2018-08-08 00:00:00+00:00,Adopted,180204azmm,180204a,Inwood Rezoning,22655.117876465443,10827516.224911286,False
2009-06-10 00:00:00+00:00,Adopted,070504zmk,070504,111 UNION ST REZONING,613.4388052418934,23417.99441931455,False
2021-11-23 00:00:00+00:00,Adopted,210253zmk,210253,Glenmore Manor,1469.901975180053,78044.95503182843,True
1994-08-24 00:00:00+00:00,Adopted,930324zmm,930324,WASHBRIDGE APARTMENTS,1366.1924634006198,116376.7925479955,False
,Adopted,840903zmm,840903,345 E94TH ST,619.8812738959532,23505.999670797028,False
,Adopted,880406zmk,880406,ELMWOOD AVE REZONING,1119.561333896912,56528.88657570776,False
2006-04-05 00:00:00+00:00,Adopted,050203zmk,050203,CATON PL,941.7579108825912,53508.543824983906,False
1999-02-25 00:00:00+00:00,Adopted,980574zmr,980574,2456 RICHMOND AVE,1557.6078559973892,149861.87514848472,False
1979-05-24 00:00:00+00:00,Adopted,780287zmq,780287,"CLEARVIEW EXPWAY,26TH AVE,KENNEDY S",1649.155936482338,158901.12035547924,False
1986-11-06 00:00:00+00:00,Adopted,860649zmm,860649,MURRAY HILL MIDBLOCK CONTEXTUAL ZO,11420.318202393613,1285820.5384736462,False
1996-07-11 00:00:00+00:00,Adopted,910212zmr,910212,GRYMES HILL REZONING,13789.030831097767,7298437.104257107,False
1999-02-10 00:00:00+00:00,Adopted,980403zmk,980403,RUTLEDGE/HEYWARD STREETS REZONING,1364.5984611609247,108605.14252592559,False
1991-11-12 00:00:00+00:00,Adopted,910272zmk,910272,64TH ST REZONING,3157.3665308362724,436935.8465555567,False
,Adopted,900894zmr,900894,WESTERLEIGH REZONING,1895.0056615404312,178880.93468341054,False
2009-07-29 00:00:00+00:00,Adopted,090334zmk,090334,GREENPOINT-WILLIAMSBURG CONTEXTUAL,40575.8390068035,24716264.29856148,False
2002-01-30 00:00:00+00:00,Adopted,010106zmq,010106,MASPETH FEDERAL SAVINGS & LOAN,733.4602696593087,31060.361510124138,False
2008-08-14 00:00:00+00:00,Adopted,080371zmq,080371,ROCKAWAY NEIGHBORHOODS,114962.76395060179,49007644.79555892,False
2021-03-25 00:00:00+00:00,Adopted,210103zmx,210103,1099 Webster Avenue Rezoning,1575.0996528498042,94789.63380284465,False
,Adopted,850372zmk,850372,224 23RD ST.,662.0897439293709,24909.77908372403,False
1992-10-08 00:00:00+00:00,Adopted,910098zmq,910098,SO JAMAICA URA SITE 12,4303.323518304907,777411.2103141448,False
2024-03-19 00:00:00+00:00,Adopted,230255zmk,230255,Jennings Hall Expansion ,1180.3670550628328,73957.19418584672,True
2008-01-09 00:00:00+00:00,Adopted,050491zmq,050491,ASTORIA STUDIO APTS,1582.6223286515515,86052.99818445528,False
2023-12-20 00:00:00+00:00,Adopted,220426zmr,220426,541-545 Bay Street,1106.5311700100779,69850.7405939212,True
2011-03-23 00:00:00+00:00,Adopted,110085zmx,110085,WEBSTER AVE/BEDFORD PARK/NORWOOD,27908.708668429495,12957736.425771745,False
,Adopted,840665zmk,840665,83010NEW LOTS PLAYGROUND,1652.1265896448754,146301.3345357115,False
2020-02-11 00:00:00+00:00,Adopted,190029zmq,190029,147-40 15th Ave Commercial Overlay Rezoning,811.1642302933225,34029.32474319603,False
,Adopted,890843zmk,890843,AUGUSTANA LUTHERAN HOME,2920.933186654502,518573.47385465825,False
2005-09-15 00:00:00+00:00,Adopted,050511zmq,050511,FAR ROCKAWAY & MOTT CREEK,9849.801677407568,3869058.364323525,False
2022-07-14 00:00:00+00:00,Adopted,210234zmq,210234,11th Street & 34th Avenue Rezoning,1800.8533707874853,161954.9511076889,True
2011-04-06 00:00:00+00:00,Adopted,100232zmk,100232,KINGSWOOD RETAIL & OFFICE CENTER,615.1288065805819,12341.815090489043,False
2014-07-29 00:00:00+00:00,Adopted,770445azmk,770445a,"120 AVE,SUTPHIN BLVD,ROCKAWAY BLVD",1873.2753176249423,210740.1591928177,False
2013-12-10 00:00:00+00:00,Adopted,140001zmm,140001,Fulton Houses,317.53245907478964,4504.596015235109,False
2012-09-24 00:00:00+00:00,Adopted,120173zmx,120173,SOUNDVIEW PARTNERS APARTMENTS,3096.8850985742365,618647.674793974,False
2010-10-27 00:00:00+00:00,Adopted,100409zmq,100409,AUBURNDALE-OAKLAND gdn/HOLLIS HILLS,137248.3378011223,67499489.97441868,False
1999-11-23 00:00:00+00:00,Adopted,970554zmr,970554,SOUTHEAST ANNADALE REZONING,24240.506088904654,37140694.865998015,False
1990-03-08 00:00:00+00:00,Adopted,880923zmk,880923,BIG R SUPERMARKET,1907.9343514802556,196661.2008076069,False
1983-03-18 00:00:00+00:00,Adopted,820697zmr,820697,BAY ST LANDING,4654.602884192025,1362057.6333137543,False
2003-08-19 00:00:00+00:00,Adopted,030333zmx,030333,MORRISANIA AREA REZONING,8160.338165241942,1920808.5897332341,False
1997-09-18 00:00:00+00:00,Adopted,970271zmr,970271,BRIGHTON HEIGHTS REZONING,22736.064386430124,17624498.38851965,False
1998-04-28 00:00:00+00:00,Adopted,980131zmx,980131,CYPRESS HILLS REZONING,5497.959365481021,511751.8841316619,False
2013-10-30 00:00:00+00:00,Adopted,130344zmq,130344,EAST ELMHURST REZONING,52567.22712739374,18393676.791760158,False
2001-12-19 00:00:00+00:00,Adopted,010709zmm,010709,EAST RIVER SCIENCE PARK,3039.6789059394396,489723.1888815856,False
2019-09-12 00:00:00+00:00,Adopted,180164zmk,180164,273 Avenue U Rezoning,1025.6905659134552,62052.30954242297,False
2004-05-05 00:00:00+00:00,Adopted,020654zmx,020654,IHOP,868.4250417903598,43104.78786501945,False
2013-10-09 00:00:00+00:00,Adopted,090484zmq,090484,Hallets Point Rezoning,8943.029096049451,903300.1210458494,False
2010-08-25 00:00:00+00:00,Adopted,100047zmm,100047,15 PENN PLAZA,1575.539277312561,137003.22337431822,False
2013-10-09 00:00:00+00:00,Adopted,130214zmm,130214,MSK CUNY,1266.6478591939385,97836.92662704836,False
1998-08-06 00:00:00+00:00,Adopted,980272zmm,980272,THE THEATER SUBDISTRICT PROP,2283.8287886489575,239989.18957624852,False
2009-12-21 00:00:00+00:00,Adopted,090413zmk,090413,BROADWAY TRIANGLE URA,5673.606939754453,1325652.5947400292,False
2009-09-30 00:00:00+00:00,Adopted,090365zmx,090365,161ST STREET REZONING,9070.721753714213,809020.9614353849,False
,Adopted,831109zmm,831109,E59TH ST AREA,3974.420767211688,1079646.0813756082,False
1985-09-19 00:00:00+00:00,Adopted,850539zmm,850539,UPPER EAST SIDE MIDBLOCK ZONING,135122.2216152011,20159459.642447114,False
2009-10-14 00:00:00+00:00,Adopted,060288zmx,060288,ON THE SOUND ON CITY ISLAND,3252.375927848457,529882.9562357788,False
,Adopted,850359zmq,850359,FOREST HILLS/LAKEVIEW ESTATES,1988.4439387703499,194317.07567038835,False
2001-10-30 00:00:00+00:00,Adopted,010483zmk,010483,THE JUNCTION,1879.0279907760096,203068.22403261714,False
1980-11-13 00:00:00+00:00,Adopted,800461zmm,800461,BATHGATE AVE & E181ST ST,2013.071877716487,191783.55066934574,False
1988-09-29 00:00:00+00:00,Adopted,880049zmr,880049,WEST SHORE PLAZA SHOPPING CENTER,5197.759910020578,1405660.350115154,False
2024-08-15 00:00:00+00:00,Adopted,240131zmk,240131,3033 Avenue V Rezoning,826.7396227802678,38966.47961830572,True
2021-03-18 00:00:00+00:00,Adopted,190447zmk,190447,9114 5th Avenue Rezoning,836.3811894674989,37937.073362398245,False
1989-05-04 00:00:00+00:00,Adopted,890150zmr,890150,SYCAMORE REZONING,11229.343175683374,8082873.868964215,False
2019-04-18 00:00:00+00:00,Adopted,180171zmk,180171,Mcdonald Avenue Catering (rezoning),1908.5117836908255,111940.051298968,False
2005-07-27 00:00:00+00:00,Adopted,050015zmr,050015,ELTINGVILLE REZONING,7311.738890868811,2592611.8464782857,False
2019-07-23 00:00:00+00:00,Adopted,180315zmq,180315,38-01 23rd Avenue Rezoning,926.4159049010173,46119.631513037144,False
1994-03-16 00:00:00+00:00,Adopted,930381zmq,930381,MIDDLE VILLAGE REZONING,8348.93330732744,4916066.491743812,False
2005-09-28 00:00:00+00:00,Adopted,040488zmm,040488,1129-33 YORK AVE,947.1827663011497,55505.84503621032,False
2003-01-29 00:00:00+00:00,Adopted,020216zmm,020216,GATEWAY II,1073.1112737822352,70268.60529588383,False
2020-02-11 00:00:00+00:00,Adopted,190267zmq,190267,22-60 46th Street Rezoning,2298.1973623863464,236680.61741572752,False
2017-05-24 00:00:00+00:00,Adopted,170142zmk,170142,1860 Eastern Parkway,869.3506652380225,39826.84250520716,False
2010-07-29 00:00:00+00:00,Adopted,030223zmq,030223,35TH AVE REZONING,1440.0400843111124,124324.59480574325,False
,Adopted,900145zmk,900145,LUTHERAN MEDICAL CORRIDOR,3774.4303201163093,888465.5435785,False
2017-12-19 00:00:00+00:00,Adopted,170442zmm,170442,Harlem Renaissance 2012 NBT Way Project,830.0087353858344,37812.55770976501,False
2022-10-12 00:00:00+00:00,Adopted,210174zmk,210174,2080 McDonald Avenue Rezoning,906.5532206423304,49649.538888873896,True
1977-12-01 00:00:00+00:00,Adopted,770273zmr,770273,"120 AVE,SUTPHIN BLVD,ROCKAWAY BLVD",6045.47655863698,2268521.847253392,False
2018-09-12 00:00:00+00:00,Adopted,170047zmk,170047,55-63 Summit Street Rezoning,471.23086333632824,13599.592361671886,False
2023-02-02 00:00:00+00:00,Adopted,210332zmk,210332,446-448 Park avenue Rezoning,744.6706909105942,29412.792084365046,True
2025-05-28 00:00:00+00:00,Adopted,250014zmk,250014,Atlantic Avenue Mixed-Use Plan,16904.631629484385,3152423.4288760545,True
1981-01-15 00:00:00+00:00,Adopted,800494zmx,800494,3911 BARNS,1326.2754353445823,108108.1490098388,False
,Adopted,940130zmk,940130,PAERDEGAT BASIN CSO,3379.9024391670655,727277.9771206927,False
2016-09-14 00:00:00+00:00,Adopted,150135zmq,150135,38th Street and 31th Ave Rezoning,988.9488200507974,35108.88159441019,False
2004-09-28 00:00:00+00:00,Adopted,040516zmx,040516,VAN COURTLANDT VILLAGE,11793.553329322966,2868791.25210601,False
1988-06-09 00:00:00+00:00,Adopted,870923zmk,870923,CONEY ISLAND URA/SITE 29,1047.5088851330788,66362.23438998565,False
2006-10-25 00:00:00+00:00,Adopted,060471zmr,060471,NEW STAPLETON WATERFRONT DEV,13545.782743099715,9884810.261664359,False
2005-06-08 00:00:00+00:00,Adopted,040389zmk,040389,LOGAN STREET REZONING,1221.0072137875686,89988.7204232438,False
2011-06-29 00:00:00+00:00,Adopted,090347zmq,090347,164TH ST REZONING,701.8470296725604,30618.328241320072,False
,Adopted,900571zmr,900571,SNUG HARBOR EAST REZONING,4942.593268244916,1538359.7885479536,False
2004-02-04 00:00:00+00:00,Adopted,030058zmx,030058,315 E161ST ST COMMERCIAL REZONING,947.7380128616591,52529.98721423547,False
1990-02-22 00:00:00+00:00,Adopted,900144zmk,900144,SUNSET PARK WEST,7058.7058358163795,2440620.8221915015,False
1997-09-18 00:00:00+00:00,Adopted,970274zmq,970274,NORTHERN BLVD C-8 DIST,1598.816837488619,133410.5161168561,False
2010-10-13 00:00:00+00:00,Adopted,080129zmx,080129,3500 PARK AVENUE,1139.868858720359,75605.4382466876,False
2007-11-15 00:00:00+00:00,Adopted,000198zmm,000198,E60TH ST REZONING,1461.6092249975625,97767.9090629329,False
2024-09-26 00:00:00+00:00,Adopted,210340zmq,210340,2390 McDonald Avenue Rezoning,799.7803904271492,36821.083435832705,True
1998-11-24 00:00:00+00:00,Adopted,980562zmm,980562,56-74 W23RD ST A/K/A 696-712 6TH AV,2666.1681229129863,389801.25543974317,False
2005-07-27 00:00:00+00:00,Adopted,050289zmx,050289,PELHAM GARDENS,56552.498606509806,21397535.917066406,False
2005-12-21 00:00:00+00:00,Adopted,060055zmq,060055,WHITESTONE,104468.798671198,58864519.06017498,False
2003-08-19 00:00:00+00:00,Adopted,030213zmx,030213,WASHINGTON PLAZA,2282.8252256993474,298004.2791917492,False
,Adopted,790554zmm,790554,2ND AVE BET E58TH ST & E59TH ST,618.5738216566097,23678.022665410364,False
1983-05-13 00:00:00+00:00,Adopted,820792zmq,820792,"UNION TURNPIKE, CROSS ISLAND PKWY,",3212.6973359482836,639607.0799706372,False
1986-09-25 00:00:00+00:00,Adopted,860696zmx,860696,BATHGATE NORTH,3563.6702638194784,780596.119496532,False
2016-09-14 00:00:00+00:00,Adopted,160267zmx,160267,La Central,3334.817362001137,331303.2795236108,False
2013-10-30 00:00:00+00:00,Adopted,130235zmm,130235,adAPT NYC,619.2148316953319,23110.003851819132,False
2026-02-24 00:00:00+00:00,Adopted,250268zmq,250268,63-12 Broadway Rezoning,921.8419091305728,51020.132620643075,False
1997-06-05 00:00:00+00:00,Adopted,960262zmm,960262,FOLEY SQUARE RECONSTRUCTION,311.4976245646961,5537.808181639093,False
1999-09-09 00:00:00+00:00,Adopted,990453zmm,990453,CHELSEA REZONING,15154.53206479983,15870884.553214103,False
,Adopted,940491zmr,940491,TOTTENVILLE REZONING,18793.92698009366,23038997.72721442,False
1997-10-14 00:00:00+00:00,Adopted,970211zmr,970211,ELTINGVILLE/GREAT KILLS REZONING,14110.547129993829,13145878.435984459,False
2010-07-29 00:00:00+00:00,Adopted,100185zmk,100185,THE NEW DOMINO,4795.945537844484,962932.2863642446,False
1985-07-18 00:00:00+00:00,Adopted,850639zmm,850639,"BEEKMAN PL AREA, E49TH THRU E52ND S",2808.956583013723,512413.04623273545,False
2024-10-10 00:00:00+00:00,Adopted,230022zmq,230022,31-17 12th Street Rezoning,930.9511170357409,51289.69951713165,True
1982-11-18 00:00:00+00:00,Adopted,821243zmx,821243,KINGBRIDGE AVE & W236 ST,735.1548439835611,27381.52241269808,False
2017-08-24 00:00:00+00:00,Adopted,170226zmm,170226,ECF EAST 96TH STREET,2069.785440656792,214823.78431538556,False
1989-08-17 00:00:00+00:00,Adopted,880917zmr,880917,DONGAN HILLS III,5402.007218607935,1829815.8298404543,False
,Certified,250290zmq,250290,164th Street Rezoning,910.9850474206912,45761.27188469305,False
,Adopted,860303zmm,860303,151-157 READE & 167-171 CHAMBERS ST,574.2848568446118,13927.827364247414,False
,Adopted,850790zmk,850790,HIP CENTER-BEDFORD STYVESANT,748.9560158854193,34345.2999824095,False
2021-10-21 00:00:00+00:00,Adopted,200070zmq,200070,62-04 Roosevelt Ave Rezoning,1125.2944233033238,60775.16339424782,True
2025-03-26 00:00:00+00:00,Adopted,240403zmx,240403,581 Grant Avenue Development,1460.147222915103,95738.40442425101,True
1998-10-22 00:00:00+00:00,Adopted,980493zmq,980493,STEINWAY WAREHOUSE,2008.0745349294348,219085.60242516952,False
2014-05-29 00:00:00+00:00,Adopted,140203zmq,140203,YESHIVA HAR TORAH-GRAND CENTRAL PARKWAY DEMAPPING,1310.3442417801575,40974.21817286584,False
2003-06-17 00:00:00+00:00,Adopted,030297zmq,030297,HOLLISWOOD REZONING,12937.539906824326,9809821.748508079,False
2013-04-09 00:00:00+00:00,Adopted,130100zmm,130100,PIER 57 REDEVELOPMENT PROJECT,2572.8585219499328,351295.5618282722,False
2005-01-19 00:00:00+00:00,Adopted,040499azmm,040499a,HUDSON YARDS,13737.356462583739,8245904.806697276,False
1999-10-27 00:00:00+00:00,Adopted,990098zmm,990098,EAST RIVER PLAZA,2738.837173163886,497428.0606368005,False
1984-03-01 00:00:00+00:00,Adopted,831430zmm,831430,115 W68TH ST,659.7320423142202,26801.5863107326,False
2004-11-10 00:00:00+00:00,Adopted,040250zmm,040250,VERIZON W47TH-W48TH STS REZONING,2015.2624349565776,214693.25436275997,False
1983-07-21 00:00:00+00:00,Adopted,830529zmm,830529,100FT EAST&WEST OF LEXINGTON AVE FR,2006.0234641185048,241046.22022299754,False
1996-06-25 00:00:00+00:00,Adopted,960319zmq,960319,USFDA/YORK COLLEGE URA,2442.9767804964404,371664.6880038866,False
,Adopted,870932zmk,870932,TIFFANY PLACE REZONING,1701.6452758179416,102024.44941275338,False
2026-03-26 00:00:00+00:00,Adopted,240271zmk,240271,20 Berry Street,979.834833910786,59808.79131502948,False
1987-10-01 00:00:00+00:00,Adopted,860581zmq,860581,COLLEGE POINT PARKING LOT & PARK,874.9343509161763,44523.905668032545,False
2013-05-08 00:00:00+00:00,Adopted,130076zmm,130076,CORNELL UNIVERSITY,5156.432524270973,1466068.599677008,False
2025-04-24 00:00:00+00:00,Adopted,250037zmk,250037,Brownsville NCP,1121.991162435152,58601.577657039015,True
1991-10-03 00:00:00+00:00,Adopted,910255zmk,910255,R2X REZONING,6905.359717051579,2312218.7075093593,False
2023-03-16 00:00:00+00:00,Adopted,220306zmx,220306,521 East Tremont Avenue Rezoning,1046.1020716418443,67374.94378661025,True
,Adopted,800763zmq,800763,37TH ST BET 47TH & 48TH AVES,697.9196792878585,28977.418881985614,False
2009-03-24 00:00:00+00:00,Adopted,090112zmq,090112,NORTH CORONA REZONING,46356.69008803909,11013454.001271145,False
1998-08-27 00:00:00+00:00,Adopted,980154zmm,980154,SOTHEBY'S EXPANSION,2502.3032887825298,194545.02360502188,False
1990-06-21 00:00:00+00:00,Adopted,870733zmk,870733,"ATLANTIC TERMINAL URA, SITE 5",1807.7211540384533,173054.29146722905,False
2004-12-15 00:00:00+00:00,Adopted,040496zmm,040496,400 PARK AVE SO,1721.64694014787,163843.10218591176,False
2001-12-19 00:00:00+00:00,Adopted,010601zmr,010601,MARINERS HARBOR CONTEXTUAL REZONING,19642.682497053986,9964754.853497889,False
2000-10-12 00:00:00+00:00,Adopted,000309zmr,000309,ANNADALE REZONING,24304.09109415791,15999543.928973664,False
1989-07-20 00:00:00+00:00,Adopted,860550zmx,860550,LA ROSA DEL MONTE,1499.102081332263,141408.51773024775,False
2016-06-21 00:00:00+00:00,Adopted,160138zmq,160138,One Flushing,1715.4305616959343,171739.21556113096,False
1989-10-26 00:00:00+00:00,Adopted,890131zmk,890131,636-665 CLASSON AVE,1477.9790810237437,136476.02939097027,False
2005-02-02 00:00:00+00:00,Adopted,050050zmm,050050,CLINTON GREEN MIXED USE DEV,1603.8905798376754,94112.90940679616,False
2025-08-14 00:00:00+00:00,Adopted,250050zmk,250050,47 Hall Street Rezoning,2006.1614126977088,192607.06159701684,True
2021-06-17 00:00:00+00:00,Adopted,210063zmx,210063,St Josephs - 1949 Bathgate Avenue,987.6545222869743,60964.405776033105,False
2023-04-27 00:00:00+00:00,Adopted,230006zmq,230006,245-06 South Conduit Avenue Commercial Overlay,1212.697457973691,43771.3834957276,True
,Adopted,830449zmr,830449,N/W/C/O METROPOLITAN AVE &   PLEASA,6992.625723205107,813713.2227989732,False
2025-08-14 00:00:00+00:00,Adopted,250151zmm,250151,Lenox Hill Hospital,1212.0062469063487,90143.38524597988,True
2017-11-30 00:00:00+00:00,Adopted,170361zmm,170361,Sendero Verde East 111th Street,1478.449066709487,126806.95702022333,False
2023-05-11 00:00:00+00:00,Adopted,210317zmq,210317,23-10 Queens Plaza South REzoning & Special Permit,1068.2049100293905,70976.97595709239,True
2002-07-24 00:00:00+00:00,Adopted,020463zmm,020463,CLINTON URA,1202.9414675501312,88774.13174656517,False
1983-08-18 00:00:00+00:00,Adopted,830495zmq,830495,58TH BET 52ND RD & 52ND AVE,1621.6976304799512,160219.1665969905,False
2000-09-27 00:00:00+00:00,Adopted,000151zmr,000151,ARDEN REZONING,33785.98714939684,30907378.00376711,False
1987-06-30 00:00:00+00:00,Adopted,860685zmk,860685,METROTECH,4638.298195549066,1428727.4157616291,False
1986-01-26 00:00:00+00:00,Adopted,820449zmx,820449,ROSE HILL,2382.8074702594536,279425.57358429226,False
1995-10-25 00:00:00+00:00,Adopted,950318zmm,950318,6TH AVE REZONING,4979.764981579836,987174.3240974374,False
2007-03-14 00:00:00+00:00,Adopted,070079zmq,070079,JAMAICA COURTHOUSE REDEV,1074.8164021372252,71446.80406383968,False
2012-10-11 00:00:00+00:00,Adopted,120226zmm,120226,SEWARD PARK MIXED-USE DEVELOPMENT PROJECT,2839.0309128433837,316895.34675523586,False
2019-12-10 00:00:00+00:00,Adopted,190410zmk,190410,515 Blake Ave,1672.17492553123,151181.88227779508,False
1985-01-24 00:00:00+00:00,Adopted,840344zmq,840344,S/S/O 47TH AVE BET 76-79 STS,2346.618292280609,160721.74743500003,False
2000-10-12 00:00:00+00:00,Adopted,000584zmx,000584,WALTON AVE REZONING,548.9371788124403,18437.430807087825,False
2024-04-18 00:00:00+00:00,Adopted,230051zmk,230051,41 Richards Street Rezoning,823.749469805589,39372.84815969392,True
2012-10-11 00:00:00+00:00,Adopted,120294zmk,120294,BEDFORD-STUYVESANT NORTH,45023.36000782658,25150987.226398624,False
2005-01-19 00:00:00+00:00,Adopted,040410zmr,040410,CLOVE LAKE REZONING,24228.037387997636,12434314.277682615,False
2004-10-13 00:00:00+00:00,Adopted,030413zmk,030413,IKEA,6873.219936285079,2459354.5819165,False
1995-10-25 00:00:00+00:00,Adopted,950403zmq,950403,LONG ISLAND CITY FRAMEWORK IMPLEMTN,27611.719332410372,43419134.39522002,False
1989-02-09 00:00:00+00:00,Adopted,880810zmr,880810,DONGAN HILLS II,8972.073051424997,5092430.003715055,False
2007-10-29 00:00:00+00:00,Adopted,070521zmq,070521,FOREST HILLS SO REZONING,18248.753027988598,4263295.755742492,False
2005-09-28 00:00:00+00:00,Adopted,050171zmq,050171,FRANCIS LEWIS BLVD REZONING,730.9509630437376,33110.76692392521,False
1980-02-21 00:00:00+00:00,Adopted,790123zmq,790123,BAYBRIDGE,5283.48988601729,1737642.5843052827,False
1998-11-24 00:00:00+00:00,Adopted,980571zmm,980571,1460 BROADWAY REZONING,1367.6932690087692,93942.1332651853,False
2005-12-21 00:00:00+00:00,Adopted,020615zmm,020615,METROPOLIS STUDIOS,815.2744048902895,28331.401687492074,False
2007-12-11 00:00:00+00:00,Adopted,060372zmm,060372,122 E32ND ST,910.3995454652036,51361.594576800286,False
2008-04-16 00:00:00+00:00,Adopted,080202zmr,080202,WESTERLEIGH REZONING,21738.14463324818,8996359.785719004,False
1996-09-26 00:00:00+00:00,Adopted,960368zmm,960368,EAST 14TH ST REZONING FOLLOW-UP,1381.6434291578003,118677.03874216403,False
1989-03-30 00:00:00+00:00,Adopted,890066zmq,890066,"158TH ST, 159TH ST, 160TH ST, NORTH",2957.2273847994866,214100.10424060014,False
,Adopted,770657zmx,770657,PORTION OF 82 ST (ON THE N/S OF 57,1884.7191180152058,178842.2780177687,False
1982-12-16 00:00:00+00:00,Adopted,820721zmx,820721,"1768-1858, 1761-1831, 1764-1864 VYS",3543.1089707790557,769134.3232783064,False
2013-05-22 00:00:00+00:00,Adopted,130064zmx,130064,580 GERARD AVENUE REZONING,1006.5427826474238,45377.43074286036,False
2022-06-02 00:00:00+00:00,Adopted,210299zmk,210299,840 Lorimer Street Rezoning,802.7355825818536,35259.87756353841,True
1985-08-15 00:00:00+00:00,Adopted,850213zmx,850213,"HUTCHINSON RIVER, PELHAM PARKWAYS,",18574.417255509255,10276969.927533597,False
2017-10-31 00:00:00+00:00,Adopted,170430zmk,170430,Linden Boulevard Rezoning,1753.2209803850208,159621.60508716924,False
2017-06-21 00:00:00+00:00,Adopted,170255zmq,170255,Hamilton Beach Resiliency Rezoning,9861.167302654434,3626150.662940807,False
2015-03-11 00:00:00+00:00,Adopted,150152zmx,150152,Melrose Commons North Site C,2280.7279322790305,197551.3802098352,False
1977-10-20 00:00:00+00:00,Adopted,770145zmk,770145,80 GREENE AE,2514.1215099047477,335386.0823699635,False
1989-10-12 00:00:00+00:00,Adopted,890721zmr,890721,CLAIRVIEW WEST,5148.554252894404,1579263.450252894,False
1993-12-21 00:00:00+00:00,Adopted,920088zmq,920088,QUEENS BLVD REZONING,3351.892245074639,451351.6913221671,False
2025-10-29 00:00:00+00:00,Adopted,250172zmq,250172,Jamaica Neighborhood Plan,114038.03699940327,30742539.16529385,False
1996-11-26 00:00:00+00:00,Adopted,960568zmq,960568,ST ALBANS AREA A REZONING,6816.719911387791,1796117.2349208829,False
1982-06-11 00:00:00+00:00,Adopted,810021zmm,810021,2ND AVE BET E93RD & E94TH STS,1046.2713390216677,62969.32990734,False
,Adopted,820024zmx,820024,"WALDO AVE, IRWIN AVE, BET W236TH ST",2480.2627206242632,312817.0313237331,False
,Adopted,870746zmq,870746,TRADE WINDS BY THE SEA,3263.0734060354025,586983.9876544824,False
2020-12-10 00:00:00+00:00,Adopted,200056zmk,200056,803 Rockaway Avenue Rezoning,1388.8129312590008,112853.87728527155,False
2005-10-11 00:00:00+00:00,Adopted,050480zmx,050480,RIVERDALE-ON-HUDSON REZONING,31072.626488280388,20379749.517949395,False
2021-05-27 00:00:00+00:00,Adopted,200274zmx,200274,431 Concord Avenue Rezoning ,609.2996567581031,22696.587151290903,False
2024-04-18 00:00:00+00:00,Adopted,230337zmk,230337,341 10th Street Rezoning,1511.1216380873554,95396.18918554398,True
1983-04-28 00:00:00+00:00,Adopted,821062zmr,821062,CUNARD AVE BET WANDALL AVE & ITS SO,5683.436665880144,2140621.1937397537,False
1993-12-21 00:00:00+00:00,Adopted,920141zmx,920141,WHITE CASTLE,708.5247071530775,22196.509885414172,False
2007-08-22 00:00:00+00:00,Adopted,060272zmk,060272,COMMERCE BANK-65TH ST,700.411119549148,29996.623587639056,False
2022-06-16 00:00:00+00:00,Adopted,200335zmk,200335,98 Third Avenue,834.5641776350681,38130.31531851034,True
,Adopted,870498zmx,870498,EUGENIO MARIO DE HOSTOS COM COLLEGE,3285.7051912686147,617198.6779413001,False
2000-01-19 00:00:00+00:00,Adopted,990102zmx,990102,BRUCKNER BLVD REZONING,3433.589672264106,298782.6046753105,False
1998-03-18 00:00:00+00:00,Adopted,970300zmq,970300,KEW GARDENS HILLS NO REZONING,5564.990746400421,1989969.4667511536,False
2023-12-06 00:00:00+00:00,Adopted,230010zmk,230010,534 Coney Island Avenue,891.5894027600114,44494.50173868872,True
2002-04-10 00:00:00+00:00,Adopted,010229zmq,010229,CALDWELL AVE REZONING,1472.2898760034477,70685.4370104614,False
1990-08-16 00:00:00+00:00,Adopted,890662zmm,890662,AUDUBON RESEARCH PARK,2784.8782740676074,439455.10810967564,False
2018-09-26 00:00:00+00:00,Adopted,180029zmk,180029,1881-1885 McDonald Avenue Rezoning,1002.4188197623971,55934.001473731194,False
2009-05-20 00:00:00+00:00,Adopted,090125zmm,090125,HOBBS COURT,978.5266828684031,59456.337960968776,False
1983-04-28 00:00:00+00:00,Adopted,821254zmq,821254,KINGBRIDGE AVE & W236 ST,12063.087750603663,9277775.270336846,False
2013-02-27 00:00:00+00:00,Adopted,090154zmk,090154,MAPLE LANE VIEWS,1729.4389997240091,114294.80806781801,False
1997-08-26 00:00:00+00:00,Adopted,960448zmx,960448,CHATTERTON AVE REZONING,932.7053537108605,41978.78976272405,False
1985-08-15 00:00:00+00:00,Adopted,850075zmr,850075,EAST OF VAN DUZER BET PROSPECT & GR,4164.674251785151,667350.1118500476,False
2024-11-21 00:00:00+00:00,Adopted,230182zmk,230182,Brooklyn Yards,3760.944402765528,170198.34977454392,True
1990-12-05 00:00:00+00:00,Adopted,900617zmq,900617,JACKSON HEIGHTS REZONING,2387.206882096746,356598.4838941567,False
2005-05-11 00:00:00+00:00,Adopted,050195zmq,050195,KISSENA PARK REZONING,15265.305770001318,5803320.111684151,False
2011-01-18 00:00:00+00:00,Adopted,110069zmr,110069,SI COMMERCIAL REZONING,22659.390967428953,2365433.923602484,False
2022-10-27 00:00:00+00:00,Adopted,210348zmq,210348,Ninth Street Rezoning,1118.0163814242846,56037.573506044864,True
,Adopted,930430zmk,930430,PROSPECT HEIGHTS REZONING,15441.40755813798,14648139.341938615,False
2022-02-24 00:00:00+00:00,Adopted,210285ZMK,210285,749 Van Sinderen Avenue Rezoning,898.1120127965604,37070.02115624197,True
2006-04-26 00:00:00+00:00,Adopted,060259zmq,060259,BAYSWATER REZONING,47336.193547992254,11937692.689762184,False
1995-07-18 00:00:00+00:00,Adopted,950245zmq,950245,LINDEN BLVD REZONING,770.1224252109728,33202.692922642695,False
2008-10-27 00:00:00+00:00,Adopted,080426zmr,080426,ST GEORGE DIST,10979.96960583808,3427841.1017391505,False
2011-04-06 00:00:00+00:00,Adopted,110125zmm,110125,CLINTON COMMONS,702.9953570015464,30695.01617257495,False
2000-08-23 00:00:00+00:00,Adopted,990681zmr,990681,SNUG HARBOR EAST,11333.290653037471,1659505.9951544518,False
1981-07-21 00:00:00+00:00,Adopted,820872zmk,820872,GROSSMAN BLDG,988.4811470053243,60706.57579104964,False
2025-07-14 00:00:00+00:00,Adopted,240399zmk,240399,109 Marcus Garvey Boulevard LSGD,1914.5400899916056,185706.71060043114,True
2021-11-23 00:00:00+00:00,Adopted,210276zmk,210276,1045 Atlantic Avenue,1037.230119284649,60849.47807836802,True
2017-04-25 00:00:00+00:00,Adopted,170128zmk,170128,Caton Flats,881.6252343497375,46239.3614485411,False
2019-11-14 00:00:00+00:00,Adopted,190325zmq,190325,Peninsula Redevelopment ,3607.5109224177304,508851.5817624707,False
2024-03-19 00:00:00+00:00,Adopted,240030zmk,240030,Brownsville Arts Center and Apartments,1197.7539968777912,87765.03452706023,True
1998-02-26 00:00:00+00:00,Adopted,970753zmk,970753,MAIN STREET REZONING,1863.8561466394513,208316.58566892773,False
,Adopted,780488zmq,780488,100TH ST,2042.7374210485755,156841.55916951696,False
,Adopted,790638zmk,790638,AVE Z & E18TH ST,976.229060774233,53830.41791025654,False
2025-06-11 00:00:00+00:00,Adopted,230309zmk,230309,73-99 Empire Boulevard Rezoning,1042.1996597689067,62901.43626235465,True
2025-01-23 00:00:00+00:00,Adopted,240363zmq,240363,Gleason Funeral Home Commercial Overlay,928.9970897555207,53004.97176288531,True
2011-04-06 00:00:00+00:00,Adopted,900604azmx,900604a,SEA BREEZE ESTATES,1448.5627479947007,129655.17431098604,False
1986-10-09 00:00:00+00:00,Adopted,860211zmk,860211,BROOKLYN CENTER URA,4039.657927534622,1001259.4085438662,False
2023-09-28 00:00:00+00:00,Adopted,230291zmx,230291,1460-1480 Sheridan Boulevard,2878.5503887738478,331874.5513067238,True
1998-03-18 00:00:00+00:00,Adopted,980077zmk,980077,WILLIAMSBURG BRIDGE AREA,8161.620121505668,3357800.286622145,False
2017-09-27 00:00:00+00:00,Adopted,170275zmm,170275,126th Street Bus Depot Project,1855.5741638574966,176015.62130030728,False
2017-05-24 00:00:00+00:00,Adopted,160323zmx,160326,Westchester Mews Rezoning,2428.84039665126,215950.62501294943,False
2021-03-18 00:00:00+00:00,Adopted,200252zmq,200252,245-01 Jamaica Ave Rezoning,742.6492633976487,30572.97379739441,False
2009-12-09 00:00:00+00:00,Adopted,080039zmm,080039,W129TH ST,1643.2649893916257,143166.53269809016,False
1993-12-21 00:00:00+00:00,Adopted,900607azmm,900607a,NINTH AVE REZONING,3869.5614487783555,728274.2765191304,False
2013-12-19 00:00:00+00:00,Adopted,140065zmk,140065,SEASIDE PARK AND COMMUNITY ARTS CENTER,1148.7924109503817,80114.8377952997,False
,Adopted,800074zmm,800074,CLINTON MANOR,1671.3038987916289,167839.67390593825,False
1987-12-17 00:00:00+00:00,Adopted,870708zmx,870708,WEBSTER AVENUE SHELTER,1483.9703902424826,116556.84959671179,False
2010-06-29 00:00:00+00:00,Adopted,090143zmx,090143,625 E FORDHAM RD,940.2074842615291,54419.020570903755,False
1995-12-07 00:00:00+00:00,Adopted,950080zmq,950080,EAST ELMHURST CARE CENTER,1981.8168100927737,195817.75383540418,False
2021-03-25 00:00:00+00:00,Adopted,210070zmq,210070,Arverne East Rezoning,1177.6459794572515,71778.36564123112,False
2017-12-19 00:00:00+00:00,Adopted,170392zmx,170392,1965 Lafayette Avenue,1747.085169012361,166577.9480796104,False
1992-08-26 00:00:00+00:00,Adopted,920226zmq,920226,SO ELMHURST REZONING,3194.6138283614137,582281.5249471369,False
2011-08-17 00:00:00+00:00,Adopted,080491zmk,080491,TEDDY'S BAR AND GRILL,1368.5683781432376,85490.88711239117,False
2013-10-30 00:00:00+00:00,Adopted,130315zmr,130315,St. George Waterfront,6130.509858156486,2049550.5885441808,False
2005-03-09 00:00:00+00:00,Adopted,050153zmq,050153,KEW GARDENS-RICHMOND HILL,44543.31993155384,20944916.135085844,False
2021-11-23 00:00:00+00:00,Adopted,210177zmk,210177,Gowanus Neighborhood Plan,29699.816331114467,8627884.258996513,True
1986-07-17 00:00:00+00:00,Adopted,850727zmx,850727,RIVERDALE GREENBELT,1737.9499946166645,196295.04195006832,False
2019-02-13 00:00:00+00:00,Adopted,190049zmx,190049,Belmont Cove - Rezoning,822.4648370932855,35607.721730856094,False
2009-03-24 00:00:00+00:00,Adopted,090104zmq,090104,SPECIAL FOREST HILLS DIST,7837.35049963531,1631399.8328375854,False
1981-09-10 00:00:00+00:00,Adopted,801132zmk,801132,3111-3123 OCEAN PKWY,1577.643418120806,146497.4100576253,False
2010-06-09 00:00:00+00:00,Adopted,080157zmx,080157,CROTONA TERRACE,1485.2096362589214,122173.48535184543,False
2001-02-07 00:00:00+00:00,Adopted,000679zmk,000679,FULTON ST/ATLANTIC VILLAGE REZONING,3283.4868491738407,269653.60732615506,False
1996-06-25 00:00:00+00:00,Adopted,960361zmk,960361,BROWNSVILLE II,2608.2634721681693,263516.287643671,False
1994-02-28 00:00:00+00:00,Adopted,910442zmx,910442,AMSCO AUTO WRECKING,1704.4283512037218,127032.38593989218,False
1989-02-09 00:00:00+00:00,Adopted,880600zmr,880600,DONGAN HILLS DOWNZONING,5430.940636913571,1781627.3454536598,False
2004-07-21 00:00:00+00:00,Adopted,040115zmq,040115,ROYAL RANCH REZONING,2602.931160208069,224499.7854189651,False
2014-05-14 00:00:00+00:00,Adopted,130336zmm,130336,TF Cornerstone-606 WEST 57TH STREET,1769.4679229612423,148303.10179006917,False
2021-12-09 00:00:00+00:00,Adopted,200299zmq,200299,Beach 79 Self Storage Rezoning,1494.0965251481148,125905.58226044856,True
1982-06-24 00:00:00+00:00,Adopted,820771zmm,820771,E. HARLEM COMM IMPROVEMENT INC,1804.4325414502678,188098.70888457703,False
1987-02-26 00:00:00+00:00,Adopted,870159zmk,870159,WINDSOR TERRACE DOWNZONING,9982.325059498342,2557385.6825268804,False
,Adopted,900172zmr,900172,VICTORY BLVD & SPARK PLACE,1336.764561826478,82290.11239625308,False
2019-03-13 00:00:00+00:00,Adopted,190143zmx,190143,Betances VI,961.5242169417636,47900.47996873717,False
2016-01-19 00:00:00+00:00,Adopted,160002zmk,160002,Van Sinderen Plaza,1665.7970108155212,111511.57081389756,False
2013-12-10 00:00:00+00:00,Adopted,140033zmx,140033,Kingsbridge National Ice Center,2521.3712544049813,418814.4989898228,False
,Adopted,900109zmx,900109,2338 BRUCKNER BLVD,1128.5805379454337,74746.78733987083,False
1989-05-04 00:00:00+00:00,Adopted,880753zmm,880753,HUDSON 42,2600.5848885855917,354557.97000230243,False
2004-08-12 00:00:00+00:00,Adopted,030449zmr,030449,TIDES AT CHARLESTON,6814.059606413096,2465680.5980095644,False
2017-07-20 00:00:00+00:00,Adopted,150402zmr,150402,125 EDGEWATER STREET,5361.076475503613,1712549.9247185497,False
1989-10-12 00:00:00+00:00,Adopted,890665zmr,890665,"SOUTH RAILROAD AVE, JACQUES AVE, ED",5691.715380236372,1838965.1344020786,False
1990-02-22 00:00:00+00:00,Adopted,900258zmk,900258,"3RD AVE, PROSPECT EXPRESSWAY, 5TH A",13686.588722540837,6618176.289393691,False
1998-05-13 00:00:00+00:00,Adopted,980163zmm,980163,MILBANK FRAWLEY CIRCLE W URA,1917.7669666268666,211222.23852995175,False
2007-07-25 00:00:00+00:00,Adopted,070409zmx,070409,WAKEFIELD/EASTCHESTER REZONING,66191.2757876636,18110600.073964987,False
2001-08-22 00:00:00+00:00,Adopted,970578zmx,970578,LANDING RD REZONING,1359.9661855500563,101382.08577378182,False
,Adopted,800850zmq,800850,"ATLANTIC,94TH AVES, 124TH, 125TH ST",1191.497308225189,86600.7658126394,False
2001-02-07 00:00:00+00:00,Adopted,000024zmk,000024,NEWSWALK (FORMER DAILY NEWS BLDG),2927.4460905315186,245606.39948620825,False
,Adopted,900108zmr,900108,NEW DORP REZONING,8066.770857873042,4692501.358450266,False
1985-07-18 00:00:00+00:00,Adopted,840361zmr,840361,TOMPKINS CIRCLE BET WARD & FIEDLER,3117.1185876977124,604313.9953780784,False
2008-02-27 00:00:00+00:00,Adopted,050236zmk,050236,DAHILL RD,1655.4552065976031,101744.39640687888,False
2001-12-11 00:00:00+00:00,Adopted,010615zmk,010615,SCHAEFER BREWERY,1869.4249460150681,198184.29719753392,False
2005-06-23 00:00:00+00:00,Adopted,050162azmm,050162a,WEST CHELSEA/HIGH LINE,9538.506295185347,3039833.3579840073,False
,Adopted,910105zmq,910105,SAINT SAVIOURS AREA REZONING,5469.682113371568,1988487.3730400149,False
1983-07-21 00:00:00+00:00,Adopted,830867zmk,830867,ATLANTIC TERMINAL URA,2204.436949611653,289941.43314987334,False
2009-09-30 00:00:00+00:00,Adopted,090444zmk,090444,NAVY GREEN,1661.9853240324583,153550.88885589156,False
,Adopted,880214zmk,880214,OCHAL DOG GROOMING (REZONING),699.1023520623326,29313.641025046578,False
2008-03-26 00:00:00+00:00,Adopted,080213zmk,080213,GRAND STREET REZONING,7520.963282480829,1276035.8257451493,False
,Adopted,780361zmr,780361,"HYLAN BLVD,STOBE AVE,JOYCE ST & SEA",1851.4503942462486,195094.33454247698,False
1983-12-15 00:00:00+00:00,Adopted,830873zmk,830873,S/S MYRTLE AVE FROM E.HALL ST & GRA,1107.2258347087532,68850.52276144268,False
,Adopted,870384zmr,870384,ROSEBANK REZONING,3020.796447564277,524401.3952416305,False
2022-09-29 00:00:00+00:00,Adopted,210394zmq,210394,231-06 Northern Boulevard Commercial Overlay,1831.5154481494633,133903.4853420114,True
1996-09-26 00:00:00+00:00,Adopted,930296zmk,930296,COLUMBIA STREET URA,650.0510983750245,24551.657265250324,False
1990-05-24 00:00:00+00:00,Adopted,900035zmk,900035,330 JAY ST,2490.595054944329,386487.97127939627,False
2019-11-14 00:00:00+00:00,Adopted,190124zmq,190124,44-01 Northern Boulevard,1420.0598410734267,103272.79623188016,False
2011-06-14 00:00:00+00:00,Adopted,110177zmm,110177,WEST CLINTON REZONING,10250.307096650313,2983686.2371288408,False
2014-03-12 00:00:00+00:00,Adopted,120178zmq,120178,Union Turnpike Rezoning,1785.148180694799,177551.0533624156,False
1981-06-11 00:00:00+00:00,Adopted,801004zmk,801004,"NEPTUNE AVE, W21ST ST, MERMAID AVE,",2238.564767982109,311742.92603771866,False
1980-10-23 00:00:00+00:00,Adopted,800248zmk,800248,VANDALIA AVE BET LOUISIANA & PENNSY,2136.312001251222,242305.7188552402,False
2006-08-16 00:00:00+00:00,Adopted,060323zmq,060323,SILVERCUP WEST,2525.951320728593,391803.56465139135,False
2005-10-27 00:00:00+00:00,Adopted,050190zmq,050190,HORACE HARDING EXPWAY REZONING,2775.1510587035527,137253.87992647986,False
2002-10-23 00:00:00+00:00,Adopted,020498zmm,020498,COOPER UNION GLSD,1798.672299161146,181477.66506227347,False
1992-03-26 00:00:00+00:00,Adopted,920065zmq,920065,KEW GARDEN HILLS REZONING,15773.899930249314,6358787.548143759,False
2009-05-20 00:00:00+00:00,Adopted,090250zmk,090250,CONEY ISLAND COMMONS,1487.6014363494264,133047.1572511905,False
2004-09-28 00:00:00+00:00,Adopted,040515zmx,040515,CENTRAL RIVERDALE/SPUYTEN DUYVIL,16990.221276034354,5607943.12226663,False
2004-12-07 00:00:00+00:00,Adopted,050043zmx,050043,NORTH RIVERDALE REZONING,14896.680245328442,5746332.108814001,False
2003-12-15 00:00:00+00:00,Adopted,030298zmk,030298,2092 STILLWELL AVE,1558.6194529597665,101497.55012383309,False
2010-05-25 00:00:00+00:00,Adopted,100199zmq,100199,ASTORIA REZONING,53500.14245478331,39405121.51703055,False
2018-04-25 00:00:00+00:00,Adopted,180112zmm,180112,West 108th St WSFSSH,1472.7115636166957,79636.35564331115,False
2021-12-15 00:00:00+00:00,Adopted,210462zmk,210462,Brooklyn Navy Yard,15595.730987579145,11835745.6317096,True
2016-11-16 00:00:00+00:00,Adopted,150312zmx,150312,Concourse Village West Rezoning,2480.1557984234614,333576.61050471745,False
2002-03-13 00:00:00+00:00,Adopted,000188zmq,000188,129TH ST REZONING,1221.571573104739,75567.17207447632,False
2025-10-29 00:00:00+00:00,Adopted,250294zmx,250294,Kingsbridge Armory Redevelopment,2471.6709853908837,410914.44158083614,False
2004-09-09 00:00:00+00:00,Adopted,040206zmr,040206,SOUTHERN GREAT KILLS,11070.282044090147,4530843.262026121,False
1994-06-09 00:00:00+00:00,Adopted,940227zmx,940227,MELROSE COMMONS,7362.110044821541,3804989.246362956,False
1989-12-21 00:00:00+00:00,Adopted,880888zmr,880888,STATEN ISLAND ADVANCE,1117.3213910716076,65435.197704586426,False
1980-02-07 00:00:00+00:00,Adopted,790523zmr,790523,JERSEY ST BET CRESENT & BENZIGER AV,3188.049529852202,497099.89763058675,False
2021-03-18 00:00:00+00:00,Adopted,180496zmk,180496,1620 Cortelyou Road Rezoning,881.733585674946,40532.31904817391,False
2001-12-19 00:00:00+00:00,Adopted,000649zmm,000649,MUSEUM OF MODERN ART EXPANSION,1585.1184757140181,114998.46796945663,False
2017-10-17 00:00:00+00:00,Adopted,170377zmx,170377,1675 Westchester Avenue - Rezoning,1076.027996861962,57322.510848300444,False
,Adopted,870371zmk,870371,FREEMAN ST URA,665.3929415705968,27525.172762941987,False
1989-11-16 00:00:00+00:00,Adopted,890853zmq,890853,ROCKAWAY PARK REZONING,10184.74001285202,5797415.336195748,False
1983-12-01 00:00:00+00:00,Adopted,830859zmr,830859,PIELS BREWERY,2780.880697182756,453738.47261663206,False
2005-12-21 00:00:00+00:00,Adopted,060062zmr,060062,NEW DORP LANE REZONING,5069.711880751637,777985.540613806,False
2020-12-10 00:00:00+00:00,Adopted,200033zmq,200033,Special Flushing Waterfront District,6322.652780918601,1507245.7579222575,False
2021-06-30 00:00:00+00:00,Adopted,190118zmx,190118,909 Castle Hill Avenue Rezoning,987.4437620255413,47268.4206409705,False
1980-08-21 00:00:00+00:00,Adopted,800324zmm,800324,"125TH ST SHOPPING MALL, F. DOUGLASS",1785.7943057927207,191738.4761619497,False
,Adopted,890248zmk,890248,METROPOLITAN JEWISH GERIATRIC CNTR,1891.3135216062547,218817.20524532496,False
,Adopted,880682zmq,880682,ST MARKS STORES,1209.3931368153485,82503.15806127618,False
,Adopted,870394zmr,870394,BRYANT AVE REZONING,6231.316599747054,2356608.1671602987,False
2005-07-27 00:00:00+00:00,Adopted,050143zmr,050143,GREAT KILLS & TOTTENVILLE WATERFRNT,14537.87017303297,5405806.844353735,False
1981-04-09 00:00:00+00:00,Adopted,800459zmm,800459,No Project Name,35935.41641725915,14810989.931416867,False
2017-09-07 00:00:00+00:00,Adopted,170243azmq,170243a,Downtown Far Rockaway Rezoning,9792.264793921675,2755323.8507520356,False
,Adopted,890213zmq,890213,LA GUARDIA HOLIDAY INN,2695.2022938170476,423941.05988568347,False
2017-10-31 00:00:00+00:00,Adopted,170400zmk,170400,Tillary and Prince Streets Rezoning,1001.1685946844509,62327.94448973925,False
2021-10-21 00:00:00+00:00,Adopted,190260zmq,190260,48-18 Van Dam Street Rezoning ,1433.093038745277,116080.56208882635,True
2005-01-19 00:00:00+00:00,Adopted,020573zmk,020573,LUTHERAN MEDICAL CENTER,2395.490128757676,281652.1464139206,False
2007-09-25 00:00:00+00:00,Adopted,030093zmk,030093,12TH AVE REZONING,903.2837215595424,49788.8617614006,False
2011-05-11 00:00:00+00:00,Adopted,110145zmq,110145,SOUTH JAMAICA,116747.83186886994,75097144.82224445,False
2010-02-03 00:00:00+00:00,Adopted,090397zmx,090397,WEBSTER AVENUE RESIDENTIAL DEV,2673.8397594220496,247987.74663133323,False
2010-10-13 00:00:00+00:00,Adopted,100277zmm,100277,SUGAR HILL PROJ,1171.816761422319,84957.30721271539,False
2001-05-23 00:00:00+00:00,Adopted,820995zmq,820995,HILTON HOTEL,2444.179291522969,412800.320202948,False
2017-10-17 00:00:00+00:00,Adopted,170180azmq,170180a,135-01 35th Ave Rezoning,945.4974841175707,49563.17330730826,False
2025-07-14 00:00:00+00:00,Adopted,230064zmk,230064,North 7th Street Rezoning,925.38080974521,43391.90643204152,True
2019-11-26 00:00:00+00:00,Adopted,190305zmk,190305,6003 8th Avenue,655.0097994837117,26242.788926679903,False
,Adopted,900908zmk,900908,CULVER EL - SITE 1,2602.5702708559747,415221.2209225836,False
,Adopted,870966zmk,870966,LYNCH STREET URA,1754.1117175455188,138627.69126166654,False
2001-10-31 00:00:00+00:00,Adopted,010652zmm,010652,PENN CENTER SUBDISTRICT,4723.896207021493,426259.5094936066,False
2009-12-21 00:00:00+00:00,Adopted,090433zmm,090433,WESTERN RAIL YARDS,3398.206006756646,719816.9367304227,False
1989-01-26 00:00:00+00:00,Adopted,880691zmq,880691,HOLLIS CENTER,1701.3608215462857,180702.00468080107,False
,Adopted,780254zmq,780254,"SAYRES AVE,167TH ST.LINDEN BLVD",1887.4919122615192,212358.98577217944,False
1982-09-16 00:00:00+00:00,Adopted,820927zmm,820927,LINCOLN WEST,10108.95030621129,5529713.283571786,False
2021-10-21 00:00:00+00:00,Adopted,210324zmm,210324,495 Eleventh Ave (Slaughterhouse),853.8040576411865,43798.918652161694,True
2024-03-19 00:00:00+00:00,Adopted,230306zmq,230306,21-17 37th Avenue Rezoning,853.5276493355443,37456.22817173053,True
2009-04-02 00:00:00+00:00,Adopted,090079zmk,090079,GATEWAY ESTATES II,15169.673923400747,12176013.435533179,False
2022-04-07 00:00:00+00:00,Adopted,210213zmq,210213,97-04 Sutphin Boulevard Rezoning,715.3996515530804,26080.877396563592,True
2017-06-21 00:00:00+00:00,Adopted,170256zmq,170256,Broad Channel Resiliency Rezoning,24301.729449648017,21464362.325833973,False
,Adopted,870362zmm,870362,EAST END TEMPLE,2099.147605270453,265892.32326751226,False
,Adopted,930419zmq,930419,BELL/NORTHERN BLVDS REZONING,13992.366869353138,10767734.631285483,False
,Adopted,780085zmx,780085,DELAFIELD ESTATES,1987.1096764664262,232082.8881811256,False
2025-10-29 00:00:00+00:00,Adopted,250064zmk,250064,74 Bogart Street Rezoning,1439.056080616575,119322.85950725562,False
2021-05-27 00:00:00+00:00,Adopted,210127zmm,210127,Governors Island Rezoning- South Island,8469.045814108673,4292055.942454955,False
2003-08-19 00:00:00+00:00,Adopted,020190zmr,020190,ZBK RETAIL,860.3757355789695,42502.416381915755,False
2007-03-28 00:00:00+00:00,Adopted,050414zmm,050414,W145TH ST REZONING,1063.514586978413,64100.00172619561,False
1998-05-13 00:00:00+00:00,Adopted,980246zmm,980246,VINCENT CYRUS PLAZA,847.6670110827955,36451.01884772266,False
2009-05-06 00:00:00+00:00,Adopted,910478zmk,910478,BRIGHTON-BY-THE-SEA,4192.81458226169,969803.5247866552,False
1998-04-28 00:00:00+00:00,Adopted,970708zmm,970708,E61ST REALTY,1844.013001930869,192734.21309526655,False
1991-02-07 00:00:00+00:00,Adopted,900642zmr,900642,OLD TOWN REZONING,6777.94575814173,3114067.8875528295,False
1994-10-12 00:00:00+00:00,Adopted,930291zmk,930291,S/E BKLYN BUS FACILITY,3037.530229085249,563538.8717346137,False
1988-02-11 00:00:00+00:00,Adopted,861180zmm,861180,ASPCA SITE,1075.5661741410909,59684.02379984439,False
2021-11-23 00:00:00+00:00,Adopted,210351zmm,210351,New York Blood Center,1615.8839324346575,140581.586124978,True
2022-12-07 00:00:00+00:00,Adopted,220429zmk,220429,Livonia4,808.7249952762775,36226.8979214086,True
1982-08-19 00:00:00+00:00,Adopted,800997zmm,800997,630 1ST AVE BET E36TH & E37TH STS,1430.740299640029,128501.27395844905,False
1979-09-27 00:00:00+00:00,Adopted,780536zmk,780536,"OSBORN ST,LOTT AVE & NEWPORT ST",1265.2797399091762,46484.78779619521,False
1986-09-11 00:00:00+00:00,Adopted,860684zmm,860684,1ST AVE REZONE,2932.4049244226026,526202.7507821469,False
2010-10-13 00:00:00+00:00,Adopted,070550zmx,070550,HIGH HAWK,1400.3240053826016,76299.85803938302,False
1988-02-11 00:00:00+00:00,Adopted,870731zmk,870731,EAST NEW YORK II URA,8621.36811050494,5034202.353552837,False
2009-07-29 00:00:00+00:00,Adopted,090382zmq,090382,MIDDLE VILLAGE/GLENDALE/MASPETH,107905.17600800881,33895818.2403658,False
1998-08-06 00:00:00+00:00,Adopted,980480zmm,980480,HUDSON ST/ERICSSON PL,2274.187015498965,240729.0048903561,False
1981-12-03 00:00:00+00:00,Adopted,810498zmk,810498,"4TH AVE, 5TH AVE, BALTIC & BUTLER S",1553.4541252907345,65522.241983964006,False
2021-11-10 00:00:00+00:00,Adopted,210339zmx,210339,Morris Avenue Rezoning,490.0141577709717,12250.348269442595,True
2011-10-05 00:00:00+00:00,Adopted,100310zmx,100310,CROTONA PARK E/W FARM,12417.270704494205,1603475.1412204937,False
2002-06-05 00:00:00+00:00,Adopted,020248zmq,020248,JAMAICA MID-BLOCK DEV PROJ,1147.861163035629,81634.11218113886,False
2026-02-24 00:00:00+00:00,Adopted,240297zmq,240297,217-14 24th Avenue Rezoning,1412.3198514675141,110696.23301007974,False
2008-01-09 00:00:00+00:00,Adopted,060320zmx,060320,UNIVERSITY HEIGHTS REZONING,4542.120023064838,625837.119334465,False
1997-02-11 00:00:00+00:00,Adopted,960199zmr,960199,RICHMOND/STEINWAY AVES REZONING,1523.2786268825803,127347.27791776486,False
1982-09-30 00:00:00+00:00,Adopted,820965zmq,820965,WILLETS PT BLVD & CROSS ISLAND PKWY,12018.657925396106,9260548.304376975,False
2021-10-21 00:00:00+00:00,Adopted,210025zmq,210025,Broadway and 11th Street Rezoning,1173.91510307493,84586.27134219799,True
2024-02-08 00:00:00+00:00,Adopted,230091zmq,230091,Whitestone Lanes Rezoning,1778.5098265082224,118685.22510257209,True
2006-03-22 00:00:00+00:00,Adopted,060179zmx,060179,PELHAM BAY REZONING,23441.271184096062,4301453.338464119,False
2001-05-09 00:00:00+00:00,Adopted,000109zmk,000109,FLUSHING/BEDFORD REZONING,12354.791364532422,2442748.1618665294,False
2021-04-22 00:00:00+00:00,Adopted,200029zmk,200029,737 Fourth Avenue Rezoning,1079.1736167801685,70316.95016451964,False
,Adopted,900891zmk,900891,FRESH CREEK ESTATES,3784.3127102018807,856242.8563372333,False
2015-02-26 00:00:00+00:00,Adopted,140288zmk,140288,5402 FORT HAMILTON PARKWAY,1912.4999810436875,213397.3787994375,False
,Adopted,820011zmq,820011,"31TH ST, DITMARS BLVD, 33ND ST, AND",949.071748261361,58111.38998205184,False
2016-10-13 00:00:00+00:00,Adopted,160351zmq,160351,Seagirt Blvd. Rezoning,1474.9772423360257,135220.66652103647,False
2005-09-28 00:00:00+00:00,Adopted,040326zmx,040326,EAST TREMONT/HONEYWELL AVE REZONING,769.7037888533204,28775.526274452488,False
2002-01-30 00:00:00+00:00,Adopted,010185zmq,010185,EAGLE ELECTRIC BLDG,1425.919826677364,122600.16444693293,False
2018-02-14 00:00:00+00:00,Adopted,180031zmx,180031,425 Grand Concourse - Former PS 31,924.7479468906893,53424.222592302845,False
,Adopted,770602zmk,770602,PORTION OF 82 ST (ON THE N/S OF 57,4214.037057447763,947634.9142268533,False
1987-08-19 00:00:00+00:00,Adopted,870608zmx,870608,MT EDEN HOUSING FOR SINGLES,1469.8414479229918,132291.18099193252,False
1978-12-21 00:00:00+00:00,Adopted,760154zmr,760154,HYLAN BLVD,819.8569727009082,40084.30705700302,False
,Adopted,900369zmr,900369,CORAL LANES REZONING,2747.725150394047,444580.8077786438,False
2004-11-10 00:00:00+00:00,Adopted,040443zmm,040443,HARLEM PARK/MARRIOTT COURTYARD,1790.7835637167325,160556.1054293093,False
1994-02-09 00:00:00+00:00,Adopted,930136zmm,930136,UPPER EAST SIDE REZONING,23589.66682365019,25807520.21487122,False
,Adopted,890367zmq,890367,EAST RIVER TENNIS CLUB,2387.756890940198,320811.5787689828,False
2025-12-18 00:00:00+00:00,Adopted,250300zmm,250300,MTA 125th and Lexington Rezoning,1576.1335669935092,142404.5134386062,False
2025-05-28 00:00:00+00:00,Adopted,230128zmk,230128,210 Coney Island Avenue Rezoning,1034.5181671333553,57282.192903846684,True
1984-05-24 00:00:00+00:00,Adopted,840236zmm,840236,"W/S HIGH DENSITY AVE (R10A), COLUMB",26433.13991504409,35245573.46299141,False
2013-07-24 00:00:00+00:00,Adopted,130190zmm,130190,SPECIAL GOVERNORS ISLAND DISTRICT,9233.984672438393,6066987.337446559,False
1978-07-20 00:00:00+00:00,Adopted,770543zmm,770543,No Project Name,646.8836318951065,26021.924289508737,False
2017-05-10 00:00:00+00:00,Adopted,160221zmk,160221,Rose Castle Rezoning,2256.9020535857762,162194.41489236447,False
,Adopted,810425zmq,810425,FLUSHING MEADOW-CORONA PK,944.8542515563113,55493.178781921924,False
2006-08-16 00:00:00+00:00,Adopted,060411zmq,060411,MIDDLE VILLAGE FOLLOW UP REZONING,12834.008638589223,3118112.4785770606,False
1990-10-25 00:00:00+00:00,Adopted,900011zmq,900011,80-03 QUEENS BLVD,1381.7784049171037,110677.90199871981,False
1999-04-28 00:00:00+00:00,Adopted,980598zmm,980598,202 SPRING STREET,893.1143114408156,45725.33468443174,False
,Certified,260060zmm,260060,Dewitt Clinton Park North (629 West 54th Street),2730.9313815154865,214398.80891114002,False
1996-11-26 00:00:00+00:00,Adopted,960569zmq,960569,ST ALBANS AREA B REZONING,7254.554630112726,3351588.9061214137,False
2010-10-13 00:00:00+00:00,Adopted,100407zmx,100407,THIRD AVE-TREMONT AVE CORRIODORS,26298.86741607293,6568938.507926705,False
2009-07-29 00:00:00+00:00,Adopted,090310zmk,090310,DUMBO REZONING,4423.830138015874,920791.3690562687,False
2018-04-11 00:00:00+00:00,Adopted,180095zmk,180095,35 Underhill Avenue Rezoning,746.2087557713478,19358.774149538734,False
2022-08-11 00:00:00+00:00,Adopted,220220zmm,220220,The Lirio/MTA Site - 806 9th Avenue,1675.1310601397445,125654.93437169582,True
1979-12-20 00:00:00+00:00,Adopted,790444zmk,790444,78TH ST BET ASTORIA BLVD & 24TH AVE,739.0692961546574,37210.354034372365,False
1986-06-17 00:00:00+00:00,Adopted,850625zmk,850625,"BEDFORD AVE - N3RD ST URA, SITE 5",2362.7223028098942,209191.6615747417,False
2015-03-31 00:00:00+00:00,Adopted,120403zmq,120403,Xu Hotel and Residences,1309.172573326186,106719.40762984802,False
2006-06-29 00:00:00+00:00,Adopted,060294zmq,060294,MASPETH-WOODSIDE,51946.48894420887,20143471.414806113,False
1997-02-25 00:00:00+00:00,Adopted,960516zmr,960516,TOTTENVILLE REZONING,23728.308941714597,36049967.59185037,False
1986-09-25 00:00:00+00:00,Adopted,860583zmk,860583,GRAHAM AVE MERCHANT ASSOC PKG LOT,726.8074617380814,31914.32869461965,False
2007-07-25 00:00:00+00:00,Adopted,070387zmk,070387,DYKER HEIGHTS/FT HAMILTON REZONING,30217.50428184625,29706748.31801424,False
1977-10-20 00:00:00+00:00,Adopted,770168zmx,770168,208-216 E82TH ST,2033.2601858982139,258027.5862086022,False
2026-03-10 00:00:00+00:00,Adopted,260038zmk,260038,395 Flatbush Avenue Ext. Redevelopment,1365.5056792088974,93861.73566022317,False
2018-03-21 00:00:00+00:00,Adopted,170299zmq,170299,35-10 Astoria Boulevard South Rezoning,833.381817393039,36408.5291626226,False
2023-09-28 00:00:00+00:00,Adopted,220456zmr,220456,125 Greaves Lane,1348.7395115252814,74305.38361559299,True
1981-01-15 00:00:00+00:00,Adopted,800932zmx,800932,"ARLINGTON AVE, DODGER'S ST, INDEPEN",3544.5496774143658,546277.8177824598,False
2006-06-13 00:00:00+00:00,Adopted,020518zmk,020518,KEDEM WINERY,2319.23385892195,331558.43925158936,False
1983-09-15 00:00:00+00:00,Adopted,830146zmk,830146,5002-5026 13TH AVE BET 50TH & 51TH,1129.5451800066198,79593.85027177073,False
2011-04-06 00:00:00+00:00,Adopted,900604zmx,900604,SEA BREEZE ESTATES,1448.5627479947007,129655.17431098604,False
2016-11-16 00:00:00+00:00,Adopted,160030zmk,160030,141 Willoughby Avenue,1081.4110637234314,59069.079935680835,False
1997-10-29 00:00:00+00:00,Adopted,970742zmq,970742,QUEENS FAMILY COURT,2293.005659221671,291767.95781407785,False
2021-09-23 00:00:00+00:00,Adopted,210249zmk,210249,840 Atlantic Avenue Rezoning,1148.324541119855,70718.37702780923,False
2000-10-12 00:00:00+00:00,Adopted,000310zmr,000310,ELTINGVILLE-GREAT KILLS REZONING,51598.27682730361,26472011.138058983,False
2008-09-24 00:00:00+00:00,Adopted,060467zmq,060467,88TH ST REZONING,1309.789869393166,106287.12611208243,False
2021-12-09 00:00:00+00:00,Adopted,210200zmq,210200,31st Street and Hoyt Ave. Rezoning,2400.7370176815775,148075.69419205308,True
,Certified,240283zmk,240283,862-868 Kent Avenue,953.4128444660519,56810.333740702816,False
2021-05-27 00:00:00+00:00,Adopted,210049zmk,210049,300 Huntington Street,1543.3198592188828,141425.92190074886,False
2017-12-19 00:00:00+00:00,Adopted,170445zmx,170445,1776 Eastchester Road - Montefiore Staff Housing,4801.181339193567,804534.9122305703,False
1981-08-20 00:00:00+00:00,Adopted,801025zmm,801025,"MADISON ST, OLIVER ST, PIKE ST",6448.590617247442,1480649.2474016228,False
2010-04-14 00:00:00+00:00,Adopted,080339zmk,080339,ROSE PLAZA ON THE RIVER,2139.085291140865,251467.46068512392,False
2022-06-02 00:00:00+00:00,Adopted,200246zmq,200246,146-93 Brewer Blvd. Rezoning,846.5927913634125,39155.620302715826,True
2017-07-20 00:00:00+00:00,Adopted,170070zmk,170070,1350 Bedford Avenue Rezoning,1017.3618958659414,60851.51140409056,False
,Adopted,830178zmk,830178,COLUMBIA ST URA,2246.205119363479,270165.04756106454,False
2025-10-09 00:00:00+00:00,Adopted,250221zmx,250221,Claremont House: 1640 Anthony Avenue,698.8220638413102,29155.738318361968,False
2023-05-11 00:00:00+00:00,Adopted,220283zmx,220283,2560 Boston Road Rezoning,1431.483923916729,91146.72894676312,True
2009-07-29 00:00:00+00:00,Adopted,090319zmq,090319,SPEC COLLEGE PT DIST,25343.902184185834,23237750.151623517,False
2021-03-18 00:00:00+00:00,Adopted,200178zmq,200178,91-32 63rd Drive,703.257867932492,29080.45347508574,False
1988-09-08 00:00:00+00:00,Adopted,870212azmx,870212a,FORDHAM LANDING,2585.9916139356374,374286.1816682935,False
2021-12-09 00:00:00+00:00,Adopted,210041zmm,210041,45-20 83rd Street Rezoning,1197.631659017121,67716.93470660344,True
2025-09-25 00:00:00+00:00,Adopted,240252zmk,240252,1946 East 7th Street Rezoning,509.69303858626927,15503.29676344502,True
2019-04-09 00:00:00+00:00,Adopted,180481zmm,180481,245 East 53rd Street Rezoning,1203.1185779678926,85398.9183608677,False
1984-09-13 00:00:00+00:00,Adopted,840514zmk,840514,602-18 DRIGGS AVE,862.8423021461332,42692.457107553615,False
2019-02-13 00:00:00+00:00,Adopted,180083zmx,180083,241st Street Rezoning,1765.3518093874868,168103.33651027433,False
1981-08-20 00:00:00+00:00,Adopted,810173zmq,810173,47-40 21ST ST,1952.0151920233247,210596.4912309264,False
2008-04-30 00:00:00+00:00,Adopted,080141zmk,080141,WATKINS ST COOPS,1658.1522288399728,100904.33291037893,False
2022-07-14 00:00:00+00:00,Adopted,200228zmx,200228,4541 Furman Avenue Rezoning,1562.2441229720562,135133.9432998996,True
2012-05-31 00:00:00+00:00,Adopted,120165zmx,120165,CROSSROADS PLAZA,1462.433048612731,104990.60992432284,False
2003-12-03 00:00:00+00:00,Adopted,020420zmr,020420,SIBP REZONING/NORTHEAST MID-ISLAND,67676.74173209004,51473393.13100775,False
2018-06-28 00:00:00+00:00,Adopted,180096zmk,180096,142-150 S Portland Ave - Hanson Pl Church Rezoning,517.3315146857199,16660.26522535737,False
2004-03-10 00:00:00+00:00,Adopted,030066zmx,030066,WESTCHESTER AVENUE REZONING,435.60907102072315,12262.317730152463,False
2003-08-19 00:00:00+00:00,Adopted,020263zmk,020263,BRIDGE PLAZA REZONING,4614.806461604063,925494.3970926559,False
2024-03-07 00:00:00+00:00,Adopted,230289zmk,230289,230 Kent Avenue Rezoning,474.8710347751458,12427.737914752743,True
,Adopted,900580zmk,900580,PARK SLOPE NORTH REZONING,11959.06473461598,9168080.138853515,False
,Adopted,910400zmk,910400,L.I. COLLEGE HOSP PKING GARAGE,560.2267604741761,17871.937645502785,False
2021-05-12 00:00:00+00:00,Adopted,210130zmk,210130,Resilient Neighborhoods: Gerritsen Beach,14089.837231791604,8142372.98360436,False
2021-01-06 00:00:00+00:00,Adopted,200086zmk,200086,1501-1555 60th Street Rezoning,1303.064821766651,84392.94300297432,False
2019-10-17 00:00:00+00:00,Adopted,180036zmq,180036,38th St- 35th Ave Rezoning,1281.878096558386,99102.19339164655,False
2018-12-20 00:00:00+00:00,Adopted,180347zmk,180347,Franklin Avenue Rezoning,2222.5787598677075,266733.552733153,False
1990-02-22 00:00:00+00:00,Adopted,900052zmm,900052,CONVENTION CENTER SPEC DIST,10836.844767069979,2680435.42014772,False
1990-08-16 00:00:00+00:00,Adopted,900613zmm,900613,SPECIAL CLINTON DISTRICT,10614.880219560731,961936.310762668,False
2020-08-27 00:00:00+00:00,Adopted,190256zmk,190256,Grand Ave and Pacific St Rezoning,819.8448274687879,36667.197604027664,False
,Adopted,851074zmk,851074,BROOKLYN RENAISSANCE PLAZA,1944.5526702668228,236145.5232493144,False
2013-02-06 00:00:00+00:00,Adopted,120396zmm,120396,durst w 57th street,1380.0283718745213,74406.785371706,False
2014-04-10 00:00:00+00:00,Adopted,140037zmq,140037,Braddock Hillside Rezoning,1298.1936920582687,104685.89230766789,False
2021-12-09 00:00:00+00:00,Adopted,210119zmk,210119,506 Third Avenue,1318.8453857690024,72601.81886625613,True
1990-01-11 00:00:00+00:00,Adopted,880703zmm,880703,WEST 53RD ST REZONING (FOLK ART),795.4380286831657,38773.5971739154,False
2025-03-26 00:00:00+00:00,Adopted,240186zmq,240186,123-12 Sutphin Boulevard Rezoning,1583.587361914672,67515.52967609173,True
1994-08-24 00:00:00+00:00,Adopted,940315zmm,940315,475 NINTH AVE,1207.326855684826,90524.54004103516,False
2019-03-13 00:00:00+00:00,Adopted,060432zmq,060432,Douglaston Parkway Rezoning,1969.2126988692135,157598.77866453136,False
2025-02-13 00:00:00+00:00,Adopted,240342zmm,240342,455 First Avenue,1161.4682522697203,82640.9878871032,True
2016-10-27 00:00:00+00:00,Adopted,160251zmx,160251,147 Street Rezoning,2052.2210997988145,189345.39252384583,False
2006-02-15 00:00:00+00:00,Adopted,060129zmk,060129,HOMECREST REZONING,30186.954160848327,9745472.482144639,False
2019-06-26 00:00:00+00:00,Adopted,190113zmr,190113,Bay Street Corridor,10791.668926154343,2168256.7811868433,False
,Certified,250248zmk,250248,2950 West 24th St Rezoning,2291.6815870422556,162911.81073499893,False
1979-06-08 00:00:00+00:00,Adopted,780550zmq,780550,"157TH AVE,102ND ST,IND SUBWAY,103TH",3002.975414207739,296066.18881021027,False
2005-11-16 00:00:00+00:00,Adopted,060054zmk,060054,SOUTH PK SLOPE REZO & TEXT AMEND,16255.589740083655,9412685.181091446,False
1985-08-15 00:00:00+00:00,Adopted,850572zmk,850572,BK NAVY YD RESOURCE RECOVERY FACLTY,3530.1804484707022,535936.7002197601,False
2000-06-28 00:00:00+00:00,Adopted,000221zmq,000221,QUEENS CENTER EXPANSION,3933.1100818841846,694471.3583920124,False
2018-09-12 00:00:00+00:00,Adopted,160401zmr,160401,5 Bement Avenue,967.7043355312238,57036.08949477244,False
2003-11-06 00:00:00+00:00,Adopted,030436zmm,030436,FREDERICK DOUGLAS BLVD REZONING,11497.128587001314,5848341.744827679,False
2006-04-26 00:00:00+00:00,Adopted,060210zmm,060210,MADISON PARK WEST,1970.1180415940466,201281.33355534126,False
2009-06-30 00:00:00+00:00,Adopted,090303zmx,090303,LOWER CONCOURSE,16822.201714607756,5075237.825775952,False
,Adopted,870568zmq,870568,THE GARDENS AT FOREST HILLS,3077.816820651987,574109.9072343362,False
2025-08-14 00:00:00+00:00,Adopted,240275zmk,240275,347 Flushing Avenue Rezoning,1199.0028713521253,62830.77089155175,True
1994-09-22 00:00:00+00:00,Adopted,910513zmq,910513,PHILIPS FUNERAL HOME,1591.804985754643,107904.5983595371,False
1977-10-20 00:00:00+00:00,Adopted,770098zmk,770098,JENNINGS HALL,1657.2360512805267,117091.59659849743,False
2021-02-25 00:00:00+00:00,Adopted,200190zmq,200190,214-32 Hillside Avenue Rezoning,603.494502771237,20101.12673637347,False
2017-06-21 00:00:00+00:00,Adopted,170150zmx,170150,WATSON AVENUE REZONING,1234.6077311937947,93606.25393189397,False
,Adopted,840990zmm,840990,SOLOW EAST RIVER,1457.4161717298232,137123.32175089797,False
2005-06-08 00:00:00+00:00,Adopted,040509zmk,040509,FULTON ST REZONING,1190.5878037023808,70976.00186676694,False
2000-12-19 00:00:00+00:00,Adopted,000639zmq,000639,RIDGEWOOD REZONING,30688.512780759575,34734177.87794698,False
1991-07-30 00:00:00+00:00,Adopted,870154zmq,870154,PAM AM MOTOR INN EXPANSION,2734.6784729270894,322765.3825757357,False
,Adopted,870405zmk,870405,110 BOERUM PL BET PACIFIC & DEAN ST,907.1986540528497,50725.34928601199,False
1991-07-30 00:00:00+00:00,Adopted,900609zmr,900609,DONGAN HILLS/SEAVER CIVIC,4962.248472156054,1637481.36015104,False
1996-03-21 00:00:00+00:00,Adopted,950540azmk,950540a,MILL BASIN REZONING,7557.11698866232,2466464.829354507,False
,Adopted,860294zmq,860294,EASTPOINT CONDO,3713.5210533900517,676651.0222020277,False
2008-06-29 00:00:00+00:00,Adopted,080219zmm,080219,W127TH ST,1374.9717878843765,110765.35874590266,False
2022-10-12 00:00:00+00:00,Adopted,220133zmq,220133,78-46 Metropolitan Avenue Rezoning,422.6743927465251,10179.453184970589,True
2013-11-14 00:00:00+00:00,Adopted,130271zmm,130271,HARLEM DOWLING,877.8675028224054,45986.22577522034,False
2003-09-30 00:00:00+00:00,Adopted,030467zmx,030467,CITY ISLAND REZONING,29819.366650967146,10512003.1348419,False
1981-07-23 00:00:00+00:00,Adopted,810124zmm,810124,"LINE MIDWAY BET W39TH & W40TH STS,",3728.6377811042466,773941.9000172296,False
1996-06-05 00:00:00+00:00,Adopted,950097zmq,950097,65TH RD REZONING,1156.300872431703,73472.82321175381,False
2021-11-10 00:00:00+00:00,Adopted,200296zmk,200296,1776 48th Street,728.8231336624112,27302.792743473536,True
2019-10-17 00:00:00+00:00,Adopted,100421zmq,100421,VERNON BOULEVARD REZONING,1524.5002572336195,124484.63632019541,False
1988-12-01 00:00:00+00:00,Adopted,880209zmk,880209,PROSPECT PK S/W REZONING,8182.959768166724,2487819.9716514805,False
1997-05-14 00:00:00+00:00,Adopted,960468zmm,960468,BRADHURST URA,1165.010498502033,83550.11560164086,False
2025-09-10 00:00:00+00:00,Adopted,240278zmx,240278,5602-5604 Broadway Rezoning,1236.9040137852053,92941.17933966158,True
2017-09-07 00:00:00+00:00,Adopted,170373zmr,170373,East Shore Phase I Buyout Areas,21060.532243609356,7746902.10136089,False
2004-08-12 00:00:00+00:00,Adopted,040273zmq,040273,HUNTERS POINT SUBDISTRICT REZONING,18989.04349455843,4672991.676231592,False
2021-11-10 00:00:00+00:00,Adopted,210151zmk,210151,270 Nostrand Avenue Rezoning ,1093.2695217861533,74681.07958635218,True
2016-11-29 00:00:00+00:00,Adopted,160365zmx,160365,1932 Bryant Avenue,1582.0012380877681,98888.79278728954,False
2016-11-29 00:00:00+00:00,Adopted,160285zmx,160285,Lambert Houses,5634.727899899732,596277.9257306947,False
2007-07-25 00:00:00+00:00,Adopted,060545zmk,060545,AM&G WATERPROOFING II,942.442928135305,43774.0797427304,False
2025-08-14 00:00:00+00:00,Adopted,240223zmq,240223,42-11 30th Avenue Rezoning,903.3663939548012,49853.71344812844,True
2016-10-13 00:00:00+00:00,Adopted,160033zmq,160033,Seagirt Blvd. Rezoning,999.5332708097894,45997.47148429761,False
2012-10-11 00:00:00+00:00,Adopted,120138zmq,120138,11-20 131ST STREET,688.8926576485663,26962.627037803693,False
2003-11-06 00:00:00+00:00,Adopted,030300zmk,030300,FULTON PARK URP,1649.9839381108693,145234.09388506462,False
2016-12-15 00:00:00+00:00,Adopted,160309zmm,160309,550 Washington St- Special Hudson River Park District,7107.2234191672815,1629108.410748875,False
2021-10-07 00:00:00+00:00,Adopted,200203zmm,200203,2840 Knapp Street Rezoning ,1408.7292620156072,114946.22300247599,True
1995-09-19 00:00:00+00:00,Adopted,940304zmm,940304,EASTSIDE REZONING,17440.957121855798,11942582.202601152,False
2011-04-06 00:00:00+00:00,Adopted,110097zmm,110097,1951 PARK AVENUE,1602.4409477407169,130720.30484121479,False
2009-02-11 00:00:00+00:00,Adopted,070137zmm,070137,PHIPPS PLAZA SO,1686.7937027699584,122346.78864944121,False
,Adopted,780188zmq,780188,SAGE DINER,866.4314045280653,41532.07945793341,False
2005-06-23 00:00:00+00:00,Adopted,050296zmk,050296,BENSONHURST REZONING,21537.0208508828,23769701.369815633,False
1990-02-08 00:00:00+00:00,Adopted,890070zmx,890070,MILEA TRUCKS,1325.3078707840552,85840.59649478002,False
2013-09-24 00:00:00+00:00,Adopted,130213zmk,130213,CROWN HEIGHTS WEST REZONING,14296.22067267196,9882134.51373647,False
2004-09-28 00:00:00+00:00,Adopted,040446zmq,040446,BROOKVILLE REZONING,2527.5295536086724,347948.8003196925,False
2008-10-07 00:00:00+00:00,Adopted,080333zmm,080333,E125TH ST DEV,2673.5446785584563,393983.07106810587,False
,Adopted,840260zmm,840260,LE GANS RESTAURANT,1962.5732899534908,240505.170652546,False
2003-12-03 00:00:00+00:00,Adopted,020636zmr,020636,SIBP REZONING/SOUTHEAST MID-ISLAND,94325.29665976168,64732641.1010175,False
1989-10-12 00:00:00+00:00,Adopted,890164zmr,890164,CENTRAL NEW DORP DOWNZONING III,5681.808165474409,1960017.314776143,False
2017-12-11 00:00:00+00:00,Adopted,170413zmx,170413,SHRW District Expansion,4551.997947503389,862719.9757738827,False
1995-02-15 00:00:00+00:00,Adopted,930399zmq,930399,AUBURNDALE REZONING,12468.354347778817,8658936.185023911,False
1979-12-06 00:00:00+00:00,Adopted,790065zmq,790065,"N/O RIVERSIDE DR,E/O 155 PL IN WHIT",2479.3786029425232,317271.90573022206,False
2000-06-23 00:00:00+00:00,Adopted,000126zmm,000126,OLD NAVY,1482.7280557218883,103563.03446275022,False
2012-09-12 00:00:00+00:00,Adopted,100041zmk,100041,59 WALTON STREET REZONING,2839.1083326672797,395676.6295022403,False
1978-03-02 00:00:00+00:00,Adopted,770522zmr,770522,"120 AVE,SUTPHIN BLVD,ROCKAWAY BLVD",2491.7477421967556,96436.38722329366,False
1991-06-20 00:00:00+00:00,Adopted,900661zmx,900661,MARBLE HILL REZONING,3283.829518213106,764227.5974794694,False
1991-07-30 00:00:00+00:00,Adopted,900610zmr,900610,DONGAN HILLS/BURGHER,4759.974705450051,1050442.638588282,False
,Adopted,870329zmk,870329,TURNING POINT,1308.9100966395913,106719.19986064493,False
1996-11-26 00:00:00+00:00,Adopted,960619zmq,960619,SKYLINE II REZONING,4573.930164279796,849601.1609221054,False
1995-09-06 00:00:00+00:00,Adopted,950297zmq,950297,BRIARWOOD  REZONING,19230.710776864526,13432391.993780816,False
,Adopted,890234zmq,890234,135TH AVE REZONING,1262.1089744183448,85586.40890830714,False
1997-10-14 00:00:00+00:00,Adopted,970463zmx,970463,HOSTOS COMMUNITY COLLEGE REZONING,6654.681586969555,1326276.9877845044,False
1989-12-21 00:00:00+00:00,Adopted,870057zmr,870057,PRINCE'S POINT,5311.1623125764745,1676918.1565296196,False
1985-03-28 00:00:00+00:00,Adopted,841073zmq,841073,"DNTR TIRE, INC",1317.4591195525254,108281.04844192852,False
2014-08-21 00:00:00+00:00,Adopted,140111zmq,140111, 18-70 WOODWARD AVENUE REZONING,2410.340355057717,249789.21951761184,False
2023-02-02 00:00:00+00:00,Adopted,220274zmq,220274,Reform Temple of Forest Hills Rezoning,937.4817233537283,54146.05425216118,True
2024-03-19 00:00:00+00:00,Adopted,230241zmm,230241,East 94th Street Rezoning,983.944986148309,47301.35046666596,True
2017-06-21 00:00:00+00:00,Adopted,170162zmq,170162,74-04 Northern Boulevard Rezoning,813.3297108056146,38330.257201857065,False
2019-05-29 00:00:00+00:00,Adopted,180530zmq,180530,47-15 34th Ave./Northern Blvd. Rezoning,1135.3588309133283,69281.27437605981,False
2010-10-13 00:00:00+00:00,Adopted,100036zmx,100036,THE CROSSINGS AT SOUTHERN BLVD,2117.7075969065645,177505.54944275075,False
2025-03-12 00:00:00+00:00,Adopted,240386zmm,240386,The Beacon,987.3564350459084,60602.91540331539,True
1986-02-06 00:00:00+00:00,Adopted,860184zmm,860184,S/S/O 26TH ST BET 11TH AVE & 12TH A,2043.8185917068456,218553.03865568803,False
1986-09-25 00:00:00+00:00,Adopted,860460zmq,860460,MIDDLE VILLAGE REZONING,7530.40571523886,2147075.7484061476,False
1987-09-17 00:00:00+00:00,Adopted,790440zmq,790440,IMPERIAL PLAZA,1608.1021187776641,159908.90010774456,False
2001-12-11 00:00:00+00:00,Adopted,010511zmm,010511,MUSEUM OF AFRICAN ART & EDISON SCHL,1314.8512545603012,106710.26098266928,False
2024-08-15 00:00:00+00:00,Adopted,240072zmk,240072,197 Berry St Rezoning,1186.1252749151242,61490.52171050871,True
,Adopted,880330zmm,880330,MIDTOWN REVISIONS,12632.249465716235,8361774.571732178,False
2015-03-11 00:00:00+00:00,Adopted,150125zmq,150125,Corona Senior Residence,1044.5781523464975,59241.048472673996,False
2023-01-19 00:00:00+00:00,Adopted,220250zmq,220250,97-27 57 Avenue Commercial Overlay,967.5189238692338,54459.732890970234,True
2001-12-19 00:00:00+00:00,Adopted,010547zmm,010547,MEMORIAL SLOAN-KETTERING CANCER CTR,2083.767719097822,241940.69167345448,False
1994-06-29 00:00:00+00:00,Adopted,860183zmm,860183,160 W24TH ST & CHELSEA COURT,2173.46067405146,275676.32874652,False
2009-10-14 00:00:00+00:00,Adopted,060551zmq,060551,BRIARWOOD PLAZA,735.7933357927354,29679.87805021541,False
,Adopted,830468zmx,830468,E175TH TO E176TH & CROSS BRONX EXPW,2495.426547305249,397588.0437587415,False
2024-04-18 00:00:00+00:00,Adopted,240075zmq,240075 ,80-01 Broadway Commercial Overlay,1030.0536744739886,52234.77928667204,True
1998-04-28 00:00:00+00:00,Adopted,980193zmq,980193,STEINWAY ST REZONING,13348.142844271524,6719656.964338906,False
2008-11-19 00:00:00+00:00,Adopted,080397azmm,080397a,EAST VILLAGE/LOWER EAST SIDE,19111.43088042814,17318402.377725407,False
2011-01-18 00:00:00+00:00,Adopted,080293zmq,080293,BELL BLVD,717.05359949903,31741.11514129861,False
1998-02-26 00:00:00+00:00,Adopted,980067zmk,980067,VINEGAR HILL REZONING,5056.5830712838615,1611001.692433213,False
1997-02-11 00:00:00+00:00,Adopted,960498zmm,960498,HERALD CENTER/1292-1311 BDWAY,1177.414304923811,89359.09221198072,False
2004-07-21 00:00:00+00:00,Adopted,040270zmm,040270,145TH ST CORNERSTONE PROJECT,1552.5237875630394,150421.76838427395,False
2025-10-09 00:00:00+00:00,Adopted,250090zmk,250090,535 Morgan Ave Rezoning,1905.7416852950562,190955.47708709005,False
2021-02-25 00:00:00+00:00,Adopted,190517zmq,190517,42-01 28th Avenue Rezoning,1367.7934210081296,75825.1538951329,False
2006-03-22 00:00:00+00:00,Adopted,060153zmq,060153,MIDDLE VILLAGE-GLENDALE REZONING,39249.73801685581,28474594.111831296,False
1987-06-30 00:00:00+00:00,Adopted,860553zmm,860553,BISHOP ANNEX OFFICE COMPLEX,1696.8730735762344,143950.48815226395,False
2015-01-22 00:00:00+00:00,Adopted,150101zmm,150101,Special West Chelsea Expansion,2374.371736802532,174880.95916020396,False
2004-12-15 00:00:00+00:00,Adopted,050060zmx,050060,NUEVA ERA APARTMENTS,2145.8911808190846,213302.18611809894,False
1981-05-28 00:00:00+00:00,Adopted,790810zmx,790810,BND BY BRUNER BUCHELL AVES,3307.2943782160573,467067.8336590625,False
2005-10-11 00:00:00+00:00,Adopted,050442zmx,050442,MORRIS PARK REZONING,16516.49408286955,5286085.43215791,False
2009-10-28 00:00:00+00:00,Adopted,060419zmq,060419,SOUTH CONDUIT REZONING,820.472091604697,38034.872596690366,False
1996-06-25 00:00:00+00:00,Adopted,960207zmk,960207,GATEWAY ESTATES/FRESH CREEK URA,16306.129729014208,11420151.564192347,False
2018-09-26 00:00:00+00:00,Adopted,170178zmr,170178,3122-3136 Victory Boulevard,1157.869473439223,72420.49611197508,False
1993-06-02 00:00:00+00:00,Adopted,920123zmx,920123,3060 E. TREMONT REZONING,1428.7820183866515,82293.32277926788,False
2018-08-08 00:00:00+00:00,Adopted,180201zmm,180201,E 14th Street & Irving Place (PC Richards),940.0129156181847,52758.509453946426,False
2011-09-21 00:00:00+00:00,Adopted,110252zmk,110252,BOREUM HILL,14583.012156933355,3998203.4196853973,False
1980-08-21 00:00:00+00:00,Adopted,800183zmx,800183,937-949 HOE AVE BET 163RD ST & ALDU,969.1197847016651,58349.29729520796,False
2007-10-29 00:00:00+00:00,Adopted,080002zmx,080002,MELROSE COMMONS RFP SITE B-1,630.4559166286226,24190.885183170423,False
,Adopted,770099zmr,770099,MORRIS PARK AVE & WILLIAMSBRIDGE RD,1564.1715761261219,159378.77952064795,False
2025-11-25 00:00:00+00:00,Adopted,250194zmk,250194,699-703 Lexington Avenue Rezoning,465.35184272002675,13201.28709628207,False
1986-10-09 00:00:00+00:00,Adopted,860205zmk,860205,ATLANTIC TERMINAL URA,5380.553828967576,1500677.71510986,False
1989-07-20 00:00:00+00:00,Adopted,890199zmq,890199,REGO PARK REZONING,7141.660141505068,3218797.3606161387,False
2026-02-12 00:00:00+00:00,Adopted,250252zmq,250252,247-56 90th Ave Rezoning,914.5264935863672,21010.43531044958,False
1977-01-20 00:00:00+00:00,Adopted,760043zmx,760043,"CITY ISLAND AVE,REYNOLD,MARINE STS",2184.3394003879225,130210.83926687573,False
2024-09-26 00:00:00+00:00,Adopted,220080zmk,220080,150 Mill Street Rezoning,1069.6964831828898,41680.48121481154,True
1992-12-17 00:00:00+00:00,Adopted,920693zmk,920693,EAST LINCOLN REHAB HSG,4444.553846945185,747653.8520835417,False
2007-06-15 00:00:00+00:00,Adopted,070276zmx,070276,BORICUA VILLAGE/MELROSE COMMONS URA,2471.260021427849,336022.44795939774,False
2013-10-30 00:00:00+00:00,Adopted,130279zmr,130279,Charleston Mixed Use Development,3882.2924711933524,704160.6495254847,False
2005-07-27 00:00:00+00:00,Adopted,050277zmq,050277,E. FLUSHING REZONING,27086.673483480114,12774224.000714354,False
2022-12-07 00:00:00+00:00,Adopted,220429zmk,220429,Livonia4,2050.5528942293504,131820.93804427836,True
1996-10-30 00:00:00+00:00,Adopted,960471zmq,960471,QUEENSBORO SEVENTH DAY ADVENTISTS,1056.26838055277,62772.05558657225,False
2022-06-02 00:00:00+00:00,Adopted,210391zmx,210391,1930 Adee Avenue Rezoning,715.5258971559359,27573.109003851052,True
2011-04-29 00:00:00+00:00,Adopted,110118zmk,110118,20-30 CARROLL STREET REZONING,745.9528038953183,32156.123106746178,False
1986-01-09 00:00:00+00:00,Adopted,850113zmk,850113,FULTON FERRY NEIGHBORHOOD,6852.211961745505,1276246.15559433,False
2022-05-19 00:00:00+00:00,Adopted,220050zmq,220050,35-01 Vernon Boulevard Rezoning,955.4434843658048,56484.683713954175,True
2007-10-29 00:00:00+00:00,Adopted,060477zmk,060477,45 SUMMIT STREET,1295.8556793805785,79378.30564526365,False
,Adopted,850370zmm,850370,THE HORIZON,2190.021249414454,312200.38346088247,False
,Adopted,910150zmq,910150,COLLEGE POINT II REZONING,10047.046320536661,3020991.615801847,False
2023-05-25 00:00:00+00:00,Adopted,230052zmq,230052,61-10 Queens Blvd Rezoning,2532.3997431260705,253845.74011787155,True
1979-08-16 00:00:00+00:00,Adopted,790347zmq,790347,MARRIOTT HOTEL,3368.1242836909005,529958.214311601,False
2018-03-22 00:00:00+00:00,Adopted,170240zmk,170240,Sea Park North Rezoning,2599.7635836160644,192712.20160889952,False
2019-06-26 00:00:00+00:00,Adopted,180292zmk,180292,2 Howard Avenue Rezoning,796.0745861407302,34837.49359939785,False
2021-12-15 00:00:00+00:00,Adopted,210164zmq,210164,103-16 Van Wyck Expressway Rezoning,882.7208157436028,34941.36123214984,True
1982-06-11 00:00:00+00:00,Adopted,820256zmm,820256,243 RIVERSIDE DRIVE,536.2487971082063,16310.448821542741,False
2024-08-15 00:00:00+00:00,Adopted,230258zmk,230258,712 Myrtle Avenue,774.8132163427499,33982.89595800231,True
2018-09-12 00:00:00+00:00,Adopted,180148zmk,180148,1601 De Kalb Avenue Rezoning,1243.196811707074,94079.75690199941,False
1996-10-30 00:00:00+00:00,Adopted,960060zmm,960060,"1829, 1835 FIRST AVE",754.4831695280963,31983.525198123738,False
2006-04-26 00:00:00+00:00,Adopted,060176zmk,060176,ATLANTIC TERRACE,1016.3696653268644,58050.351749348236,False
2000-07-27 00:00:00+00:00,Adopted,000066zmr,000066,WEST SHORE RETAIL STORE,5359.90778763801,848975.3611675878,False
2018-10-31 00:00:00+00:00,Adopted,180085zmq,180085,Variety Boys and Girls Club Rezoning,1218.9371603596835,90422.65018851114,False
2005-10-11 00:00:00+00:00,Adopted,050453zmr,050453,S.I. COMM'L OVERLAY ELIMINATION,33522.57454702761,1667035.5918776083,False
2022-07-14 00:00:00+00:00,Adopted,200317zmk,200317,41 Summit Street,321.7725014740786,3829.682142444528,True
2020-04-22 00:00:00+00:00,Adopted,200059zmk,200059,90 Sands Street,1234.1201647794687,93201.51050309863,False
2017-11-30 00:00:00+00:00,Adopted,170416zmk,170416,Bedford-Union Armory,1696.9363649292436,168546.54475379092,False
1989-09-14 00:00:00+00:00,Adopted,890615zmx,890615,SPENCER ESTATES REZONING,16596.537789674687,17216283.979045045,False
2005-10-11 00:00:00+00:00,Adopted,030370zmx,030370,764 E176TH STREET,1228.7535205632796,75598.96451230043,False
,Adopted,851030zmq,851030,193-02 HORACE HARDING BLVD,845.4923594572641,45065.90586239297,False
2005-07-27 00:00:00+00:00,Adopted,050014zmr,050014,TOTTENVILLE REZONING,47376.46130657943,31460287.228260715,False
2025-02-13 00:00:00+00:00,Adopted,240104zmx,240104,438 Concord Avenue Rezoning,875.3888564057935,45992.14119440621,True
2025-02-13 00:00:00+00:00,Adopted,240369zmm,240369,SPARC Kips Bay,2488.2477184742193,278879.88860796846,True
1991-12-05 00:00:00+00:00,Adopted,920050zmq,920050,QUEENS BLVD OVERLAY,3452.8725647135057,195355.96759400133,False
1985-08-15 00:00:00+00:00,Adopted,820779zmx,820779,41ST ST POLICE PRECINCT.,1454.746128643646,137506.514208073,False
1979-05-24 00:00:00+00:00,Adopted,780618zmm,780618,POWELL BLVD BET W136TH & W137TH STS,1244.611253754293,99007.23841254275,False
2022-11-22 00:00:00+00:00,Adopted,220312zmk,220312,Innovation Urban Village (ENY CCC),3534.898842855444,567469.7490767015,True
,Adopted,890846zmx,890846,SHERIDAN AVE REZONING,912.6415640053154,50058.59861917702,False
2001-07-26 00:00:00+00:00,Adopted,000406azmq,000406a,SPEC LONG ISLAND CITY REZONING,11742.214850226152,5215920.237238118,False
1978-11-02 00:00:00+00:00,Adopted,780284zmk,780284,E31TH & 32TH STS,114635.39344723552,12443208.774245422,False
2022-02-24 00:00:00+00:00,Adopted,210189zmq,210189,99-07 Astoria blvd. Rezoning,952.6461406595768,42756.04954341409,True
1989-10-26 00:00:00+00:00,Adopted,880749zmq,880749,SPITI HOUSING FOR THE ELDERLY,1216.2592356970197,91188.03519430128,False
2009-10-14 00:00:00+00:00,Adopted,030129zmq,030129,EXCELSIOR RESID/GRAND CENTRAL PKWY,3322.0100129144016,622183.1973862576,False
2008-07-23 00:00:00+00:00,Adopted,050018zmx,050018,ST ANN'S AVE DEV,2108.4368313395826,219156.0092464853,False
2008-11-13 00:00:00+00:00,Adopted,080381zmq,080381,WILLETS PT DEV PLAN,6973.392225791137,2899578.3142688707,False
1984-12-06 00:00:00+00:00,Adopted,841021zmk,841021,"1420 GRAND CONCOURSE, S/E/C/O 171 S",2551.7709101933283,350605.8789178822,False
2016-10-27 00:00:00+00:00,Adopted,160332zmx,160332,1614 Williamsbridge Road,1188.3576308269548,86507.08028836387,False
2023-10-05 00:00:00+00:00,Adopted,230012zmq,230012,42-18 31st Ave Rezoning,1412.3407302984206,96486.56180330754,True
2003-08-19 00:00:00+00:00,Adopted,030325zmx,030325,FORDHAM UNIVERSITY PKG GARAGE,2581.6274296259116,401848.69174269674,False
,Adopted,890689zmq,890689,TRI STAR RESIDENCE,1880.7008166994683,197767.13421237096,False
1985-05-23 00:00:00+00:00,Adopted,850617zmm,850617,ENZO BIOCHEM,1472.2350539404963,113907.29255374591,False
2007-06-15 00:00:00+00:00,Adopted,070235zmm,070235,E HARLEM SALT STORAGE FACILITY,1999.7847862290037,229765.38678566084,False
2024-10-23 00:00:00+00:00,Adopted,230206zmm,230206,135th Street Rezoning,1035.129543017841,44579.400534234366,True
1990-08-16 00:00:00+00:00,Adopted,900240zmm,900240,B. ALTMAN'S DEPT STORE,1154.5755323900833,81254.65426997178,False
,Adopted,850407zmq,850407,101 ST BET PARK LANE SOUTH & 85TH R,1159.9002647040647,45647.28150880421,False
1989-01-26 00:00:00+00:00,Adopted,880448zmq,880448,POYER-BARNWELL ELEMENTARY SCHOOL,1678.0050763550444,160246.50871540912,False
1993-03-10 00:00:00+00:00,Adopted,920662zmm,920662,UPPER PARK AVE REZONING,2536.58060903787,210583.01896564808,False
2013-10-30 00:00:00+00:00,Adopted,130279zmr,130279,Charleston Mixed Use Development,2847.221756289584,510543.90967105504,False
2019-09-25 00:00:00+00:00,Adopted,190299zmq,190299,Kew Gardens Hills Rezoning,10724.960502059115,2561917.755730965,False
2021-12-15 00:00:00+00:00,Adopted,220062zmk,220062,Ring River,3200.644794856353,508478.6479886279,True
,Adopted,840617zmm,840617,P/O CHINTOWN,9209.28896276942,6019031.257465295,False
2007-02-28 00:00:00+00:00,Adopted,060104zmm,060104,W60TH ST PROJECT,1330.9942482756317,105483.65288573234,False
1989-08-17 00:00:00+00:00,Adopted,880849zmr,880849,NEW DORP II,5022.132354659943,1658017.125871719,False
2001-10-12 00:00:00+00:00,Adopted,010594zmk,010594,WEST BUSHWICK URP,3957.3618544638857,655780.7991809498,False
1989-06-29 00:00:00+00:00,Adopted,890232zmq,890232,JACKSON HEIGHTS REZONING,22111.75680418456,3634052.763023343,False
,Adopted,820032zmq,820032,95-10 DITMARS BLVD BET 95-97 STS,2183.3373670050305,302639.8248669192,False
2006-02-15 00:00:00+00:00,Adopted,060132zmk,060132,SHEEPSHEAD BAY REZONING,5722.026122428264,1233949.3275128363,False
2021-08-26 00:00:00+00:00,Adopted,210148zmq,210148,133 Beach 116th Street Overlay Rezoning,1218.407974413562,69348.6553096674,False
1990-07-19 00:00:00+00:00,Adopted,900404zmm,900404,CONTEXTUAL REZONING UPPER EAST SIDE,24240.538094830303,10999737.773734747,False
,Adopted,830330zmm,830330,1749-1755 YORK AVE & 434-442 E 92ND,1894.4642387241674,213287.58024383706,False
2019-02-28 00:00:00+00:00,Adopted,180393zmk,180393,Caton Park Nursing Home Rezoning,654.1756036681494,25105.13341904641,False
2017-11-30 00:00:00+00:00,Adopted,170358zmm,170358,East Harlem Neighborhood Rezoning,55046.6928019153,8112261.499456342,False
2020-04-22 00:00:00+00:00,Adopted,190172zmk,190172,271 Sea Breeze Avenue ZM,1059.7770169552161,68349.68751932592,False
2011-11-29 00:00:00+00:00,Adopted,110382zmk,110382,ADMIRALS ROW PLAZA,2500.701806674254,353173.5948528895,False
2023-05-25 00:00:00+00:00,Adopted,220470zmk,220470,Paperific Rezoning,1520.6350161758057,103371.66355964034,True
2012-05-15 00:00:00+00:00,Adopted,090466zmq,090466,119-03 SPRINGFIELD BLVD,865.0857210513147,47248.64364015035,False
2016-11-29 00:00:00+00:00,Adopted,160336zmm,160336,Lexington Gardens II,1549.8632087483252,134697.14563081937,False
2007-05-09 00:00:00+00:00,Adopted,070264zmx,070264,PARK STRATTON,5755.689082175811,1310291.860925129,False
2002-10-09 00:00:00+00:00,Adopted,010668zmq,010668,HARVARD LANGUAGE CENTER,676.7041416348591,24130.289284583825,False
2011-08-17 00:00:00+00:00,Adopted,110243zmm,110243,WEST 116TH/117TH STREET REZONING,1577.209559430702,142839.78498798172,False
2017-02-15 00:00:00+00:00,Adopted,170050zmm,170050,The Robeson 407 Lenox Avenue,836.9938361311342,41262.855065566335,False
,Adopted,870580zmq,870580,WEST ASTORIA REZONING,11446.630563136376,8152874.660974517,False
2003-12-03 00:00:00+00:00,Adopted,030022zmr,030022,SIBP REZONING/CENTRAL MID-ISLAND,93219.8715053151,68209956.99895126,False
2012-09-12 00:00:00+00:00,Adopted,110218zmr,110218,VETERANS ROAD WEST,1857.793340605551,190246.47381083464,False
1987-08-13 00:00:00+00:00,Adopted,861003zmq,861003,WOODHAVEN BLVD REZONING,1773.8680815456642,133057.03599494044,False
1996-06-05 00:00:00+00:00,Adopted,950137zmq,950137,AUSTIN ST REZONING,2318.808606407729,282589.28080424166,False
1996-07-31 00:00:00+00:00,Adopted,950526zmk,950526,LYNCH ST REZONING,2753.2321156564353,513254.6218505476,False
2021-10-07 00:00:00+00:00,Adopted,200306zmk,200306,307 Kent Ave,1102.6687853946553,74829.54550142364,True
1982-04-29 00:00:00+00:00,Adopted,820192zmx,820192,SOUTHEAST CORNER OF E149 ST TIMPSON,1301.7363877483979,88411.42813141563,False
2021-05-27 00:00:00+00:00,Adopted,200286zmx,200286,261 Walton Avenue,958.9422787024802,53839.388708432685,False
,Adopted,860290zmk,860290,PARK CIRCLE,3004.4943039730547,471223.07259681495,False
,Adopted,830300zmr,830300,RICHMOND AVE BND BY PARK DR EAST,2288.852926811877,326042.7543329149,False
1995-12-07 00:00:00+00:00,Adopted,950443zmm,950443,EAST 14TH ST REZONING,8352.314316326674,2216368.008285317,False
,Adopted,810362zmr,810362,C/0 ARMSTRONG AVE & HYLAN BLVD,968.7029586617878,57712.663618222774,False
,Adopted,780509zmk,780509,505 COURT ST,967.9335348927758,60870.72622401203,False
2012-05-15 00:00:00+00:00,Adopted,102108zmk,120108,MILL BASIN,2526.390845274571,324425.9650719595,False
2006-06-29 00:00:00+00:00,Adopted,060337zmq,060337,JAMAICA HILL/HILL CREST,23006.940853858836,8956118.12104956,False
2026-05-14 00:00:00+00:00,Adopted,260048zmk,260048,9201 4th Ave Rezoning,818.7576861335534,36652.15947104766,False
2004-05-05 00:00:00+00:00,Adopted,030289zmk,030289,GOLD ST REZONING,730.9029661329387,32694.741476489336,False
2007-08-22 00:00:00+00:00,Adopted,060271zmk,060271,COMMERCE BANK-99TH ST,881.0153941630163,47554.79347680404,False
,Adopted,790568zmm,790568,10ND AVE BET 58TH ST & 59TH ST,1759.4523243446297,176921.65630058697,False
2002-02-27 00:00:00+00:00,Adopted,010471zmx,010471,KINGS HARBOR MULTICARE CENTER,2224.6430735891126,235985.80741166123,False
1987-06-30 00:00:00+00:00,Adopted,860261zmq,860261,QUEENS BLVD JUSCO DEVELOPMENT,3993.18804286961,778663.5043696433,False
2011-11-29 00:00:00+00:00,Adopted,110386zmk,110386,SPECIAL 4TH AVE. ENHANCED COMM DIST,21057.908940458354,2337117.8700256976,False
1997-10-14 00:00:00+00:00,Adopted,960476zmq,960476,ELIAS RESTAURANT REZONING,1142.7914362404274,76852.413069283,False
1988-09-08 00:00:00+00:00,Adopted,860102zmx,860102,FRANGELICA REST,3514.8973349113303,373188.8433446631,False
2003-08-19 00:00:00+00:00,Adopted,030237zmm,030237,HUDSON SQUARE REZONING,2877.1902821734056,437349.8592514878,False
1990-02-22 00:00:00+00:00,Adopted,880506zmm,880506,MANHATTAN WEST,2339.4404379291723,284084.2024170982,False
2007-02-28 00:00:00+00:00,Adopted,070119zmq,070119,QUEENSBORO HILL REZONING,47600.26746092628,12042980.49773972,False
2019-07-23 00:00:00+00:00,Adopted,180399zmq,180399,76th Drive and Austin Place Rezoning,879.6105210001944,41705.353529252476,False
1980-08-21 00:00:00+00:00,Adopted,800478zmm,800478,UNITED NATIONS SPEC DIST REDUCTION,2538.7165401851303,252692.18997683885,False
1977-01-20 00:00:00+00:00,Adopted,760088zmk,760088,"OCEAN PKWAY,AVE P & AVE S",12385.329781609262,1666405.070153257,False
2015-07-23 00:00:00+00:00,Adopted,150211zmm,150211,La Promesa,884.7631337520274,47065.852299660844,False
2001-11-20 00:00:00+00:00,Adopted,010689zmm,010689,500 WEST 56TH STREET,917.6372754005961,47883.978079593195,False
1990-08-16 00:00:00+00:00,Adopted,890162zmm,890162,17 PENN PLAZA W34TH STREET REZONING,2842.1998575257776,498582.850985527,False
2004-07-21 00:00:00+00:00,Adopted,040344zmq,040344,BELLROSE REZONING,10677.882783591667,4620226.288217857,False
1995-06-28 00:00:00+00:00,Adopted,940309zmm,940309,LOWER BROADWAY/LMM STUDY TRIBECA,8394.235536438435,4850832.588150816,False
1984-12-06 00:00:00+00:00,Adopted,840631zmk,840631,FAEMART,2234.506899359118,281528.26744935603,False
2008-06-29 00:00:00+00:00,Adopted,060032zmm,060032,84 WHITE ST,1662.3904446673137,151398.0152012779,False
2026-04-30 00:00:00+00:00,Adopted,250302zmq,250302,St. Francis Prep Commercial Overlay,2566.6319125172035,255343.47350493897,False
1991-08-15 00:00:00+00:00,Adopted,910165zmq,910165,BELLEROSE REZONING,5209.148323386755,1675892.7675778742,False
,Adopted,870548zmk,870548,FLATLANDS FAMILY RESIDENCE CENTER,2718.2005785806064,421118.53698565776,False
1993-04-21 00:00:00+00:00,Adopted,930074zmk,930074,SITE 34D & 60A/CONEY IS. I URA,1588.3612160779337,74777.5759732142,False
1983-03-18 00:00:00+00:00,Adopted,810301zmr,810301,S/S ARLINGTON PL BET HOLLAND & NORT,3634.4274801724027,848532.3489598504,False
2024-08-15 00:00:00+00:00,Adopted,230293zmk,230293,500 Kent Avenue,1621.2513031575509,137761.17436323315,True
1978-12-07 00:00:00+00:00,Adopted,760097zmq,760097,KISSENA BLVD & HORACE HARDING EXPWA,807.9330907914599,43402.19593759345,False
1984-10-04 00:00:00+00:00,Adopted,840055zmq,840055,EAST SOUTH BOUND WEST WINCHESTER BL,1337.7613018431443,111974.17877881107,False
2010-10-27 00:00:00+00:00,Adopted,100420zmm,100420,3RD AVE CORRIDOR REZONING,3462.0399053305105,691404.9062000854,False
,Adopted,820003zmk,820003,"KENT AVE, ROSS ST, WYTHE AVE, KEAP",2247.7245667912352,303272.12880367745,False
2018-09-26 00:00:00+00:00,Adopted,170213zmk,170213,57 Caton Place Rezoning,1074.8267656663543,53025.148724344726,False
2017-05-24 00:00:00+00:00,Adopted,170140zmx,170140,600 E 156TH STREET,839.8491898638476,38049.81847268256,False
2022-08-11 00:00:00+00:00,Adopted,220203zmx,220203,1810 Randall Avenue,894.7221064355897,48733.083921440884,True
2025-12-18 00:00:00+00:00,Adopted,250285zmk,250285,Herkimer-Williams,2677.7088661449793,392452.1643251584,False
,Adopted,880492zmr,880492,RICHMOND AVE REZONING,542.2100535052803,17681.616724492655,False
2020-04-22 00:00:00+00:00,Adopted,190295zmk,190295,8118 13th Avenue Rezoning ,697.8600091034318,30339.689874127027,False
2018-10-31 00:00:00+00:00,Adopted,180211zmq,180211,11-14 35th AVENUE Ravenswood Rezoning,1660.9604993090338,91634.2992883535,False
1996-03-06 00:00:00+00:00,Adopted,950323zmm,950323,EASTSIDE REZONING II,1426.0465025319413,107884.07624050746,False
1993-01-21 00:00:00+00:00,Adopted,920475zmm,920475,ST NICHOLAS PK REZONING,948.6811365805155,51363.96945306842,False
2004-08-12 00:00:00+00:00,Adopted,040331zmm,040331,LADIES MILE REZONING,4298.89816393928,1049359.9938227597,False
2012-06-13 00:00:00+00:00,Adopted,110077zmr,110077,HYLAN BLVD REZONING,1061.835576114366,66637.0810635174,False
1988-04-14 00:00:00+00:00,Adopted,801058zmq,801058,89-00 23RD AVE,1920.6848574089995,229745.776920188,False
2021-12-15 00:00:00+00:00,Adopted,210166zmk,210166,79 Quay Street Rezoning,745.5565966072577,30906.067319018617,True
2011-06-29 00:00:00+00:00,Adopted,080482zmr,080482,WOODROW PLAZA,1499.809790036572,115327.82866190592,False
2009-10-28 00:00:00+00:00,Adopted,090462zmk,090462,CARROLL GARDENS & COLUMBIA ST,21304.690273781587,12193742.677160285,False
2024-04-11 00:00:00+00:00,Adopted,230381zmk,230381,396-400 Avenue X Rezoning,804.4439811437385,36962.99574704831,True
1988-10-13 00:00:00+00:00,Adopted,880817zmk,880817,SPRING CREEK,3000.3633282170217,552863.7955871436,False
2019-10-17 00:00:00+00:00,Adopted,190158zmm,190158,Terence Cardinal Cooke Rezoning,1222.931629976453,92877.32029826083,False
2005-03-09 00:00:00+00:00,Adopted,050120zmx,050120,PORT MORRIS/BRUCKNER BLVD REZONING,16010.983300318356,3101822.1798362727,False
1990-10-10 00:00:00+00:00,Adopted,880955zmq,880955,MASPETH FEDERAL S & L PKG FACILITY,1115.4467486052117,77017.5293273023,False
2026-04-16 00:00:00+00:00,Adopted,250318zmr,250318,37-59 Hamilton Avenue Rezoning,1068.0786018703745,61192.55707432185,False
2020-12-17 00:00:00+00:00,Adopted,200092zmk,200092,312 Coney Island Ave-Caton Place,1257.0813768136572,94563.48358667232,False
1989-03-30 00:00:00+00:00,Adopted,880142zmq,880142,AMBER LANTERN,2786.3715645027246,427077.2928207904,False
1987-08-19 00:00:00+00:00,Adopted,870603zmk,870603,EAST NEW YORK HOUSING FOR SINGLES,1518.9041562113366,124441.19019092298,False
,Adopted,780486zmk,780486,"SCHENECTADY AVE,FARRAGUT RD,UTICA A",2324.010047826434,308536.67769973533,False
1985-11-14 00:00:00+00:00,Adopted,850530zmr,850530,ST GEORGE-NEW BRIGHTON NORTH SHORE,30123.238213207896,16165346.812158665,False
2009-03-11 00:00:00+00:00,Adopted,090047zmk,090047,363-365 BOND STREET,1991.9092959796878,257106.4131101506,False
2004-07-21 00:00:00+00:00,Adopted,030294zmk,030294,FRANKLIN LOFTS,1030.8836722684655,65162.879342566244,False
1983-09-15 00:00:00+00:00,Adopted,830492zmk,830492,49TH TO 50TH ST W/S/O 13TH AVE,1197.6799231605905,89633.01602589968,False
2006-10-25 00:00:00+00:00,Adopted,060303zmq,060303,NY HOSPITAL QUEENS EXPANSION,2593.1377211321765,399663.1632560315,False
2008-04-30 00:00:00+00:00,Adopted,080186zmk,080186,BRISTOL ST,1063.3772334604555,70649.96684037906,False
1985-01-10 00:00:00+00:00,Adopted,831771zmq,831771,BAYBRIDGE SHOPPING CENTER,1761.959532798882,173634.6272944962,False
2018-03-21 00:00:00+00:00,Adopted,180131zmx,180131,Spofford Campus LSGD and Rezoning,2379.6631380561707,261999.29063700524,False
1979-08-16 00:00:00+00:00,Adopted,790136zmk,790136,BURGER KING REST,1256.389221868462,87260.66390174953,False
,Adopted,780176zmq,780176,GRAND AVE BET 71TH & 74TH STS,3390.799145177143,381493.2796936266,False
2026-02-12 00:00:00+00:00,Adopted,240145zmq,240145,78-08 Linden Boulevard Rezoning,1206.0400374511516,90372.46639922212,False
2020-10-15 00:00:00+00:00,Adopted,200085zmk,200085,1510 Broadway,1080.3134223153459,59072.07001535017,False
2009-06-30 00:00:00+00:00,Adopted,090313zmk,090313,CANARSIE REZONING,61015.88720812923,45469250.41875083,False
2019-02-13 00:00:00+00:00,Adopted,180229zmk,180229,895 Bedford Avenue Rezoning,758.4036566225366,29806.285891242867,False
1978-09-28 00:00:00+00:00,Adopted,780279zmm,780279,E31TH & 32TH STS,1556.7659886809427,137640.5176650594,False
1997-09-18 00:00:00+00:00,Adopted,970278zmr,970278,INTERNATIONAL CHRISTIAN CENTER,2325.705542883367,298515.045253337,False
2001-01-24 00:00:00+00:00,Adopted,010047zmq,010047,BROADWAY & 31ST ST REZONING,18594.85926321331,2959379.11987996,False
1994-04-13 00:00:00+00:00,Adopted,920044zmx,920044,EASTCHESTER RD REZONING,1093.120448838879,74239.3750962198,False
2013-12-10 00:00:00+00:00,Adopted,080322zmk,080322,RHEINGOLD REZONING,5514.892037828968,898885.5611148757,False
2025-12-04 00:00:00+00:00,Adopted,230316zmk,230316,1720 Atlantic Avenue Rezoning,1329.4710285730566,101545.71026174875,False
1989-08-17 00:00:00+00:00,Adopted,880919zmr,880919,WESTERLEIGH REZONING,11654.0168765308,8589569.552495345,False
,Adopted,770676zmk,770676,PORTION OF 82 ST (ON THE N/S OF 57,844.9222546972053,42694.090402909096,False
2013-09-12 00:00:00+00:00,Adopted,130120zmy,130120,RIVER PLAZA REZONING,3528.8856362163324,607792.8804949227,False
1994-05-25 00:00:00+00:00,Adopted,930169zmq,930169,ROYAL FARMS SUPERMARKET EXPANSION,1626.4560709291818,129990.54997314292,False
1987-11-19 00:00:00+00:00,Adopted,861022zmq,861022,BSM LAND DEVELOPMENT,2104.8285190788215,302669.2330490492,False
2026-05-20 00:00:00+00:00,Adopted,220415zmm,220415,147-14 Northern Boulevard Rezoning,1597.9426359266279,117532.35630754058,False
1993-05-05 00:00:00+00:00,Adopted,910106zmr,910106,1720-1746 RICHMOND AVENUE,804.1136192041247,36812.6884459318,False
2003-04-30 00:00:00+00:00,Adopted,030194azmk,030194a,PARK SLOPE REZONING,25998.7854978533,21403669.879539233,False
2018-10-17 00:00:00+00:00,Adopted,180304zmq,180304,Lefferts Boulevard Overlay Rezoning,353.63325187339535,5833.838138041578,False
1978-04-20 00:00:00+00:00,Adopted,770481zmk,770481,"120 AVE,SUTPHIN BLVD,ROCKAWAY BLVD",958.26310596795,56592.24465431644,False
,Adopted,910100zmq,910100,SEASIDE AVE REZONING,1649.5023044677318,178636.36600755877,False
,Adopted,870520zmx,870520,SOUTHERN BLVD PARKING LOT EXPANSION,1228.2287545558652,90251.12593407495,False
2005-10-11 00:00:00+00:00,Adopted,050454zmr,050454,S.I. COMM'L OVERLAY ELIMINATION,3513.4122644133545,122356.95983415419,False
,Adopted,870807zmx,870807,TIBBETT GARDENS DEVELOPMENT,1396.6978353536,79181.27571627492,False
2025-06-30 00:00:00+00:00,Adopted,240184zmk,240184,Grace Houses,1847.1654494825973,103284.06280472635,True
1980-12-18 00:00:00+00:00,Adopted,800207zmq,800207,"60-70 WOODHAVEN BLVD,W/S WOODHAVEN",923.9601265667206,46600.69702814148,False
2011-03-23 00:00:00+00:00,Adopted,070245zmk,070245,WYTHE AVE REZONING,1138.8202702382323,80376.51364208729,False
1999-10-27 00:00:00+00:00,Adopted,980319zmk,980319,THE HOME DEPOT,3809.3383761423484,1018149.4632713456,False
1996-02-15 00:00:00+00:00,Adopted,940644zmx,940644,WOODLAWN REZONING,10625.645278494992,7124454.7764285095,False
,Adopted,830464zmx,830464,N/S/O BOSTON RD BET DEREIMER & BOLL,1206.427247426108,92765.31216699327,False
2009-09-30 00:00:00+00:00,Adopted,090342zmx,090342,SS ADMINISTRATION PARKING,1172.6626306185146,83595.0374827665,False
2001-03-28 00:00:00+00:00,Adopted,000320zmq,000320,PATHMARK AGUILAR,1355.7543520630695,105051.56992888296,False
2009-06-10 00:00:00+00:00,Adopted,090181zmk,090181,DOCK STREET DUMBO,1031.786672536303,66333.23360137871,False
2003-12-03 00:00:00+00:00,Adopted,020285zmr,020285,SIBP REZONING/CENTRAL NORTH SHORE,67652.99176913025,46236801.20869588,False
2005-11-16 00:00:00+00:00,Adopted,050145zmr,050145,BAY TERRACE REZONING,15151.983349791266,3947279.00253126,False
2022-04-28 00:00:00+00:00,Adopted,210098zmk,210098,1220 Avenue P Rezoning,1157.8580867356668,68108.80067352451,True
2017-04-25 00:00:00+00:00,Adopted,160378zmr,160378,901 Manor Road,429.7816279735344,11158.017836340481,False
2019-05-08 00:00:00+00:00,Adopted,180042zmk,180042,1010 Pacific Street Rezoning,1238.2292890874417,68685.13970998704,False
2017-09-07 00:00:00+00:00,Adopted,170029zmk,170029,50 Nevins Street Rezoning,509.06829766368236,16190.261879107184,False
2008-03-26 00:00:00+00:00,Adopted,060228zmq,060228,31ST ST REZONING,1926.069936775374,167811.17291058245,False
1997-09-18 00:00:00+00:00,Adopted,970411zmq,970411,EDGEMERE URA,5838.2160425071825,779092.5429556759,False
1989-10-12 00:00:00+00:00,Adopted,890540zmr,890540,GRANT CITY,12491.124500714093,9848309.134898746,False
2013-06-17 00:00:00+00:00,Adopted,130116zmk,130116,DOWNTOWN BKLYN DEVELOPMENT,1724.2162090576126,128431.30969430004,False
2019-06-26 00:00:00+00:00,Adopted,190207zmx,190207,Brook 156,584.6182337549676,19591.517254564507,False
2002-09-12 00:00:00+00:00,Adopted,000372zmr,000372,AKR RETAIL,1214.6953288058137,77941.73117507307,False
2002-07-24 00:00:00+00:00,Adopted,020097zmk,020097,BKLYN LAW SCHOOL,2817.9275545046535,361202.705428477,False
2008-04-16 00:00:00+00:00,Adopted,080116zmk,080116,COLUMBIA HICKS PROJ,1790.7554852716428,159401.0491975562,False
2004-02-04 00:00:00+00:00,Adopted,030526zmq,030526,OCEAN BAY REZONING,2610.2841700233002,179074.98197724548,False
2021-10-21 00:00:00+00:00,Adopted,210278zmk,210278,130 St. Felix Street ,1258.2633141925442,84730.37423951409,True
2006-02-15 00:00:00+00:00,Adopted,060108zmx,060108,VILLAGE OF BAYCHESTER REZONING,4378.974221791044,647808.7851146793,False
2004-09-28 00:00:00+00:00,Adopted,010384zmk,010384,226 FRANKLIN & 98 FREEMAN STS,1697.6510496164396,178907.65678118222,False
2018-05-09 00:00:00+00:00,Adopted,180209zmq,180209,NYPD 116th Precinct Rezoning,1911.0750247080555,153460.54840374243,False
2011-06-29 00:00:00+00:00,Adopted,100457zmq,100457,154TH ST REZONING,1126.677131175088,72267.28665312778,False
2007-10-17 00:00:00+00:00,Adopted,040161zmk,040161,KINGS MATERIAL,931.8936588587079,53458.12906821683,False
,Adopted,940469zmx,940469,MOTT HAVEN EAST,1017.1169700492519,61585.3130323456,False
1987-03-02 00:00:00+00:00,Adopted,860560zmq,860560,ALEXANDER'S REGO PARK MALL,3005.746357174718,547861.7025157511,False
2005-10-11 00:00:00+00:00,Adopted,050393zmk,050393,OCEAN DREAMS,2284.6639601968236,283541.5228525003,False
2014-06-26 00:00:00+00:00,Adopted,130208zmm,130208,West 106th Street Rezoning,1877.8352493278594,168715.46359341693,False
1984-12-04 00:00:00+00:00,Adopted,860464zmq,860464,B.53RD-B.54TH ST BET BEACH CHANNEL,2268.4845345364893,239880.95965006837,False
2019-09-25 00:00:00+00:00,Adopted,190222zmk,190222,3513 Atlantic Avenue Rezoning,1028.0855070245568,49008.52997909733,False
1993-08-24 00:00:00+00:00,Adopted,920149zmx,920149,CROSSTOWN DINER,598.1665734783842,22311.295761867364,False
2012-07-25 00:00:00+00:00,Adopted,120195zmq,120195,WOODHAVEN-RICHMOND HILL,76268.59217437863,29026284.8766411,False
2009-04-22 00:00:00+00:00,Adopted,090281zmq,090281,NORTH FLUSHING,45391.203872772385,36408777.625196755,False
2009-11-30 00:00:00+00:00,Adopted,090096zmk,090096,131-7 BERRY ST,538.8363287140156,18135.961622119445,False
,Adopted,930387zmk,930387,HENDRICKSON ST REZONING,1278.3186321523424,99024.17721180542,False
2009-03-11 00:00:00+00:00,Adopted,090197zmk,090197,EAST WINDSOR TERRACE REZONING,2744.5301225676453,290311.9184091172,False
1990-12-20 00:00:00+00:00,Adopted,890211zmq,890211,RUBIES,2160.4171218340443,200938.2684487876,False
,Adopted,820012zmq,820012,SOUTHWEST CORNER OF SPRINGFIELD BLV,853.1965138271169,45313.47266798826,False
2022-04-28 00:00:00+00:00,Adopted,210335zmk,210335,870-888 Atlantic Avenue Rezoning,1086.6777196526805,67021.6973313772,True
2000-06-05 00:00:00+00:00,Adopted,990440zmm,990440,621 W48TH ST,1940.2444377114284,204246.93995826028,False
2004-09-28 00:00:00+00:00,Adopted,040479zmx,040479,THROGS NECK AREA REZONING,99744.5497472221,55346586.887788884,False
1985-11-14 00:00:00+00:00,Adopted,850531zmr,850531,"STAPLETON, CLIFTON, FOX HILLS & ROS",26410.30131786054,26554227.337321244,False
1981-01-15 00:00:00+00:00,Adopted,800931zmx,800931,ALBERMARLE RD BET BUCKINGHAM RD & E,1486.3381852687319,121058.05335202598,False
2022-07-14 00:00:00+00:00,Adopted,210128zmq,210128,77-39 Vleigh Place Rezoning,1019.8883778349964,54915.4128123068,True
2011-06-14 00:00:00+00:00,Adopted,110166zmq,110166,HANAC,578.1642837780096,17735.386422654483,False
2003-01-29 00:00:00+00:00,Adopted,020034zmq,020034,DIST 14 GARAGE & LOT CLEANING UNIT,3900.437657652119,494031.66700115864,False
,Certified,260013zmm,260013,Dewitt Clinton Park North (801 Eleventh Avenue),2117.0914457639615,249269.78404865914,False
1985-01-10 00:00:00+00:00,Adopted,841005zmm,841005,ESTABLISH SPEC UNION SQUARE DIST,4296.457041503345,1192767.851686783,False
2026-03-10 00:00:00+00:00,Adopted,240334zmq,240334,33-01 11th Street Rezoning,1083.8245175081624,72840.1640590455,False
,Adopted,790633zmk,790633,13TH AVE BET 50TH & 51TH ST,885.5755981161103,47017.35670788188,False
,Certified,250086zmx,250086,Bally's Ferry Point Map Amendment,5095.185347221245,1331367.4494822165,False
1992-07-29 00:00:00+00:00,Adopted,910615zmr,910615,NEW 123RD POLICE PRECINCT,1329.466897840754,93191.83509648048,False
1981-05-28 00:00:00+00:00,Adopted,800633zmx,800633,"E GUNHILL RD, ALLERTON AVE & WICKHA",819.3738147231704,27968.973906188523,False
1991-10-23 00:00:00+00:00,Adopted,910293zmk,910293,WASHINGTON AVE REZONING,7490.744334462306,2735567.342287296,False
2005-12-21 00:00:00+00:00,Adopted,050049zmx,050049,3924 E TREMONT AVE,1143.5704797516842,60038.800543148274,False
1988-08-11 00:00:00+00:00,Adopted,880173zmr,880173,NEW DORP CENTRAL,3734.3545799473222,819533.4632471453,False
1982-03-04 00:00:00+00:00,Adopted,820215zmm,820215,"E95TH ST, 5TH AVE, E61 ST, LEXINGTO",37864.63053052113,4099026.786543681,False
2003-12-03 00:00:00+00:00,Adopted,020538zmr,020538,SIBP REZONING/NORTHWEST NORTH SHORE,68296.47605749108,33405981.9651626,False
,Adopted,890748zmm,890748,SPEC LITTLE ITALY DIST REZONING,1386.3984200938696,87980.76044604598,False
2022-04-14 00:00:00+00:00,Adopted,210161zmq,210161,98-81 Queens Blvd.,1184.0031033522464,73946.3389349374,True
2021-05-27 00:00:00+00:00,Adopted,210033zmk,210033,606 Neptune Avenue,1131.7915304488192,73656.28582849151,False
1981-05-28 00:00:00+00:00,Adopted,800233zmk,800233,W/S OF 15TH AVE BET 38TH & 39TH STS,1111.1235422862408,69186.56630938734,False
2009-05-20 00:00:00+00:00,Adopted,080008zmm,080008,THE CLINTON PARK,1522.8110050299329,131850.08903714904,False
1998-08-27 00:00:00+00:00,Adopted,980315zmm,980315,NEW SPECIAL LOWER MANHATTAN DIST,17437.58852809257,21204564.292194404,False
2002-01-30 00:00:00+00:00,Adopted,010725zmk,010725,LIGHT BRIDGES REZONING,1826.5366037231065,197736.56610568776,False
1989-12-21 00:00:00+00:00,Adopted,870983zmk,870983,CARIBE VILLAGE URA,1556.237027966352,146257.5131853706,False
1981-09-10 00:00:00+00:00,Adopted,801057zmx,801057,2050-60 EASTCHESTER RD,1157.3915473205248,77474.1891379346,False
1983-04-14 00:00:00+00:00,Adopted,821222zmm,821222,RIVER TERRACE,1019.6709774753123,64086.689115917616,False
2008-04-30 00:00:00+00:00,Adopted,080151zmm,080151,E. HARLEM CLUSTER,1333.1173613074932,82092.50677067897,False
2024-08-15 00:00:00+00:00,Adopted,240015zmx,240015,Bronx Metro-North Station Area Study,31251.613290055655,5376520.06390281,True
2018-06-28 00:00:00+00:00,Adopted,180170zmm,180170,180 Ave of the Americas (One Vandam) - rezoning,1053.5660142536724,49766.91055417888,False
2002-03-25 00:00:00+00:00,Adopted,000539zmk,000539,HARBOR TECH-5 DELEVAN,1749.2828022431722,167104.1449129681,False
2009-03-11 00:00:00+00:00,Adopted,090120zmm,090120,BATTERY MARITIME BLDG,2369.9671972709543,358190.2476714736,False
1980-02-21 00:00:00+00:00,Adopted,790403zmx,790403,SPECIAL CITY ISLAND DIST REZONING,1581.936037342679,151397.77912088385,False
1999-12-07 00:00:00+00:00,Adopted,000017zmr,000017,STATEN ISLAND BALLPARK,2903.5351143306416,393136.8426379489,False
2007-08-22 00:00:00+00:00,Adopted,070065zmq,070065,PLAZA 75,1123.257406950141,59382.262468746216,False
2022-04-28 00:00:00+00:00,Adopted,210321zmx,210321,Our Lady of Pity - 272 East 151st Street,1202.7755489082845,82375.45951170215,True
2007-11-15 00:00:00+00:00,Adopted,070203zmk,070203,CENTURY 21 BAY RIDGE,1067.684099738784,68870.68188813506,False
,Adopted,870955zmk,870955,4TH AVE REZONING,1096.7813311768803,75066.95899866143,False
2006-02-15 00:00:00+00:00,Adopted,060110zmx,060110,WOODLAWN AREA_REZONING,11449.70872683702,5073465.121264489,False
1994-06-29 00:00:00+00:00,Adopted,930547zmr,930547,MEMPHIS AVENUE REZONING,11549.07908297484,7743316.52820972,False
2007-09-10 00:00:00+00:00,Adopted,070314azmq,070314a,THE JAMAICA PLAN,88391.82942116886,51427638.47346147,False
1988-01-28 00:00:00+00:00,Adopted,880115zmq,880115,MAC Q-1 SITE CORONA/E. ELMHURST URA,1609.8305765638077,158388.16527733227,False
1990-07-19 00:00:00+00:00,Adopted,860425zmr,860425,FOREST PLAZA,6141.383097485463,1139486.132867845,False
1993-08-03 00:00:00+00:00,Adopted,930183zmk,930183,SPEC OCEAN PKWAY DIST REZONING,44794.94821644202,33097462.121854104,False
2010-10-13 00:00:00+00:00,Adopted,100369zmm,100369,NORTH TRIBECA REZONING,11145.148726489231,4074526.5095607955,False
2022-04-28 00:00:00+00:00,Adopted,220111zmk,220111,Fulton Street Daycare & Senior Housing Rezoning,574.2863942845723,18660.69622150765,True
1987-03-26 00:00:00+00:00,Adopted,870242zmm,870242,SPEC GARMENT CENTER DIST,7034.686234599926,3098742.4654007256,False
2005-07-27 00:00:00+00:00,Adopted,010703zmx,010703,1701 PURDY ST,1339.4377912545149,79580.54962231716,False
,Adopted,890702zmk,890702,NOSTRAND AVE REZONING,1373.823107731971,114254.27317506039,False
2024-04-11 00:00:00+00:00,Adopted,230307zmq,230307,23-01 Steinway Street Rezoning,1110.1582832573204,77024.79480623032,True
2021-06-17 00:00:00+00:00,Adopted,210149zmx,210149,Crab Shanty Restaurant - 361 City Island Avenue,440.01700071659394,12000.464645419492,False
2022-09-14 00:00:00+00:00,Adopted,220171zmx,220171,1959 Strang Ave.,539.5082371611427,18161.21407477857,True
2005-04-12 00:00:00+00:00,Adopted,050149zmq,050149,BAYSIDE REZONING,76832.1592789882,57950101.15075374,False
2014-12-17 00:00:00+00:00,Adopted,110122zmr,110122,SOLLAZZO PLAZA REZONING,613.2368699247718,22957.392438149313,False
1988-03-24 00:00:00+00:00,Adopted,870887zmq,870887,ELMHURST QUALITY HOUSING SITE,1488.8679613455645,134263.08966823158,False
1978-04-20 00:00:00+00:00,Adopted,770450zmq,770450,"120 AVE,SUTPHIN BLVD,ROCKAWAY BLVD",4759.555598066561,712665.2395168673,False
1995-09-06 00:00:00+00:00,Adopted,920585zmx,920585,WAKEFIELD REZONING,10373.93457370491,4733088.751754248,False
1984-05-24 00:00:00+00:00,Adopted,840131zmk,840131,NYCHA TURNKEY PROJECT,3155.406746933685,604210.0320956213,False
,Adopted,900078zmq,900078,WEST QUEENS AFFORDABLE HOUSING,3628.8513140962405,872500.6756219231,False
2008-05-14 00:00:00+00:00,Adopted,080228zmk,080228,NEW LOTS PLAZA,1498.2139143447264,117686.06371469265,False
2006-02-15 00:00:00+00:00,Adopted,060109zmx,060109,BRUSH AVE REZONING,2584.332582113355,305614.6044058083,False
2006-02-01 00:00:00+00:00,Adopted,030461zmx,030461,CROTONA PARKWAY REZONING,900.005772317865,34796.51910369883,False
2021-10-07 00:00:00+00:00,Adopted,180395zmq,180395,106-02 Rockaway Beach Blvd. Rezoning,1802.9037386576183,159319.99816113067,True
2008-06-12 00:00:00+00:00,Adopted,050172zmx,050172,WESTCHESTER AVE REZONING,1518.6835485574761,126768.74248504627,False
2005-12-21 00:00:00+00:00,Adopted,060061zmr,060061,CASTLETON REZONING,3270.0119251374776,549939.6631327372,False
2016-05-25 00:00:00+00:00,Adopted,160064zmx,160064,3276 JEROME AVENUE,825.6789884575694,35861.24282205972,False
2010-10-27 00:00:00+00:00,Adopted,100437zmm,100437,WASHINGTON/GREENWICH STS,3776.5620341759327,324958.2161920629,False
2020-02-27 00:00:00+00:00,Adopted,190438zmk,190438,2513-2523 Avenue O Rezoning,535.8479167826865,17931.40542742703,False
2023-11-02 00:00:00+00:00,Adopted,220453zmk,220453,703 Myrtle Ave Rezoning,774.0309437161299,33828.667330230135,True
1997-04-16 00:00:00+00:00,Adopted,970155zmm,970155,ST NICHOLAS PARK,1365.5016586232243,118319.71767940166,False
,Adopted,890238zmr,890238,GORDON GROVE REZONING,1474.757067994055,140277.08606792253,False
2019-03-13 00:00:00+00:00,Adopted,180459zmk,180459,570 Fulton,1077.583054061514,52568.02234858276,False
2006-03-01 00:00:00+00:00,Adopted,060171zmk,060171,GREENPOINT-WILLIAMSBURG,12595.2252443156,2118860.1008958635,False
2008-04-30 00:00:00+00:00,Adopted,080099azmm,080099a,125TH ST CORRIDOR,18613.1829737091,4304496.158684719,False
2024-05-16 00:00:00+00:00,Adopted,200310zmk,200310,1289 Atlantic Avenue,1586.5161260229802,121422.524660561,True
2014-06-26 00:00:00+00:00,Adopted,140181zmm,140181,SITE 7,2169.9379319269965,116051.81086464843,False
,Adopted,890235zmk,890235,TOP TOMATO,1619.6662995593044,162369.53200989394,False
2012-03-28 00:00:00+00:00,Adopted,120033zmm,120033,RUDIN WEST VILLAGE PROJECT,1580.8852405968512,133884.71704748107,False
2001-12-11 00:00:00+00:00,Adopted,010556zmm,010556,11TH AVE REZONING,1137.0247408478585,80106.00058222699,False
,Adopted,890739zmq,890739,WINCHESTER ESTATES REZONING,3413.3204080260953,685958.343434155,False
2009-06-30 00:00:00+00:00,Adopted,090283zmq,090283,CORD MEYER-FOREST HILLS,11735.07918634506,5392153.816544711,False
2018-09-26 00:00:00+00:00,Adopted,170164zmk,170164,205 Park Avenue Rezoning,968.9251404206731,56349.30130922435,False
1989-09-28 00:00:00+00:00,Adopted,890188zmr,890188,GIFFORDS LANE WEST,11244.380968749478,5413867.0307275355,False
2001-12-19 00:00:00+00:00,Adopted,010576zmr,010576,ROSEBANK CONTEXTUAL REZONING,35900.457181367456,10938291.489350896,False
2012-07-25 00:00:00+00:00,Adopted,120122zmm,120122,"NYU CORE, MERCER ST., BLEECKER ST.",3500.602393363444,748337.3527766152,False
2017-02-15 00:00:00+00:00,Adopted,170081zmm,170081,THE FREDERICK,812.8181649632947,37996.479388930304,False
2013-07-24 00:00:00+00:00,Adopted,110178zmq,110178,23RD STREET REZONING,503.6432448028196,15792.086268375111,False
2017-11-16 00:00:00+00:00,Adopted,170454zmk,170454,Edwin's Place,805.6018235773572,36243.071646592274,False
2006-10-25 00:00:00+00:00,Adopted,060536zmr,060536,CLIFTON REZONING,7951.963871462004,1812005.5011499089,False
2023-08-03 00:00:00+00:00,Adopted,230001zmk,230001,7120 New Utrech Avenue Rezoning,897.1455138898968,40221.902720998994,True
2021-05-27 00:00:00+00:00,Adopted,210027zmx,210027,Arthur Avenue Hotel,1308.7602588257487,44569.160928472,False
2020-04-22 00:00:00+00:00,Adopted,200149zmm,200149,364 Avenue of the Americas,804.8223064491071,37576.28353276171,False
2025-11-12 00:00:00+00:00,Adopted,240375zmk,240375,58 Nixon Court Rezoning,1266.6789981286947,92740.48618369974,False
2002-10-23 00:00:00+00:00,Adopted,020180zmx,020180,PIONEER SUPERMARKET,1405.7726170160317,82231.37651809363,False
2001-02-07 00:00:00+00:00,Adopted,000304zmq,000304,INTERNATIONAL AIRPORT CENTER,4804.016021406725,1366788.3371801786,False
2019-05-08 00:00:00+00:00,Adopted,160175zmk,160175,1050 Pacific Street Rezoning,1023.3773507255382,64808.65148010455,False
1984-05-24 00:00:00+00:00,Adopted,840364zmm,840364,LEXINGTON AVE BETWEEN 61ST ST AND 9,19695.785602695058,3290070.1906716204,False
1999-06-30 00:00:00+00:00,Adopted,910332zmq,910332,LINDENWOOD COMMONS,2864.8643602384814,454309.6327917167,False
2005-03-23 00:00:00+00:00,Adopted,050134azmk,050134a,BAY RIDGE REZONING,54022.24102670348,40108682.78622234,False
2002-01-30 00:00:00+00:00,Adopted,020047zmk,020047,RED HOOK STORES,4720.851990380905,993908.0848832177,False
2001-04-25 00:00:00+00:00,Adopted,010148zmm,010148,WEST 57TH STREET DEVELOPMENT,2747.778110313514,375601.99070398376,False
,Adopted,790634zmm,790634,1TH AVE E34TH ST,1868.507230555018,203113.0505423277,False
2007-03-28 00:00:00+00:00,Adopted,060018zmk,060018,CARROLL ST,489.49275385406327,14480.129378121686,False
2011-10-05 00:00:00+00:00,Adopted,110384zmx,110384,WILLIAMSBRIDGE/BAYCHESTER REZONING,85849.504725917,19708409.56382985,False
2019-04-09 00:00:00+00:00,Adopted,180447zmq,180447,Former Parkway Hospital Rezoning,1636.8962332314754,155531.55568114255,False
2019-05-08 00:00:00+00:00,Adopted,190053zmk,190053,1640 Flatbush Avenue,1505.3369538397856,53390.23147088001,False
2018-01-31 00:00:00+00:00,Adopted,170024zmk,170024,116 Bedford Avenue,798.3335955814636,35733.20035036594,False
2012-09-12 00:00:00+00:00,Adopted,110390zmk,110390,WALLABOUT STREET,1301.1248104141982,102854.99490397896,False
2009-07-29 00:00:00+00:00,Adopted,090336zmk,090336,FLATBUSH REZONING,30817.1348599734,38168592.46328448,False
2003-08-19 00:00:00+00:00,Adopted,030149zmr,030149,NORTHERN GREAT KILLS,7519.43198386095,1465300.4603768827,False
2024-05-16 00:00:00+00:00,Adopted,230146zmk,230146,281-311 Marcus Garvey Blvd.,1350.8880061638383,74437.71558598016,True
,Adopted,840844zmx,840844,3212 CAMBRIDGE AVE,1294.2245372355287,111502.71275469784,False
1994-07-19 00:00:00+00:00,Adopted,940306zmm,940306,REPUBLIC NATIONAL BANK,1695.547749841087,177121.39735200827,False
2024-09-26 00:00:00+00:00,Adopted,240237zmm,240237,MSK Pavilion,922.9064321271792,52423.53138949908,True
2006-07-19 00:00:00+00:00,Adopted,060335zmx,060335,PELHAM PKWY/INDIAN VILLAGE REZONING,18761.710512181115,9559305.513335738,False
2022-11-22 00:00:00+00:00,Adopted,220364zmq,220364,Innovation QNS Rezoning and LSGD,3705.711205357139,796796.5317400104,True
2018-06-28 00:00:00+00:00,Adopted,180127zmm,180127,601 West 29th Street (Block 675 - Douglaston),5920.352279890226,1215795.6682228765,False
1983-03-03 00:00:00+00:00,Adopted,830111zmm,830111,SLIVER BUILDING ZONE MAP,49567.183838718796,4858449.726094607,False
,Adopted,890228zmx,890228,GRAND CONCOURSE SPECIAL ZONING DIST,48698.22102106608,24404790.56964554,False
2011-09-21 00:00:00+00:00,Adopted,100063zmm,100063,WEST 28TH STREET,2238.0816164249422,311460.44988644915,False
1984-06-14 00:00:00+00:00,Adopted,800998zmr,800998,"ENFIELD PL, RICHMOND RD, DEMARCO PL",2593.938266269968,423177.46276870475,False
2021-11-23 00:00:00+00:00,Adopted,200314zmk,200314,824 Metropolitan Avenue Rezoning,800.3508269636368,34865.956736633474,True
2010-09-16 00:00:00+00:00,Adopted,100436zmq,100436,ROSEDALE REZONING,42802.311476170966,26283203.188373864,False
2012-12-10 00:00:00+00:00,Adopted,100218zmk,100218,MCGUINNESS BOULEVARD REZONING,1520.3380779528982,92555.33997873099,False
2023-05-25 00:00:00+00:00,Adopted,210283zmq,210283,26-50 Brooklyn Queens Expressway,1337.2206626505265,100842.1799108718,True
2008-09-04 00:00:00+00:00,Adopted,080462zmq,080462,LAURELTON REZONING,27258.649017701253,37657493.13699481,False
2002-09-25 00:00:00+00:00,Adopted,970453zmr,970453,PLEASANT PLAINS,68879.59679537955,79471459.9499899,False
2011-03-23 00:00:00+00:00,Adopted,110115zmx,110115,COURTLANDT CRESCENT,1159.7703655226553,78924.39367009042,False
2016-10-13 00:00:00+00:00,Adopted,160194zmm,160194,1968 Second Avenue,373.7777538160474,8219.555948621339,False
2010-07-29 00:00:00+00:00,Adopted,100207zmq,100207,FLUSHING COMMONS,2328.6654023093106,334833.35516493535,False
2003-12-03 00:00:00+00:00,Adopted,030001zmr,030001,SIBP REZONING/N.E NORTH SHORE,82085.96488842815,30729226.6688971,False
,Adopted,880928zmq,880928,POLICE AUTO POUND,5476.738047791712,1418954.43836997,False
,Adopted,930584zmq,930584,SELFHELP HOUSING FOR THE ELDERLY,1774.2889780355672,203004.42901134366,False
2021-04-29 00:00:00+00:00,Adopted,210043zmk,210043,135-137 Bedford Avenue,776.4520551923915,33352.06677839022,False
2005-02-02 00:00:00+00:00,Adopted,040251zmk,040251,RESTAURANT 101,783.3568067925626,37180.02183106103,False
2024-07-18 00:00:00+00:00,Adopted,230276zmq,230276,5875 Queens Midtown Expressway Rezoning,2674.7573512243744,288909.07121988677,True
2011-04-29 00:00:00+00:00,Adopted,090225zmk,090225,CARROLL STREET REZONING,717.64128642751,31298.76150264847,False
2022-04-28 00:00:00+00:00,Adopted,210386zmk,210386,1034 - 1042 Atlantic Avenue Rezoning,974.7974744715935,53025.32833893913,True
2025-06-11 00:00:00+00:00,Adopted,230378zmk,230378,166 Kings Highway Rezoning,937.4215614298217,52361.744980787276,True
1985-08-15 00:00:00+00:00,Adopted,850111zmm,850111,350-356 W14TH A/K/A 682 HUDSON ST,911.5023012813815,48674.73335159011,False
2007-12-19 00:00:00+00:00,Adopted,070495zmm,070495,SPEC MANHATTANVILLE DIST,8918.458515293072,2434988.686290016,False
1989-09-14 00:00:00+00:00,Adopted,890658zmk,890658,LIRR/ROW REZONING,635.0349699540346,20987.37093997783,False
2024-07-18 00:00:00+00:00,Adopted,220185zmq,220185,27-24 College Point Boulevard Commercial Overlay,634.9070786707815,21392.78186787343,True
1989-09-28 00:00:00+00:00,Adopted,890156zmr,890156,GIFFORDS LANE,13939.378049724874,10484775.780345589,False
,Adopted,910052zmk,910052,BROADWAY INDUSTRIAL DEV,1166.7908490856316,62766.170789420095,False
2018-12-20 00:00:00+00:00,Adopted,180344zmk,180344,29 Jay St Rezoning,825.8140417787959,41811.19724355333,False
2025-11-12 00:00:00+00:00,Adopted,250056zmk,250056,464 Ovington Avenue Rezoning,713.6440512647184,30734.018904472243,False
1982-06-11 00:00:00+00:00,Adopted,820187zmq,820187,"45TH AVE, 82ND ST, LIRR & 80TH ST",2645.6814737776936,447174.73826491367,False
2019-05-29 00:00:00+00:00,Adopted,190235zmm,190235,East Harlem Follow-Up Actions,895.5085809410655,48455.763964508034,False
,Adopted,830193zmq,830193,DIETZ COAL & ICE BUILDING,1590.2011782882332,142659.51681288023,False
,Adopted,800944zmm,800944,521-27 W47 ST,1505.3475923385968,141429.89164501752,False
,Adopted,810481zmx,810481,"BELMONT AVE E176TH ST, CROTONA AVE",1112.240624396632,78667.87893685073,False
2000-07-27 00:00:00+00:00,Adopted,000380zmr,000380,S.I. LIGHTHOUSE MUSEUM,2906.5625236104,382499.1356605111,False
,Adopted,910083zmr,910083,WEST ELTINGVILLE REZONING,12584.183678192223,9737705.441287762,False
2025-02-13 00:00:00+00:00,Adopted,240311zmq,240311,122-03 14th Avenue ,776.4402556479215,32724.002697890424,True
2008-04-30 00:00:00+00:00,Adopted,080128zmx,080128,JAMES J. LYONS URP,1027.8734813625128,67303.75557998141,False
2015-08-13 00:00:00+00:00,Adopted,150288zmx,150288,TRES PUENTES,1880.0352834576504,185151.89651975915,False
1982-08-19 00:00:00+00:00,Adopted,801090zmk,801090,"E NY AVE, JUNIUS ST, LIBERTY AVE, S",3464.7045610566365,636424.4978876119,False
2017-08-09 00:00:00+00:00,Adopted,170187zmm,170187,Greater East Midtown,1492.094400968758,130370.23316178986,False
1981-12-03 00:00:00+00:00,Adopted,800984zmq,800984,"BORDEN & JACKSON AVES, 44TH DR, E R",11311.277866441755,7579614.533061764,False
2006-07-19 00:00:00+00:00,Adopted,020087zmq,020087,VERNON BLVD REZONING,2878.5775216127363,511420.02957215864,False
2025-11-12 00:00:00+00:00,Adopted,250176zmq,250176,Long Island City Neighborhood Plan,17593.502825154803,8668426.753451152,False
2016-10-13 00:00:00+00:00,Adopted,160219zmq,160219,Rockaway Beach Boulevard Rezoning,922.0659564994983,48438.22392886298,False
2021-11-23 00:00:00+00:00,Adopted,210480zmm,210480,Cooper Park Commons,2127.948284435645,276537.8949088135,True
2020-12-10 00:00:00+00:00,Adopted,200158zmk,200158,Bedford Avenue Overlay Extension ,394.293266159934,9549.046781232451,False
,Adopted,930028zmq,930028,34TH AVE & 41 ST REZONING,686.4352004009744,29358.69701820887,False
1983-12-15 00:00:00+00:00,Adopted,830094zmk,830094,FORMER NYS ARSENAL,2403.068943832603,295790.7395354683,False
2022-12-07 00:00:00+00:00,Adopted,220188zmk,220188,280 Bergen Street Rezoning ,2009.772436873658,140998.2326145186,True
1998-08-27 00:00:00+00:00,Adopted,980391zmx,980391,1572 JEROME AVE,559.937990336245,18150.75223312783,False
,Adopted,810304zmk,810304,DUNCAN JENNES APTS,1053.5293961487407,67479.14057358056,False
1995-11-23 00:00:00+00:00,Adopted,760129zmr,760129,168 ARTHUR KILL RD,1865.2425921387996,220720.3709799385,False
2018-09-26 00:00:00+00:00,Adopted,180138zmq,180138,O'Neill's Rezoning,1324.1932930188955,74929.67519496007,False
2011-06-29 00:00:00+00:00,Adopted,070210zmq,070210,"135-01, 135-09 NORTHERN BLVD",906.3018978583291,49414.27798383123,False
2003-02-26 00:00:00+00:00,Adopted,020071zmq,020071,MAGNOLIA PLAZA,992.6105702244315,55496.42218155373,False
2024-09-26 00:00:00+00:00,Adopted,230250zmq,230250,21st Street Rezoning,1347.7253948556643,80551.57913882937,True
2019-12-19 00:00:00+00:00,Adopted,190434zmm,190434,La Hermosa,1232.5859293577087,94954.08820912763,False
2014-04-29 00:00:00+00:00,Adopted,140155zmk,140155,1380 Rockaway Parkway Rezoning,439.1656036776282,12091.24812220986,False
2018-08-08 00:00:00+00:00,Adopted,170380zmm,170380,East 33rd St Rezoning,754.5577184899189,34990.76009084878,False
,Adopted,801102zmx,801102,HOE AVE BET E163 ST & ALDUS ST,855.8857339861697,42710.61385582025,False
1991-11-12 00:00:00+00:00,Adopted,900652zmk,900652,S.M. CHILDREN'S CENTER,1111.0998026688158,76755.98116738019,False
2000-10-12 00:00:00+00:00,Adopted,990628zmq,990628,BROADWAY REZONING,939.9797835879172,49655.4027115683,False
2001-02-27 00:00:00+00:00,Adopted,990612zmk,990612,TIFFANY PLACE REZONING,560.8900575777633,17731.067484544525,False
2016-01-19 00:00:00+00:00,Adopted,150422zmr,150422,LANDMARK COLONY,1421.428000140399,108421.11854687816,False
2025-08-14 00:00:00+00:00,Adopted,250185zmm,250185,Midtown South Mixed-Use Plan (MSX),23833.025556573306,6314737.596232709,True
,Adopted,910002zmr,910002,OAKWOOD REZONING,9877.904411786818,4712584.053639296,False
2025-05-01 00:00:00+00:00,Adopted,240250zmq,240250,102-51 Queens Boulevard Rezoning,1063.9793330381744,67032.76757162699,True
2023-04-27 00:00:00+00:00,Adopted,200232zmq,200232,25-46 Far Rockaway Blvd,745.6631352162711,28729.41709113379,True
1997-08-05 00:00:00+00:00,Adopted,960576zmm,960576,LEXINGTON AVENUE REZONING,1811.2785135283898,203736.49147507583,False
2010-10-27 00:00:00+00:00,Adopted,100345zmk,100345,CULVER EL,4717.389142253903,1055747.4818248893,False
2023-08-03 00:00:00+00:00,Adopted,230041zmq,230041,Ocean Crest Rezoning,1457.3560590121879,100428.78333780392,True
2021-11-10 00:00:00+00:00,Adopted,210289zmr,210289,River North (Liberty Towers),2094.501269672701,214499.2021399384,True
2022-07-14 00:00:00+00:00,Adopted,210375zmm,210375,Wetherole Street and 67th Avenue Rezoning,670.0564474631251,26576.555825414798,True
2013-03-20 00:00:00+00:00,Adopted,120380zmm,120380,HUDSON SQUARE SPECIAL DISTRICT,7027.049318469003,2192924.4894259074,False
2006-04-05 00:00:00+00:00,Adopted,060235zmq,060235,UNION-UTOPIA REZONING,22978.436345442995,15294499.19180073,False
2005-09-28 00:00:00+00:00,Adopted,050482zmq,050482,COLLEGE POINT REZONING,46437.691766942604,19095677.68410266,False
2009-09-30 00:00:00+00:00,Adopted,090441zmk,090441,470 VANDERBILT AVE,2179.663707155424,214708.42053036284,False
2003-06-05 00:00:00+00:00,Adopted,030244zmm,030244,ANCHOR-MILBANK FRAWLEY CIRCLE WEST,2906.456023769194,398095.24101190275,False
1984-07-12 00:00:00+00:00,Adopted,840557zmm,840557,30TH AVE BET 119TH & 120TH STS BET,3246.364083744576,551049.0782007489,False
2007-09-25 00:00:00+00:00,Adopted,070427zmm,070427,UPPER WEST SIDE REZONING,21924.404430880993,5174763.980188291,False
2003-04-30 00:00:00+00:00,Adopted,020213zmm,020213,SEAPORT REZONING,3821.7484567578704,843586.8461641688,False
2025-11-25 00:00:00+00:00,Adopted,250121zmk,250121,5502 Flatlands Ave Rezoning,954.1791200433877,47594.92800553371,False
1989-09-14 00:00:00+00:00,Adopted,890609zmq,890609,BAYSIDE REZONING,22526.00953574051,6430098.372922969,False
2008-03-26 00:00:00+00:00,Adopted,070522zmm,070522,EAST RIVER REALTY CO.,1780.30145355126,163118.77877465394,False
2005-12-08 00:00:00+00:00,Adopted,060084zmx,060084,OLINVILLE AREA REZO & TEXT AMEND,23301.152413625117,6000665.449113703,False
2024-07-18 00:00:00+00:00,Adopted,230351zmk,230351,2118 Avenue U Rezoning,891.6077552934106,48364.579509587515,True
2018-11-14 00:00:00+00:00,Adopted,180174zmq,180174,St. Michael's Cemetery Park Elimination,5193.840421277775,148588.34343884824,False
2014-04-29 00:00:00+00:00,Adopted,110106zmr,110106,1582 RICHMOND AVE,1596.8936613645124,95086.33170400577,False
,Adopted,790840zmx,790840,BND BY CROSS BX EXPWAY WASHINGTON A,6438.87950425576,2438081.4789779563,False
1997-04-16 00:00:00+00:00,Adopted,960074zmm,960074,LAFAYETTE-MULBERRY,1503.7782674268924,123582.58367152236,False
1991-08-15 00:00:00+00:00,Adopted,900075zmk,900075,COLUMBIA ST URP,1973.2429482177924,249460.33731171815,False
2007-10-17 00:00:00+00:00,Adopted,060353zmk,060353,BAY RIDGE MIXED USE DEV,2826.5349385280933,485544.37135781196,False
2011-09-21 00:00:00+00:00,Adopted,110047zmk,110047,BROOKLYN BAY CENTER,6403.283536459603,1293865.5606838334,False
1982-10-28 00:00:00+00:00,Adopted,820640zmr,820640,HYLAN BLVD & OTIS AVE,619.647022344449,22606.97898796191,False
1987-10-29 00:00:00+00:00,Adopted,870963zmm,870963,TURTLE BAY MIDLOCK REZONING,9372.724174300005,3351419.7240904006,False
1989-02-09 00:00:00+00:00,Adopted,870160zmk,870160,NOLL ST FRONTAGE,1441.9401118094916,91539.82714249451,False
2004-12-15 00:00:00+00:00,Adopted,020523zmq,020523,GARDEN WORLD,2502.283818571577,308666.79474887374,False
2022-02-24 00:00:00+00:00,Adopted,210239zmk,210239,2134 COYLE STREET REZONING,1270.4875034876727,68034.74828684876,True
1999-02-10 00:00:00+00:00,Adopted,990092zmk,990092,KENT AVE REZONING/PARK PLAZA,3584.6757520013193,730130.5608860307,False
2025-11-12 00:00:00+00:00,Adopted,250044zmq,250044,78-01 Queens Boulevard Rezoning,1189.9940477095092,94353.66014374867,False
2011-09-08 00:00:00+00:00,Adopted,110058zmk,110058,OCEAN DREAMS,1842.3714689110425,191383.08527239488,False
,Adopted,780090zmx,780090,"ZEREGA,HAVEMAYER,SEWARD & LA COMBE",4511.704630688097,1127781.1480287912,False
2016-04-20 00:00:00+00:00,Adopted,160065zmx,160065,Woodlawn Rezoning,1962.1194378942805,192068.6702576123,False
2024-04-11 00:00:00+00:00,Adopted,230126zmq,230126,30-11 12th Street Rezoning,1402.4251826092313,104023.48951439043,True
2021-05-12 00:00:00+00:00,Adopted,210133zmq,210133,Resilient Neighborhoods: Old Howard Beach,19692.07644488065,6910515.105941136,False
2013-03-13 00:00:00+00:00,Adopted,070352zmq,070352,AVERY & FOWLER AVES REZONING,2380.265468814077,218008.40906269144,False
2025-08-14 00:00:00+00:00,Adopted,250030zmk,250030,236 Gold Street Rezoning,521.591983658926,16974.450032053843,True
,Adopted,770238zmk,770238,"120 AVE,SUTPHIN BLVD,ROCKAWAY BLVD",5670.0151343468715,1168918.8994341313,False
1992-07-29 00:00:00+00:00,Adopted,910441zmx,910441,WHITE PLAINS RD REZONING,725.2643063584474,32608.837299528623,False
2008-04-16 00:00:00+00:00,Adopted,080233zmx,080233,ROSCOE C BROWNE JR APTS,1381.9880913583943,82255.46117730156,False
2019-10-17 00:00:00+00:00,Adopted,180282zmq,180282,91-05 Beach Channel Drive Overlay Rezoning,761.9982734453508,30341.03510615762,False
2008-07-01 00:00:00+00:00,Adopted,070174zmq,070174,COLLEGE POINT-14TH AVE,1092.3773360498972,74232.40061231697,False
2007-05-09 00:00:00+00:00,Adopted,070265zmx,070265,CLASON PT/HARDING PK,28353.01628306674,10300157.291252613,False
2008-09-24 00:00:00+00:00,Adopted,080457zmq,080457,WALDHEIM REZONING,14270.646634726363,7552925.074801206,False
2025-05-28 00:00:00+00:00,Adopted,240294zmk,240294,2201-2227 Neptune Avenue,1284.4405917558083,104158.55204661148,True
2017-10-17 00:00:00+00:00,Adopted,170311zmx,170311,Lower Concourse North Rezoning,2350.252680711858,286010.45932527824,False
2021-03-25 00:00:00+00:00,Adopted,200243zmq,200243,50-25 Barnett Avenue Rezoning,1574.8553330045006,132795.75596324913,False
1983-12-01 00:00:00+00:00,Adopted,831105zmm,831105,2ND AVE REZONING,8616.739403345178,3581761.6566251526,False
2001-04-17 00:00:00+00:00,Adopted,010123zmk,010123,WEST BUSHWICK AREA,3028.2288425821143,321643.8661150906,False
2018-12-20 00:00:00+00:00,Adopted,180489zmk,180489,Marcus Garvey Apartments LSGD,4049.5437755288394,250996.62174536797,False
,Adopted,890356zmk,890356,"21-65 LORIMER ST, MIDDLETON ST",2572.788147910781,430315.60855713557,False
1985-11-14 00:00:00+00:00,Adopted,850532zmr,850532,"W BRIGHTON, PORT RICHMOND, MARINERS",44871.72825425668,67759542.3754718,False
1983-06-16 00:00:00+00:00,Adopted,820479zmq,820479,QUEENS BLVD_57TH AVE_&_90TH ST,490.8363369542294,12247.607387647004,False
,Adopted,800103zmx,800103,CAROLL & SCHOFIELD STS,2082.5680335566,257798.48858303597,False
1993-12-21 00:00:00+00:00,Adopted,930168zmq,930168,MASPETH REZONING,10941.236859883486,8306762.6732616965,False
2023-08-03 00:00:00+00:00,Adopted,210314zmk,210314,1160 Flushing Avenue,1119.7080035227189,76247.99371510479,True
2022-02-24 00:00:00+00:00,Adopted,200329zmk,200329,2892 Nostrand Ave Rezoning ,1318.7194804705587,79679.1346097515,True
2022-10-12 00:00:00+00:00,Adopted,220169zmq,220169,40-25 Crescent Street Rezoning,1182.577379775528,86104.53687360429,True
2000-07-27 00:00:00+00:00,Adopted,000122zmr,000122,WOODROW REZONING,36449.88297365347,33363631.96419299,False
1999-04-28 00:00:00+00:00,Adopted,980680zmk,980680,HUNTINGTON HOUSE APTS,881.2560715163806,46283.50733147818,False
,Adopted,860289zmk,860289,BARTEL PRITCHARD SQ,1949.18705920695,279995.9826650419,False
2016-04-20 00:00:00+00:00,Adopted,160035zmk,160035,East New York Community Plan,42701.76881060804,19336126.1283509,False
2024-10-10 00:00:00+00:00,Adopted,240328zmq,240328,South Jamaica Gateway Rezoning,1210.9494883018865,62168.702588032,True
2004-10-13 00:00:00+00:00,Adopted,040492zmq,040492,JAMAICA HILL REZONING,12562.953252830714,4540782.824789766,False
2004-06-28 00:00:00+00:00,Adopted,040171zmk,040171,DOWNTOWN BKLYN DEVELOPMENT,23018.91969376582,4603256.46693912,False
2020-11-19 00:00:00+00:00,Adopted,200103zmq,200103,110-40 Saultell Ave.,889.3967665378051,44283.161617890735,False
2019-03-13 00:00:00+00:00,Adopted,180261zmx,180261,Williamsbridge Road Rezoning,910.3970430976713,34866.03393851528,False
1985-09-19 00:00:00+00:00,Adopted,851124zmm,851124,UNION SQ FOLLOW UP-MIDBLOCK PHASE I,1782.287113649519,186554.60272648738,False
2009-12-21 00:00:00+00:00,Adopted,090430zmm,090430,WESTERN RAIL YARDS/MTA SITE,457.2769795672609,12399.849111925465,False
2019-04-18 00:00:00+00:00,Adopted,170438zmx,170438,Blondell Commons,1617.9407968057144,142898.95909334012,False
2013-10-09 00:00:00+00:00,Adopted,130306zmk,130306,BROOKLYN COLLEGE CAMPUS ROAD,1159.0599383096724,73044.36659401126,False
1981-08-20 00:00:00+00:00,Adopted,810275zmm,810275,"BND DIVISION ST, PIKE ST, HENRY ST,",2868.264528560071,454074.01869848056,False
1995-12-20 00:00:00+00:00,Adopted,950439zmx,950439,GUN HILL RD RETAIL DEVELOPMENT,3484.119279720751,688243.7395925685,False
2008-01-30 00:00:00+00:00,Adopted,060225zmm,060225,TUCK-IT-AWAY,1463.8173862245087,102995.12057678503,False
1984-12-20 00:00:00+00:00,Adopted,841034zmm,841034,NORTH HARLEM II URP,860.9612987946529,50439.122045490665,False
,Adopted,780080zmq,780080,92TH BET 156 & 157 AVES,1471.9807072347264,86313.06415944648,False
1989-07-20 00:00:00+00:00,Adopted,890607zmk,890607,WINDSOR TERRACE REZONING,9986.727308814572,5936621.632265039,False
1992-08-26 00:00:00+00:00,Adopted,920126zmq,920126,WOODSIDE REZONING,10237.862401340524,4526322.4998912485,False
1999-12-07 00:00:00+00:00,Adopted,980469zmx,980469,69 CRIMINAL COURT COMPLEX,2603.2997178540386,429098.1503899016,False
1989-10-12 00:00:00+00:00,Adopted,890583zmr,890583,BARRETT PK NEIGHBORHOOD REZONING,11616.671171882643,6649112.341596869,False
1982-07-22 00:00:00+00:00,Adopted,820798zmm,820798,"MADISON AVE, E60TH ST, E61ST ST",1419.4260087161251,122789.0610353745,False
2010-02-03 00:00:00+00:00,Adopted,090042zmr,090042,SANDY GROUND REZONING,27522.215722623674,11957213.975302175,False
2007-04-23 00:00:00+00:00,Adopted,050037zmq,050037,JUNCTION BLVD,791.4948005880856,37774.71695451264,False
2025-02-13 00:00:00+00:00,Adopted,230248zmk,230248,2185 Coyle Street,1831.655647884451,174966.57475311798,True
,Adopted,860304zmm,860304,MADISON SQ GARDEN/WORLDWIDE PLAZA,2233.064021904266,258786.6629948832,False
2006-02-01 00:00:00+00:00,Adopted,050529zmx,050529,BX TERMINAL MARKET GATEWAY CENTER,6966.383347789228,1850656.019315205,False
2017-07-20 00:00:00+00:00,Adopted,170087zmx,170087,Whitlock and 165th Street - Rezoning,1654.767019448014,83305.82717671317,False
2004-11-10 00:00:00+00:00,Adopted,040249zmm,040249,VERIZON W43RD ST REZONING,1361.098457340823,96257.39869090417,False
2009-01-28 00:00:00+00:00,Adopted,060021zmq,060021,ASTORIA BLVD,892.174221173163,44400.63708161666,False
2018-06-28 00:00:00+00:00,Adopted,180150zmm,180150,606 West 30th Street (Block 675 - Lalezarian),5571.278979933402,1429498.1507572827,False
2019-04-18 00:00:00+00:00,Adopted,190102zmx,190102,2069 Bruckner Boulevard Rezoning,1483.071478139823,136433.50924700146,False
1977-11-17 00:00:00+00:00,Adopted,760215zmm,760215,"WEST,CHARLES & WASHINGTON STS,CHARL",717.945685282398,28910.047465980308,False
,Adopted,820224zmq,820224,CALVARY BAPTIST CHURCH,1606.0772297532046,150237.20704849652,False
,Adopted,800075zmk,800075,WOODWARD FURERAL HOME,678.2138217988711,28863.27197081985,False
2005-08-17 00:00:00+00:00,Adopted,050376zmm,050376,ALL SAINTS HOUSING,986.8077546782988,60411.73115707215,False
2005-10-11 00:00:00+00:00,Adopted,060006zmm,060006,FAR WEST VILLAGE,8971.647166858062,1096668.6270505574,False
,Adopted,790579zmm,790579,NY LAW SCHOOL,982.4428317445922,59875.7600846039,False
2011-04-06 00:00:00+00:00,Adopted,070579zmk,070579,542-556 HOWARD AVE,1443.8854804059015,96688.29188310941,False
2014-06-26 00:00:00+00:00,Adopted,140070zmm,140070,WEST 117 STREET REZONING,1464.3627802571914,117521.11280868953,False
1991-08-15 00:00:00+00:00,Adopted,900831zmr,900831,AMBOY-BEDELL SHOPPING CENTER,2351.0573923447832,323781.25338362355,False
2022-10-12 00:00:00+00:00,Adopted,220007zmx,220007,Bruckner Sites Rezoning,4283.36738689616,376210.80917849636,True
2010-09-16 00:00:00+00:00,Adopted,100145zmq,100145,HOUR CHILDREN,1894.6564722034584,220046.096416606,False
2019-10-17 00:00:00+00:00,Adopted,180291zmq,180291,15-33 Clintonville St. Rezoning,606.4456436716316,16579.097343873746,False
,Adopted,940338zmq,940338,ALLEN A.M.E. CHURCH COMMR'L COMPLEX,2188.621944038009,292097.40074049454,False
2008-03-12 00:00:00+00:00,Adopted,060377zmk,060377,WALLABOUT STREET REZONING,1490.1927009291499,126953.3489716177,False
2014-06-26 00:00:00+00:00,Adopted,100202zmk,100202,EMPIRE BOULEVARD REZONING,1743.2132761636053,164919.52569364177,False
2018-01-31 00:00:00+00:00,Adopted,170356zmk,170356,587 Bergen Street Rezoning,989.8316236907662,24213.138604037988,False
2023-05-25 00:00:00+00:00,Adopted,220267zmq,220267,141-05 109th Avenue Rezoning,1185.2111108042366,62127.58368859513,True
2025-12-18 00:00:00+00:00,Adopted,250272zmq,250272,18-15 Francis Lewis Blvd Commercial Overlay,882.717015590689,31088.498280536438,False
2017-10-31 00:00:00+00:00,Adopted,150278zmk,150278,Pfizer Sites Rezoning,2376.8450501132465,309382.458619447,False
2022-05-19 00:00:00+00:00,Adopted,200358zmk,200358,2300 Cropsey Avenue Rezoning,1378.0611233048212,106689.93688903716,True
1997-07-15 00:00:00+00:00,Adopted,970219zmm,970219,W42ND ST CORRIDOR,2229.453499880365,236102.12751487063,False
2025-10-29 00:00:00+00:00,Adopted,250208zmq,250208,Ikos Senior Living,1389.845152774164,88328.62899443814,False
2013-06-12 00:00:00+00:00,Adopted,110398zmq,110398,28TH AVENUE REZONING,1004.9246159100946,63041.56823373416,False
2020-10-15 00:00:00+00:00,Adopted,190377zmk,190377,5914 Bay Parkway Rezoning,585.0586268811894,21389.85666291896,False
2007-10-29 00:00:00+00:00,Adopted,070472zmq,070472,ST ALBANS-HOLLIS REZONING,68869.11552750554,41739539.48662652,False
2003-06-24 00:00:00+00:00,Adopted,030234azmm,030234a,EAST HARLEM REZONING,27148.62431697728,9233907.826570015,False
2021-08-26 00:00:00+00:00,Adopted,200230zmq,200230,Beach 67th Street Rezoning,905.6685627472555,44518.30281385379,False
2022-09-29 00:00:00+00:00,Adopted,220196zmq,220196,Halletts North,1930.706641413285,211576.27402570008,True
1990-12-05 00:00:00+00:00,Adopted,880392zmq,880392,FRANCIS LEWIS BLVD REZONING,1500.3309518762771,101758.31449095457,False
1984-05-24 00:00:00+00:00,Adopted,840125zmk,840125,WILLIAMSBURG URA,2448.6189187502914,322387.79747017234,False
2011-07-28 00:00:00+00:00,Adopted,110207zmq,110207,SUNNYSIDE-WOODSIDE,38858.06719434754,16149889.315270895,False
2025-03-12 00:00:00+00:00,Adopted,250046zmq,250046,Queens Future Zoning Map Change,6517.212770206767,2462671.6575129284,True
2000-12-19 00:00:00+00:00,Adopted,990274zmq,990274,EDWARDS SUPER FOOD STORE,699.5111710175926,30463.611913207595,False
2003-03-12 00:00:00+00:00,Adopted,020188zmr,020188,NICHOLAS AVE REZONING,4692.265129294775,735228.5600402677,False
2009-03-24 00:00:00+00:00,Adopted,090146zmx,090146,BROADWAY PLAZA REZONING,1784.1600825953099,195446.68060585816,False
2021-12-15 00:00:00+00:00,Adopted,210422zmm,210422,SoHo/NoHo,15376.22968155306,6373080.515977451,True
,Adopted,880273zmm,880273,YORK AVE REZONING,918.3810514725523,50568.26820259597,False
2010-04-14 00:00:00+00:00,Adopted,100120zmr,100120,GRYMES HILL/SUNNYSIDE,7864.214732166866,3355074.5718666324,False
2008-12-18 00:00:00+00:00,Adopted,080517zmx,080517,VIA VERDE/THE GREEN WAY,2104.4689198964425,190056.77205208567,False
1983-09-15 00:00:00+00:00,Adopted,831254zmx,831254,CHARLOTTE GARDENS PHASE II,5088.962853758407,1716854.5359912012,False
1988-06-09 00:00:00+00:00,Adopted,870392zmk,870392,CONEY ISLAND I URP (SITE 47),2015.4421095022562,214110.96795877418,False
2004-09-09 00:00:00+00:00,Adopted,040189zmr,040189,GREAT KILLS CONTEXTUAL REZONING,26243.954108341608,9187434.395209145,False
2025-02-27 00:00:00+00:00,Adopted,240280zmk,240280,441 & 467 Prospect Avenue Rezoning,1404.2811286355402,100158.40423455392,True
2005-05-11 00:00:00+00:00,Adopted,050111azmk,050111a,GREENPOINT-WILLIAMSBURG,54182.68882293998,25804290.247405265,False
2013-10-30 00:00:00+00:00,Adopted,130374zmk,130374,LIVONIA COMMONS,4997.591825379422,447375.6564268869,False
1990-08-16 00:00:00+00:00,Adopted,861028zmm,861028,SOTHEBY'S EXPNSN,1385.0633790938903,119900.04460927878,False
2002-01-30 00:00:00+00:00,Adopted,010705zmx,010705,"3677, 3683 EAST TREMONT AVE",2190.3452144770786,128527.33528301492,False
2002-02-27 00:00:00+00:00,Adopted,010651zmm,010651,1441 BROADWAY REZONING,1040.008485611904,62523.29287916742,False
2004-07-21 00:00:00+00:00,Adopted,040021zmm,040021,LAFAYETTE ST REZONING,1841.0196381111857,120550.2570592263,False
1999-03-30 00:00:00+00:00,Adopted,980584zmk,980584,WASHINGTON ST REZONING,2786.227590769165,497132.96188919304,False
,Adopted,890610zmq,890610,COLLEGE POINT REZONING,5773.636929040286,2237458.644836613,False
1996-05-22 00:00:00+00:00,Adopted,950620zmr,950620,HISTORIC TOTTENVILLE REZONING,15243.636851070467,11602623.849152574,False
2021-12-09 00:00:00+00:00,Adopted,210408zmm,210408,Starrett Lehigh + Warehouse Terminal Rezoning,2544.7155386677405,386969.2924824655,True
2021-06-17 00:00:00+00:00,Adopted,200282zmq,200282,30-02 Newtown Avenue Rezoning,893.5149569789994,33302.58249089173,False
1989-12-07 00:00:00+00:00,Adopted,880941zmq,880941,GOLDEN TOWERS,3415.08225746078,445458.56276917696,False
2023-09-14 00:00:00+00:00,Adopted,220334zmx,220334,893 Eagle Avenue Rezoning,547.2665289639925,18531.531733974713,True
1989-10-26 00:00:00+00:00,Adopted,890919zmk,890919,KINGS HIGHWAY REZONING,5586.012808762439,1838286.3178791853,False
1988-04-14 00:00:00+00:00,Adopted,870805zmx,870805,SHOREHAVEN,7900.653260628384,1848740.91188035,False
2002-09-25 00:00:00+00:00,Adopted,860117zmm,860117,GLICK 61ST ST,1950.3641366368186,212773.21701391164,False
2024-10-10 00:00:00+00:00,Adopted,230354zmk,230354,250 86th Street Rezoning,691.9536259517982,29296.347666698886,True
1995-12-20 00:00:00+00:00,Adopted,950513zmm,950513,POLICE SERVICE AREA NO. 4,1234.9146712001552,92932.11386027132,False
1984-02-09 00:00:00+00:00,Adopted,830583zmq,830583,47 AVE S/S 490 7FT E/O QUEENS BLVD,1038.7210593068014,67285.06428753395,False
1995-08-17 00:00:00+00:00,Adopted,950341zmr,950341,CHARLESTON AREA REZONING,15683.648378595823,10231742.380989091,False
2018-10-31 00:00:00+00:00,Adopted,180186zmk,180186,3901 9th Avenue Rezoning,879.7509415309908,35832.65379826086,False
2010-03-03 00:00:00+00:00,Adopted,100051zmm,100051,W44TH ST & 11TH AVE,1979.4520176995436,191201.2171025422,False
2012-11-13 00:00:00+00:00,Adopted,120309zmm,120309,WEST HARLEM REZONING,25709.43812510203,14145117.454862013,False
1999-02-25 00:00:00+00:00,Adopted,980506zmm,980506,CANAL ST REZONING,1754.9839750790347,177320.34287763562,False
1989-09-28 00:00:00+00:00,Adopted,880429zmq,880429,FLAGSHIP PLAZA,1845.099052705503,202841.69028121218,False
2007-09-25 00:00:00+00:00,Adopted,050317zmk,050317,SAHARA RESTAURANT,2247.325428832922,241825.90256674803,False
2014-11-25 00:00:00+00:00,Adopted,140322zmq,140322,Astoria Cove,2975.5162673395253,415271.9818977548,False
2024-02-08 00:00:00+00:00,Adopted,230344zmm,230344,2226 Third Avnue,419.9102038454373,7998.447308785518,True
2002-12-18 00:00:00+00:00,Adopted,000087zmk,000087,DOMSEY & GLANTZ SITES,2700.6158585415824,389166.06340560043,False
2006-11-15 00:00:00+00:00,Adopted,020127zmq,020127,45TH AVENUE/ELMHURST REZONING,1211.1063905228411,89746.13476658652,False
2019-10-17 00:00:00+00:00,Adopted,190422zmq,190422,112-06 71st Rd Rezoning,784.8355746398597,34343.132375025336,False
1986-03-06 00:00:00+00:00,Adopted,860428zmm,860428,EAST SIDE MIDBLOCK FOLLOW-UP,2436.512985924473,355030.90110392537,False
2003-09-17 00:00:00+00:00,Adopted,030403zmq,030403,NORTH CORONA REZONING,23416.46491032822,21273081.98119426,False
2004-12-15 00:00:00+00:00,Adopted,040215zmk,040215,WATCHTOWER PROJECT,2384.048689962879,292071.96394399274,False
2018-03-22 00:00:00+00:00,Adopted,180051azmx,180051a,Jerome Avenue Rezoning,48492.60766618823,7467206.487501652,False
,Adopted,800849zmq,800849,PLAYLAND CENTER,1282.405990267277,79682.8466782599,False
2018-06-07 00:00:00+00:00,Adopted,180088zmx,180088,Willow Avenue Rezoning,1217.6647360513894,79224.85392169189,False
,Adopted,860682azmq,860682a,"123RD ST, 31ST AVE",3321.0195015667255,590400.2200526727,False
2008-07-23 00:00:00+00:00,Adopted,080248zmx,080248,HUNTS POINT SPECIAL DIST,32236.887139984352,12605535.110425428,False
,Adopted,850811zmk,850811,BEDFORD - N3RD ST URA,2206.372269036562,312108.1973789412,False
1988-06-09 00:00:00+00:00,Adopted,870163zmq,870163,COLLEGE POINT REZONING,1866.0324414156835,202169.81664007236,False
1991-12-19 00:00:00+00:00,Adopted,910360zmk,910360,JOHN WALTER EDWARDS APTS,1478.1895971366087,125481.90964604352,False
2008-12-09 00:00:00+00:00,Adopted,080203zmq,080203,WATERPOINTE,4422.027950099818,1159430.8785326723,False
1999-12-16 00:00:00+00:00,Adopted,990444zmr,990444,VICTORY VAN LINES,1346.566735354978,108864.49470659815,False
2008-03-26 00:00:00+00:00,Adopted,070529zmm,070529,EAST RIVER REALTY CO.,3921.53832242516,669175.9023422885,False
,Adopted,780066zmk,780066,3111 OCEAN PKWAY,2027.359004878614,259007.53448523788,False
,Adopted,850729zmx,850729,RIVERDALE GREENBELT,2157.7648420431124,221755.15828087094,False
1997-12-10 00:00:00+00:00,Adopted,970752zmx,970752,PORT MORRIS ANTIQUE ROW DIST,6551.306230695449,1411129.2362414922,False
2014-07-24 00:00:00+00:00,Adopted,140275zmq,140275,11-55 49TH AVENUE REZONING,1211.6934276864185,64827.748409542946,False
2002-09-25 00:00:00+00:00,Adopted,020629zmq,020629,FOREST HILLS/REGO PARK REZONING,24401.73784895911,9751623.60614843,False
1982-10-28 00:00:00+00:00,Adopted,810240zmx,810240,"2665 SCHURZ AVE, BET BUTTRICK AVE &",1216.146874555654,88227.74322832964,False
2019-04-09 00:00:00+00:00,Adopted,190071zmk,190071,809 Atlantic Avenue Rezoning,1061.0287269221226,47803.47291450188,False
2015-02-26 00:00:00+00:00,Adopted,150076ZMK,150076,Hamilton's Patio,724.4044345771794,31404.549521111177,False
1989-09-14 00:00:00+00:00,Adopted,890246zmq,890246,BELLEROSE REZONING,22226.149282622388,9646358.137155028,False
2006-07-19 00:00:00+00:00,Adopted,060214zmx,060214,VAN CORTLANDT CENTER,2010.6392374393777,215349.59945243664,False
2001-04-25 00:00:00+00:00,Adopted,000573zmr,000573,HYLAN BLVD MIDLAND AVE REZONING,815.4153342785457,41538.61269540585,False
,Certified,250253zmq,250253,50-20 108th Street Rezoning,1881.8256168285354,134128.34856985926,False
1997-09-30 00:00:00+00:00,Adopted,970288zmk,970288,ATLANTIC CENTER HOUSING,1909.8176144635256,222671.05525777204,False
2008-07-23 00:00:00+00:00,Adopted,070575zmm,070575,HUDSON SQ NO,1481.543670334248,103338.76592855246,False
2008-05-14 00:00:00+00:00,Adopted,080132zmm,080132,UNITY FUNERAL CHAPELS,1107.1216679699248,62792.071988734024,False
1980-07-17 00:00:00+00:00,Adopted,800337zmx,800337,"E179TH ST, MONTEREY AVE, E178TH ST,",864.5595581220634,46204.5235165138,False
2019-12-10 00:00:00+00:00,Adopted,180524zmk,180524,101 Fleet Place Rezoning,786.3346009115924,37564.07729718047,False
2009-04-22 00:00:00+00:00,Adopted,070396zmk,070396,354 CLARKSON AVE,1656.985412864572,145176.8710781253,False
1997-08-26 00:00:00+00:00,Adopted,970160zmr,970160,950-962 RICHMOND AVE,711.5015454516351,30377.87711526434,False
,Adopted,780105zmk,780105,LIRR TERMINAL REZONING,2205.400831681201,291456.9578254685,False
2012-06-28 00:00:00+00:00,Adopted,120145zmm,120145,SPECIAL ENHANCED COMMERICAL DIST.,48989.12792169486,6848040.568271853,False
2023-07-13 00:00:00+00:00,Adopted,220285zmk,220285,1656 West 10th Street Rezoning,781.3156187294755,33400.53564335852,True
2009-09-30 00:00:00+00:00,Adopted,090387zmk,090387,SUNSET PARK REZONING,28892.37007229229,25675371.720513646,False
2013-10-30 00:00:00+00:00,Adopted,130279zmr,130279,Charleston Mixed Use Development,2763.533366248075,422167.56825716473,False
1996-02-15 00:00:00+00:00,Adopted,950588zmr,950588,COUNTRY VILLAGE OF GREAT KILLS REZO,10067.561021723279,7292398.439872047,False
2018-04-25 00:00:00+00:00,Adopted,180131zmx,180131,Park Haven,1144.7161491289137,55408.95364266392,False
2020-08-27 00:00:00+00:00,Adopted,180154zmm,180154,52nd Street Rezoning,883.2058013338197,38033.32849413066,False
2021-05-12 00:00:00+00:00,Adopted,200272zmq,200272,68-19 Woodhaven Blvd Rezoning,1209.3818377089776,61675.60821842368,False
1990-02-22 00:00:00+00:00,Adopted,891068zmm,891068,ARCORP/CONVENTION CTR HOTEL DEV,3160.4833539139254,503758.07534921844,False
2009-10-28 00:00:00+00:00,Adopted,090308zmk,090308,ELDERT LANE RESIDENTIAL DEV,1943.3450684806112,243560.35058251338,False
1999-06-30 00:00:00+00:00,Adopted,960203zmm,960203,WHITEHALL FERRY TERMNL/FERRY PLAZA,2135.5029911707375,287002.58022209315,False
2005-10-27 00:00:00+00:00,Adopted,050455zmr,050455,S.I. COMM'L OVERLAY ELIMINATION,19773.924921018912,1604535.985002878,False
2011-05-11 00:00:00+00:00,Adopted,100118zmr,100118,UNION AVENUE REZONING,1956.545315016128,223857.72827204788,False
2024-05-16 00:00:00+00:00,Adopted,230323zmk,230323,817 Avenue H Rezoning,888.3578441362938,47857.37558472085,True
2019-10-17 00:00:00+00:00,Adopted,190336zmx,190336,New York City Borough - Based Jail System,1097.1550455200659,53917.09252864282,False
2005-11-16 00:00:00+00:00,Adopted,050180zmr,050180,OAKWOOD REZONING,10589.171373000463,3197370.531290612,False
1982-12-16 00:00:00+00:00,Adopted,821182zmm,821182,No Project Name,3093.7418219650635,546849.5645588157,False
,Adopted,910159zmk,910159,RIDGE PLAZA SHOPPING CENTER,1896.8199014124555,132422.52013619567,False
2024-11-21 00:00:00+00:00,Adopted,230356zmk,230356,962-972 Franklin Avenue Rezoning,1139.2768763116858,74482.94997466005,True
1982-05-13 00:00:00+00:00,Adopted,820214zmm,820214, ESTABLISH THE SPEC MIDTOWN DIST,24550.403503265803,42907502.834825575,False
1998-12-17 00:00:00+00:00,Adopted,980445zmk,980445,GRAND STREET REZONING,1229.4590216865288,72622.73042232553,False
2025-07-14 00:00:00+00:00,Adopted,250148zmm,250148,Carmen Villegas Apartments - Senior Housing,1047.094489184741,68508.02052457983,True
2013-12-10 00:00:00+00:00,Adopted,140079zmq,140079,OZONE PARK REZONING,136685.9763010983,63191999.12730471,False
2000-03-29 00:00:00+00:00,Adopted,000178zmq,000178,LITTLE NECK PINES,10195.226000226037,6819836.9240395315,False
2025-05-28 00:00:00+00:00,Adopted,240406zmk,240406,19 Maspeth Avenue Rezoning,996.032526725523,46256.09553902729,True
1992-10-08 00:00:00+00:00,Adopted,910483zmq,910483,FOREST HILLS/REGO PARK REZONING,10141.677769240014,3127605.251115135,False
,Adopted,900512zmk,900512,EAST NEW YORK I SITES,1691.0630352285725,149922.58642103965,False
1977-06-23 00:00:00+00:00,Adopted,760033zmk,760033,"11TH ST,2ND AVE,12TH ST & GOWANUS C",2846.2738044367793,503840.73881168524,False
1992-04-28 00:00:00+00:00,Adopted,910532zmk,910532,SARATOGA SQ URA REZONING,699.9596759267697,29276.380660930132,False
2019-02-13 00:00:00+00:00,Adopted,170492zmq,170492,100-03 North Conduit Avenue Rezoning,1268.2710916620297,84542.52274214933,False
2006-11-15 00:00:00+00:00,Adopted,060465zmr,060465,PRINCE'S BAY REZONING,15600.520170368776,6643005.6316224085,False
2026-02-24 00:00:00+00:00,Adopted,250332zmk,250332,1417 Ave U Rezoning,891.6916424723468,48244.62403573542,False
2023-09-28 00:00:00+00:00,Adopted,200101zmk,200101,2761 Plumb 2nd Street Rezoning ,1270.1352703211735,68275.0337976241,True
1987-10-29 00:00:00+00:00,Adopted,860556zmx,860556,BRUSH AVE,3420.3208727034835,568716.0308245721,False
2013-10-09 00:00:00+00:00,Adopted,130273zmx,130273,EAST FORDHAM ROAD,8485.919525916994,1227231.3272387653,False
1982-07-22 00:00:00+00:00,Adopted,820741zmk,820741,830 FOUNTAIN AVE AREA BND BY FLATLA,3314.531844245761,631413.8672212455,False
2021-05-27 00:00:00+00:00,Adopted,200344zmk,200344,Suydam Street Rezoning,921.6033061597032,52160.28507545145,False
2008-11-13 00:00:00+00:00,Adopted,080362zmq,080362,HUNTERS POINT SO,6669.034143036975,1634933.6795472237,False
1977-11-17 00:00:00+00:00,Adopted,770250zmx,770250,"120 AVE,SUTPHIN BLVD,ROCKAWAY BLVD",905.4326641528456,50993.259840966544,False
1987-10-01 00:00:00+00:00,Adopted,860726azmm,860726a,STRAUS PARK,2212.3215577577052,285364.66105771856,False
1988-10-27 00:00:00+00:00,Adopted,870302zmm,870302,ROOSEVELT HOSPITAL,2547.7997852576423,279221.33554589143,False
2010-07-29 00:00:00+00:00,Adopted,050522zmq,050522,94TH ST-CORONA AVE,3467.45331678806,615118.3160863619,False
1981-09-10 00:00:00+00:00,Adopted,810215zmx,810215,"W232ND ST, PALISADES, DOUGLAS, INDE",9325.659120901555,1868109.3186461867,False
1989-09-14 00:00:00+00:00,Adopted,880920zmq,880920,ELMHURST/CORONA REZONING,38922.75698332772,65337509.65668583,False
1990-01-25 00:00:00+00:00,Adopted,860156zmq,860156,DUTCH KILLS REZONING,10004.328476599194,5387371.500920809,False
2009-04-22 00:00:00+00:00,Adopted,090132zmm,090132,150 AMSTERDAM AVE,918.4858892096945,49106.16442203194,False
2006-03-22 00:00:00+00:00,Adopted,060180zmx,060180,WESTCHESTER SQUARE-ZEREGA REZONING,22147.727866115536,4533747.503500782,False
2017-11-30 00:00:00+00:00,Adopted,170025zmk,170025,723-733 Myrtle Avenue Rezoning,1543.282539042516,101664.71309586192,False
2023-12-06 00:00:00+00:00,Adopted,220438zmk,220438,Belmont Osborn Rezoning,928.4169418604862,53058.719256956196,True
2008-02-27 00:00:00+00:00,Adopted,080101zmq,080101,BRIARWOOD REZONING,24460.052935956934,5039815.079911081,False
2022-07-14 00:00:00+00:00,Adopted,220232zmq,220232,Resilient Edgemere Community Plan,11850.8695081685,2458470.3713964853,True
2001-10-31 00:00:00+00:00,Adopted,000354zmm,000354,"DOS GARAGES 4,4A,7",2235.5106790939403,274069.99236953614,False
2001-10-31 00:00:00+00:00,Adopted,010382zmm,010382,STUYVESANT COVE PARK,7271.532232817019,1617051.8392640753,False
2009-11-30 00:00:00+00:00,Adopted,770073zmx,770073,MORRIS PARK AVE & WILLIAMSBRIDGE RD,1398.403181928285,112478.13443100381,False
2005-04-12 00:00:00+00:00,Adopted,050194zmq,050194,SPRINGFIELD GARDENS REZONING,14355.342059974593,9710718.168336177,False
1984-03-15 00:00:00+00:00,Adopted,831081zmx,831081,CAMBRIDGE-OXFORD AVES,3005.6636096192424,617467.9013804076,False
1983-08-18 00:00:00+00:00,Adopted,830592zmk,830592,N/W/C FLATBUSH & CATON AVES,764.1902551512376,32412.329261525203,False
1990-10-10 00:00:00+00:00,Adopted,890371zmr,890371,"FLAGG PL, FOUR CORNERS RD, EAST ENT",1863.877290745728,117679.6852364244,False
2022-06-02 00:00:00+00:00,Adopted,210312zmk,210312,103 Lee Avenue,535.4377756257197,17911.638838147384,True
1981-01-15 00:00:00+00:00,Adopted,800160zmr,800160,S/S HYLAN BLVD BET ELMTREE AVE & MA,811.0636910728982,39577.184819604576,False
2007-02-01 00:00:00+00:00,Adopted,030153zmr,030153,GRANDVIEW PLAZA,1921.2013047448345,191315.7563980114,False
2003-07-30 00:00:00+00:00,Adopted,020124zmq,020124,EXECUTIVE MOTOR INN,1382.2587727794692,54427.78181567071,False
2017-09-07 00:00:00+00:00,Adopted,170189zmk,170189,Ebenezer Plaza Rezoning,1685.598624779954,159024.26530722622,False
1988-08-11 00:00:00+00:00,Adopted,860431zmq,860431,CYPRESS HGTS DEVELOPMENT,916.6014839778488,43536.19399619341,False
1992-12-17 00:00:00+00:00,Adopted,920357zmm,920357,TRUMP-RIVERSIDE SOUTH,9667.276600616358,5263939.56272594,False
2012-09-12 00:00:00+00:00,Adopted,060495zmr,060495,WOLFE'S POND PK,5731.74847769775,638668.3786891308,False
1977-02-03 00:00:00+00:00,Adopted,760062zmm,760062,SPEC LITTLE ITALY DIST -Z MAP CHANGE,9944.05009170701,3014437.24670666,False
2026-03-10 00:00:00+00:00,Adopted,240079zmq,240079,14-10 Beach Channel Drive Rezoning,843.7673735045264,40579.86985717942,False
2013-03-20 00:00:00+00:00,Adopted,130052zmm,130052,SOUTH STREET SEAPORT - PIER 17,4817.973935912909,1170820.9565349305,False
,Adopted,880343zmq,880343,ST MICHAEL'S CEMETERY,1016.9728705146298,46491.527446471766,False
1983-06-30 00:00:00+00:00,Adopted,801094zmq,801094,"S BAISLEY BLVD, 132 AVE, GRANNATTEE",2789.336181224487,397188.4551203896,False
2021-10-21 00:00:00+00:00,Adopted,210361zmr,210361,252 Victory Boulevard,1088.3418383391104,64106.06810004006,True
1994-03-16 00:00:00+00:00,Adopted,940129zmm,940129,N/O SPECIAL LINCOLN SQ DIST,3281.7832685942467,604152.8691848703,False
2007-10-29 00:00:00+00:00,Adopted,070447zmk,070447,BEDFORD-STUYVESANT SO,39292.32555727803,41014445.27159973,False
2020-10-15 00:00:00+00:00,Adopted,190011zmk,190011,50 Old Fulton St,1363.4008675017,71229.54789760169,False
,Certified,260162zmk,260162,1166 Bedford Avenue Rezoning,816.3906259080143,37327.393975845385,False
,Certified,260155zmq,260155,63-02 Fresh Pond Rezoning,1158.6834057325077,59340.5956105302,False
,Certified,260147zmq,260147,47-03 108th Street Rezoning,804.0548703212351,36829.54485229991,False
,Certified,230169zmr,230169,198-208 Richmond Terrace,917.0516291318072,49761.95385943636,False
,Certified,260149zmk,260149,200 Kent Avenue Rezoning,871.9510527793678,45313.62840931617,False
,Certified,260171zmq,260171,158-06 Northern Boulevard Rezoning,1429.9638048894105,80206.71834280477,False
,Certified,250125zmq,250125,21-31 46th Ave Rezoning,510.6349215866022,16279.957779884664,False
,Certified,260238zmk,260238,Fort Hamilton Mews Rezoning,959.7575711431964,49850.871806165436,False
,Certified,260135zmk,260135,132 Melrose Street Rezoning,486.8615669718642,14774.310977936237,False
,Certified,240218zmk,240218,Park Avenue Brooklyn Rezoning,2531.542321090959,274218.1347905416,False
,Certified,250331zmq,250331,189-10 Northern Boulevard Rezoning,1750.8772950247353,115861.92317606322,False
,Certified,260087zmk,260087,289 Kent Avenue Rezoning,1571.571347546143,111686.35575991379,False
,Certified,250329zmq,250329,135-27 Sapphire Street,1155.9105463227386,83451.691905102,False
,Certified,260186zmq,260186,69-67 108th Street Rezoning,794.0633640315674,35702.345282578266,False
,Certified,220449zmk,220449,1455 Coney Island Avenue Rezoning,1372.3405823813446,79764.21895992095,False
,Certified,240206zmx,240206,Sojourner Truth - Mapes Rezoning,2366.984126805956,180354.42730985448,False
,Certified,260234zmq,260234,108-05 68th Road Rezoning,901.9249578522856,46248.557828845216,False
,Certified,240316zmq,240316,50-02 Queens Blvd. Rezoning,2071.6552051247,118522.4518897891,False
,Certified,260115zmk,260115,9818 Fort Hamilton Parkway Rezoning,554.6390705439873,19090.681127214608,False
,Certified,260269zmk,260269,150 Noll Street,1032.5511342780103,66634.0643791349,False
,Certified,260348zmq,260348,44-17 Greenpoint Avenue Rezoning,1402.7422897094052,72737.50184485395,False
2026-05-14 00:00:00+00:00,Adopted,250094zmk,250094,46 Nelson Street Rezoning II,1230.9079033230541,61752.13788573945,False
2006-12-20 00:00:00+00:00,Adopted,060562zmq,060562,DOUGLASTON-LITTLE NECK,96487.98890608753,21878941.929145046,False
,Certified,260184zmq,260184,100-12 Queens Boulevard Rezoning,1154.89405131576,81514.47352797198,False
,Certified,260262zmq,260262,Yellowstone Boulevard Rezoning,969.4731375309981,54091.17168433382,False
,Certified,260232zmk,260232zmk,2601 86th Street Rezoning,1371.9767756978433,78605.89399849257,False
