"CRG1B58DXG64","566 W 159TH ST APT 44, NEW YORK, NY, 10032","Match","Exact","566 W 159TH ST, NEW YORK, NY, 10032","-73.943050482979,40.834859037819","59655731","L"
"M5LMDZG82WN9","630 9TH AVE STE 1205, NEW YORK, NY, 10036","Match","Exact","630 9TH AVE, NEW YORK, NY, 10036","-73.991391264632,40.760013840458","59655221","R"
"MEAKFE8D6W76","520 8TH AVE FL 24, NEW YORK, NY, 10018","Match","Exact","520 8TH AVE, NEW YORK, NY, 10018","-73.992398387996,40.753533434878","59658577","R"
"WGU8UMKYALL1","476 DEAN ST, BROOKLYN, NY, 11217","Match","Exact","476 DEAN ST, BROOKLYN, NY, 11217","-73.974851012637,40.681574274352","654546793","R"
"VQPSL49VKP57","150 1ST AVE, NEW YORK, NY, 10009","Match","Exact","150 1ST AVE, NEW YORK, NY, 10009","-73.984772276551,40.728216512956","59654065","R"
"WUZVNN6M4B55","401 BROADWAY, NEW YORK, NY, 10013","Match","Exact","401 BROADWAY, NEW YORK, NY, 10013","-74.002560615288,40.718706211463","59660307","L"
"HTN9E31UACP6","70 E 10TH ST, NEW YORK, NY, 10003","Match","Exact","70 E 10TH ST, NEW YORK, NY, 10003","-73.990586567221,40.731305989432","59653593","R"
"V1GMKSKTGCX1","20 JAY ST STE 402, BROOKLYN, NY, 11201","Match","Exact","20 JAY ST, BROOKLYN, NY, 11201","-73.9866502493,40.704191959558","59075104","R"
"GMH8BJTAAJP7","271 HALSEY ST APT 3R, BROOKLYN, NY, 11216","Match","Exact","271 HALSEY ST, BROOKLYN, NY, 11216","-73.942137669522,40.682750470975","59079224","L"
"GWVMSDZAHER5","107 SUFFOLK ST, NEW YORK, NY, 10002","Match","Exact","107 SUFFOLK ST, NEW YORK, NY, 10002","-73.986046330007,40.719229265611","59654146","L"
"K1EVYF1QTLV9","195 PLYMOUTH ST, BROOKLYN, NY, 11201","Match","Exact","195 PLYMOUTH ST, BROOKLYN, NY, 11201","-73.986119016205,40.703797846716","59075111","L"
"E1NDU1NL4QN1","119 W 23RD ST, NEW YORK, NY, 10011","Match","Exact","119 W 23RD ST, NEW YORK, NY, 10011","-73.993331657794,40.74318873421","59653397","R"
"KVW1QHEA8L31","80 HANSON PL STE 703, BROOKLYN, NY, 11217","Match","Exact","80 HANSON PL, BROOKLYN, NY, 11217","-73.974406335168,40.685441151376","59077670","R"
"WKZBEG13ARG3","580 SACKETT ST, BROOKLYN, NY, 11217","Match","Exact","580 SACKETT ST, BROOKLYN, NY, 11217","-73.985556960241,40.679130952489","59075417","R"
"G4XNEZXDQ915","77 SANDS ST, BROOKLYN, NY, 11201","Match","Exact","77 SANDS ST, BROOKLYN, NY, 11201","-73.987175821762,40.7002525641","638285244","R"
"HX61AB6U5RU8","450 W 37TH ST, NEW YORK, NY, 10018","Match","Exact","450 W 37TH ST, NEW YORK, NY, 10018","-73.996746141488,40.755995376208","59655057","L"
"KEEKXCSLA2T4","228 NORMAN AVE, BROOKLYN, NY, 11222","Match","Exact","228 NORMAN AVE, BROOKLYN, NY, 11222","-73.9441998791,40.727483157932","59076939","R"
"E2QPBMYN7YZ4","616 W 207TH ST 4C, NEW YORK, NY, 10034","Match","Non_Exact","616 W 207TH ST, NEW YORK, NY, 10034","-73.921410780514,40.867869937796","59658858","L"
"D5JDMK21KAB5","401 BROADWAY, NEW YORK, NY, 10013","Match","Exact","401 BROADWAY, NEW YORK, NY, 10013","-74.002560615288,40.718706211463","59660307","L"
"NX9PXMKW5KW8","70 WASHINGTON SQ S, NEW YORK, NY, 10012","Match","Exact","70 WASHINGTON SQ S, NEW YORK, NY, 10012","-73.997854391125,40.730113810833","59653364","R"
"SJJ6NVMQ7CS5","12 5TH AVE, NEW YORK, NY, 10011","Match","Exact","12 5TH AVE, NEW YORK, NY, 10011","-73.996259022077,40.732496956939","59653548","L"
"C8CHR3N985M8","46 WASHINGTON AVE, BROOKLYN, NY, 11205","Match","Exact","46 WASHINGTON AVE, BROOKLYN, NY, 11205","-73.96762773013,40.696763566767","59077754","R"
"G7Z5R2W6ESV4","322 UNION AVE, BROOKLYN, NY, 11211","Match","Exact","322 UNION AVE, BROOKLYN, NY, 11211","-73.950852124975,40.709827628477","59076872","R"
"XL7JEMRKLVB8","160 SCHERMERHORN ST, BROOKLYN, NY, 11201","Match","Exact","160 SCHERMERHORN ST, BROOKLYN, NY, 11201","-73.987263017708,40.689392726998","59075332","R"
"C9C8A3PFFGG8","129 W 67TH ST, NEW YORK, NY, 10023","Match","Exact","129 W 67TH ST, NEW YORK, NY, 10023","-73.982426009997,40.774840169677","650081613","R"
"ZE3WLV2BWXU6","535 W 110TH ST APT 14B, NEW YORK, NY, 10025","Match","Exact","535 W 110TH ST, NEW YORK, NY, 10025","-73.965143581265,40.803578349558","611176170","R"
"TK6JJDD94K98","138 S OXFORD ST STE 1C, BROOKLYN, NY, 11217","Match","Exact","138 S OXFORD ST, BROOKLYN, NY, 11217","-73.973303655107,40.685146968199","59099020","R"
"UQMNZ2MC5VC3","1065 SOUTHERN BLVD, BRONX, NY, 10459","Match","Exact","1065 SOUTHERN BLVD, BRONX, NY, 10459","-73.891993389004,40.825027599994","80302342","L"
"LG6YHMJWE333","477 17TH ST APT 7, BROOKLYN, NY, 11215","Match","Exact","477 17TH ST, BROOKLYN, NY, 11215","-73.982758426299,40.658635060446","59075829","L"
"MCK1HAKXDFY8","406 E 5TH ST, BROOKLYN, NY, 11218","Match","Exact","406 E 5TH ST, BROOKLYN, NY, 11218","-73.975419902786,40.642499657266","59096272","R"
"NS7VE3MCSQ81","57 W 57TH ST FL 3 STE 324, NEW YORK, NY, 10019","Match","Exact","57 W 57TH ST, NEW YORK, NY, 10019","-73.975766422511,40.76378855167","59657175","R"
"HVHTPYVCW9D3","112 EMERSON PL STE 1, BROOKLYN, NY, 11205","Match","Exact","112 EMERSON PL, BROOKLYN, NY, 11205","-73.962431766179,40.694604635516","59077888","R"
"LXKNN69WFLZ9","25-18 43RD ST, ASTORIA, NY, 11103","Match","Exact","25-18 43RD ST, ASTORIA, NY, 11103","-73.9097496408,40.766372839733","59697226","R"
"JM1MZAN55SN1","3101 VERNON BLVD PH 12, ASTORIA, NY, 11106","Match","Exact","31-01 VERNON BLVD, ASTORIA, NY, 11106","-73.935219287682,40.769445167076","59732009","L"
"S89HCDGFAEQ4","90 BROAD ST, NEW YORK, NY, 10004","Match","Exact","90 BROAD ST, NEW YORK, NY, 10004","-74.01165390882,40.703963494512","59660687","R"
"N3TSJ4NKCJE3","235 HAWTHORNE ST APT 6A, BROOKLYN, NY, 11225","Match","Exact","235 HAWTHORNE ST, BROOKLYN, NY, 11225","-73.952448963159,40.657765636619","59079608","L"
"GQ54J6RGR875","520 CLINTON AVE, , NY, 11238","Match","Exact","520 CLINTON AVE, BROOKLYN, NY, 11238","-73.966867549714,40.68293991501","59077989","R"
"PPVTJ8YJJ5J3","5030 BROADWAY, NEW YORK, NY, 10034","Match","Exact","5030 BROADWAY, NEW YORK, NY, 10034","-73.91733946478,40.868942583471","59658975","R"
"W7CJQX5NLNN5","64 E 4TH ST FL 3, NEW YORK, NY, 10003","Match","Exact","64 E 4TH ST, NEW YORK, NY, 10003","-73.990635865147,40.726635474309","59653925","R"
"EB9CDLFMLLK6","1-55 BORDEN AVE, LONG ISLAND CITY, NY, 11101","No_Match"
"XC22C6F6DM97","898 ST. NICHOLAS AVENUE, NEW YORK, NY, 10032","Match","Exact","898 ST NICHOLAS AVE, NEW YORK, NY, 10032","-73.941186274888,40.831208378755","59664740","R"
"NKCNXMMBGW96","58 PARK AVE, NEW YORK, NY, 10016","Match","Exact","58 PARK AVE, NEW YORK, NY, 10016","-73.97979522738,40.749321676904","59654388","L"
"P5NJYM14A6J6","75 MAIDEN LN, NEW YORK, NY, 10038","Match","Exact","75 MAIDEN LN, NEW YORK, NY, 10038","-74.007690506916,40.707661065031","639487351","L"
"MHK6GFMNCG35","26 3RD ST APT 3L, BROOKLYN, NY, 11231","Match","Exact","26 3RD ST, BROOKLYN, NY, 11231","-73.995042680099,40.678407456734","59075286","R"
"GF2AJDG4PG88","279 W 117TH ST APT 2Q, NEW YORK, NY, 10026","Match","Exact","279 W 117TH ST, NEW YORK, NY, 10026","-73.954312243508,40.804924971829","59657657","R"
"LA7BYFGNLQB6","80 HANSON PL # 2, BROOKLYN, NY, 11217","Match","Exact","80 HANSON PL, BROOKLYN, NY, 11217","-73.974406335168,40.685441151376","59077670","R"
"HV2BTBNK7MV5","131 E 10TH ST, NEW YORK, NY, 10003","Match","Exact","131 E 10TH ST, NEW YORK, NY, 10003","-73.987256277156,40.730029589051","59653711","L"
"JX99M9KYYUG3","1717 TROUTMAN ST, RIDGEWOOD, NY, 11385","No_Match"
"GGUBQ7FD6SN3","304 BOERUM ST APT 23, BROOKLYN, NY, 11206","Match","Exact","304 BOERUM ST, BROOKLYN, NY, 11206","-73.935617385326,40.706662298889","59077383","R"
"JRDCFB4LK1L5","333 E 47TH ST, NEW YORK, NY, 10017","Match","Exact","333 E 47TH ST, NEW YORK, NY, 10017","-73.969110905596,40.752725965706","647119420","L"
"LZHQVCKC5UB8","582 MARCY AVE  APT 4A, BROOKLYN, NY, 11206","Match","Exact","582 MARCY AVE, BROOKLYN, NY, 11206","-73.949170844352,40.69481067923","59078741","R"
"QDBBJK2YJMV9","315 W 39TH ST RM 908, NEW YORK, NY, 10018","Match","Exact","315 W 39TH ST, NEW YORK, NY, 10018","-73.991593616618,40.75557094573","59655212","R"
"XL9NEL44G4R4","488 MADISON AVE FL 19, NEW YORK, NY, 10022","Match","Exact","488 MADISON AVE, NEW YORK, NY, 10022","-73.975163910256,40.758564768761","59657217","L"
"CKH8N1ULLBF9","75 BROAD ST 304, NEW YORK, NY, 10018","Match","Non_Exact","75 BROAD ST, NEW YORK, NY, 10004","-74.01148907099,40.704435240781","59659661","L"
"G579JKWYKMM1","1919 24TH AVE, ASTORIA, NY, 11102","Match","Exact","19-19 24TH AVE, ASTORIA, NY, 11102","-73.922355202002,40.777290826829","59696631","R"
"DDJ9JDJ7LAY3","7 E 60TH ST, NEW YORK, NY, 10022","Match","Exact","7 E 60TH ST, NEW YORK, NY, 10022","-73.971571411864,40.764544339863","59657192","L"
"PRLZLBB9F124","31 E 32ND ST RM 901, NEW YORK, NY, 10016","Match","Exact","31 E 32ND ST, NEW YORK, NY, 10016","-73.983751699218,40.746482372652","59653480","L"
"NA96GD94NJQ6","500 EIGHTH AVE, NEW YORK, NY, 10018","Match","Exact","500 8TH AVE, NEW YORK, NY, 10018","-73.992876280274,40.752876535942","59658579","R"
"CPAGCC7BZZX5","170 PARK ROW APT 12D, NEW YORK, NY, 10038","Match","Exact","170 PARK ROW, NEW YORK, NY, 10038","-74.000305510024,40.713176461422","59662187","L"
"PP3DLHVSUPU8","138 GRAND ST 5WR, NEW YORK, NY, 10013","Match","Non_Exact","138 GRAND ST, NEW YORK, NY, 10013","-73.999298799478,40.72022652399","59662003","L"
"MNJDKB4FXLM6","200 CENTRAL PARK W, NEW YORK, NY, 10024","Match","Exact","200 CENTRAL PARK W, NEW YORK, NY, 10024","-73.970790081222,40.783417757659","59656961","L"
"UU6TFDMBJFE3","520 8TH AVE STE 308, NEW YORK, NY, 10018","Match","Exact","520 8TH AVE, NEW YORK, NY, 10018","-73.992398387996,40.753533434878","59658577","R"
"QA2TC5UMCMM6","55 WASHINGTON ST, BROOKLYN, NY, 11201","Match","Exact","55 WASHINGTON ST, BROOKLYN, NY, 11201","-73.989427601055,40.702575697024","59075046","L"
"SJMLGGVW8MJ1","11 JAY ST 4TH FLR, NEW YORK, NY, 10013","Match","Exact","11 JAY ST, NEW YORK, NY, 10013","-74.009595764417,40.718064661541","59659466","R"
"N1L6MFZ5G235","1109 5TH AVE 92 ST, NEW YORK, NY, 10128","Match","Non_Exact","1109 5TH AVE, NEW YORK, NY, 10128","-73.957533112485,40.785366340785","59657824","R"
"UDXZTAAB62U3","357 SMITH ST #3L, BROOKLYN, NY, 11231","Match","Exact","357 SMITH ST, BROOKLYN, NY, 11231","-73.995147724825,40.679687485313","59075287","L"
"KNM7JUGFHBS3","3301 BAINBRIDGE AVE, BRONX, NY, 10467","Match","Exact","3301 BAINBRIDGE AVE, BRONX, NY, 10467","-73.87963380589,40.877896626994","639406044","L"
"RK4SDRKT1H96","39 BROADWAY RM 1150, NEW YORK, NY, 10006","Match","Exact","39 BROADWAY, NEW YORK, NY, 10006","-74.012841692156,40.706473588103","59659614","L"
"H17MRZGLX4N1","320 7TH AVE # 182, BROOKLYN, NY, 11215","Match","Exact","320 7TH AVE, BROOKLYN, NY, 11215","-73.981335877721,40.667287942065","59078150","R"
"HM2NEDMYTD68","191 SEVENTH AVE STE 2S, NEW YORK, NY, 10011","Match","Exact","191 7TH AVE, NEW YORK, NY, 10011","-73.996435250592,40.742891248991","59653398","R"
"MGK3DGEF9359","4419 PURVES ST, LONG ISLAND CITY, NY, 11101","Match","Exact","4419 PURVES ST, LONG ISLAND CITY, NY, 11101","-73.94120268932,40.747175594448","59692120","L"
"DKLQATMM97Q1","117 E 19TH ST, NEW YORK, NY, 10003","Match","Exact","117 E 19TH ST, NEW YORK, NY, 10003","-73.986970667303,40.737299427422","59653639","L"
"WJGCQ1RCEJF6","334 E 73RD ST APT 5C, NEW YORK, NY, 10021","Match","Exact","334 E 73RD ST, NEW YORK, NY, 10021","-73.957062376254,40.769078938948","654534624","R"
"LLHXDTCHXX66","121 W 27TH ST STE 403, NEW YORK, NY, 10001","Match","Exact","121 W 27TH ST, NEW YORK, NY, 10001","-73.991635734617,40.745767448729","59653393","R"
"G8AGNK7XEW26","11805 200TH ST, SAINT ALBANS, NY, 11412","Match","Exact","118-05 200TH ST, SAINT ALBANS, NY, 11412","-73.751934459248,40.6932606835","59720332","L"
"HJCWATNGZN66","463 WEST ST, NEW YORK, NY, 10014","No_Match"
"LF4LLC8TXDG2","70 LINCOLN CENTER PLZ, NEW YORK, NY, 10023","Match","Exact","70 LINCOLN CENTER PLZ, NEW YORK, NY, 10023","-73.982619013661,40.771522142115","59657034","L"
"EF9BCN8PHLJ6","150 FIRST AVE, NEW YORK, NY, 10009","Match","Exact","150 1ST AVE, NEW YORK, NY, 10009","-73.984772276551,40.728216512956","59654065","R"
"JPK5NBF9NVV5","7 W 96TH ST, NEW YORK, NY, 10025","Match","Exact","7 W 96TH ST, NEW YORK, NY, 10025","-73.964880188473,40.791811486731","656934785","R"
"P45SNKUKBG56","520 8TH AVE, NEW YORK, NY, 10018","Match","Exact","520 8TH AVE, NEW YORK, NY, 10018","-73.992398387996,40.753533434878","59658577","R"
"HXU3HNKYC7N1","218 EAST 18TH STREET 4TH FLOOR, NEW YORK, NY, 10012","Match","Non_Exact","218 E 18TH ST, NEW YORK, NY, 10003","-73.984584689079,40.735397388367","611184576","R"
"URAJAG4EF5Q9","638 EAST 6TH STREET, NEW YORK, NY, 10009","Match","Exact","638 E 6TH ST, NEW YORK, NY, 10009","-73.980745217651,40.724054160999","59654710","R"
"M8SVJNGJ3YP1","646 MALCOM X BLVD STE 205, NEW YORK, NY, 10037","Match","Non_Exact","646 MALCOLM X BLVD, NEW YORK, NY, 10037","-73.937523704746,40.818558777816","59656471","R"
"DLDWW11PX7W1","38 ST MARKS PLACE, NEW YORK, NY, 10003","Match","Exact","38 SAINT MARKS PL, NEW YORK, NY, 10003","-73.987642666422,40.728517070131","59654044","R"
"M3FXUGKZKEM3","178 BENNETT AVE, NEW YORK, NY, 10040","Match","Exact","178 BENNETT AVE, NEW YORK, NY, 10040","-73.934148407141,40.855988169881","650071802","L"
"L9RCYQWTL6K5","10 GRAND ARMY PLAZA, BROOKLYN, NY, 11238","Match","Exact","10 GRAND ARMY PLZ, BROOKLYN, NY, 11238","-73.970479332896,40.674519502327","59078401","R"
"L82NPKWZQUA9","47 GREAT JONES ST 3FL, NEW YORK, NY, 10012","Match","Non_Exact","47 GREAT JONES ST, NEW YORK, NY, 10012","-73.992988419208,40.726903944059","59653883","R"
"TBVJE8EJJ366","614 COURTLANDT AVE, BRONX, NY, 10451","Match","Exact","614 COURTLANDT AVE, BRONX, NY, 10451","-73.918802813961,40.818002548713","80300719","R"
"NKJ9ANSLS855","511 W 52ND ST, NEW YORK, NY, 10019","Match","Exact","511 W 52ND ST, NEW YORK, NY, 10019","-73.991616195017,40.76631146616","650153742","R"
"GNJKP4H4MEU1","112 BEDFORD AVE, BROOKLYN, NY, 11249","Match","Exact","112 BEDFORD AVE, BROOKLYN, NY, 11249","-73.955525576822,40.719973823781","59076441","R"
"CVHFS4SK1BF1","81 PROSPECT ST, BROOKLYN, NY, 11201","Match","Exact","81 PROSPECT ST, BROOKLYN, NY, 11201","-73.987663596311,40.700717226314","638285246","L"
"HJ7MC5489N65","512 W 19TH ST, NEW YORK, NY, 10011","Match","Exact","512 W 19TH ST, NEW YORK, NY, 10011","-74.006294685992,40.745307023065","59659697","L"
"VLKLPYLHDAC9","138 S OXFORD ST STE 1C, BROOKLYN, NY, 11217","Match","Exact","138 S OXFORD ST, BROOKLYN, NY, 11217","-73.973303655107,40.685146968199","59099020","R"
"HA95WJ7NY283","421 5TH AVE FL 2, BROOKLYN, NY, 11215","Match","Exact","421 5TH AVE, BROOKLYN, NY, 11215","-73.985691772189,40.669800790101","59075714","L"
"LN5XEGA8MEE7","144 W 125TH ST FL 2, NEW YORK, NY, 10027","Match","Exact","144 W 125TH ST, NEW YORK, NY, 10027","-73.946008801761,40.807929432556","59656176","L"
"N61ZE3LRSDU7","156 WEST 44TH ST STE 7, NEW YORK, NY, 10036","Match","Exact","156 W 44TH ST, NEW YORK, NY, 10036","-73.984711315932,40.756724802732","59655307","L"
"XKSTJME4DU14","1000 RICHMOND TER STE 1, STATEN ISLAND, NY, 10301","Match","Exact","1000 RICHMOND TER, STATEN ISLAND, NY, 10301","-74.10091825401,40.644829909783","59883772","L"
"GNFPDCJ8DNR1","154 CHRISTOPHER ST STE 3D, NEW YORK, NY, 10014","Match","Exact","154 CHRISTOPHER ST, NEW YORK, NY, 10014","-74.008692768931,40.732575294126","59659873","L"
"GLHVHH983EP6","30 LAFAYETTE AVE, BROOKLYN, NY, 11217","Match","Exact","30 LAFAYETTE AVE, BROOKLYN, NY, 11217","-73.977424203655,40.686853639961","59077593","R"
"FQM9CK4SJ3E3","11907 MERRICK BLVD 2ND FL, JAMAICA, NY, 11434","Match","Exact","119-07 MERRICK BLVD, JAMAICA, NY, 11434","-73.775599928697,40.687654489729","59718833","L"
"EZ6BEKKDYJX9","175 EASTERN PKWY APT 1K, BROOKLYN, NY, 11238","Match","Exact","175 EASTERN PKWY, BROOKLYN, NY, 11238","-73.963408107835,40.672058351489","640853035","R"
"LGNSCJMNDMD6","789 10TH AVE, NEW YORK, NY, 10019","Match","Exact","789 10TH AVE, NEW YORK, NY, 10019","-73.99045153235,40.766638887126","59655233","L"
"Z7XRL3LMLLE3","400 W 43RD ST APT 39S, NEW YORK, NY, 10036","Match","Exact","400 W 43RD ST, NEW YORK, NY, 10036","-73.992242853403,40.759080741024","650069144","L"
"KC6HK5FVF651","1476 FULTON ST, BROOKLYN, NY, 11216","Match","Exact","1476 FULTON ST, BROOKLYN, NY, 11216","-73.941801971988,40.679913189686","59079217","R"
"N244MNTNMBH9","138 S OXFORD ST STE 4D, BROOKLYN, NY, 11217","Match","Exact","138 S OXFORD ST, BROOKLYN, NY, 11217","-73.973303655107,40.685146968199","59099020","R"
"QAYLA33SLVR4","279 W 117TH ST APT 5E, NEW YORK, NY, 10026","Match","Exact","279 W 117TH ST, NEW YORK, NY, 10026","-73.954312243508,40.804924971829","59657657","R"
"H3GZM2VHWF31","31 2ND PL, BROOKLYN, NY, 11231","Match","Exact","31 2ND PL, BROOKLYN, NY, 11231","-73.999859705492,40.680278833095","59097984","L"
"H1MMF2C9MDP7","20 LINCOLN CTR PLZ, NEW YORK, NY, 10023","Match","Exact","20 LINCOLN CENTER PLZ, NEW YORK, NY, 10023","-73.981682534648,40.771127111552","611183092","L"
"LPGBGESAYVN7","280 RIVERSIDE DR #3B, NEW YORK, NY, 10025","Match","Exact","280 RIVERSIDE DR, NEW YORK, NY, 10025","-73.973046417094,40.798584610977","59656567","R"
"C4N9KHJ54KS3","590 FLATBUSH AVE APT 10K, BROOKLYN, NY, 11225","Match","Exact","590 FLATBUSH AVE, BROOKLYN, NY, 11225","-73.960612084745,40.659093798566","611300058","R"
"KTUEX92W2DF7","232 3RD ST STE D201, BROOKLYN, NY, 11215","Match","Exact","232 3RD ST, BROOKLYN, NY, 11215","-73.987695481125,40.674859807645","59075659","R"
"UXDAU1L5M7F9","72 HAMILTON TER, NEW YORK, NY, 10031","Match","Exact","72 HAMILTON TER, NEW YORK, NY, 10031","-73.946347669717,40.823123102452","59655981","L"
"M1AUV4EN6UE5","219 W 19TH ST, NEW YORK, NY, 10011","Match","Exact","219 W 19TH ST, NEW YORK, NY, 10011","-73.99796079059,40.74192967287","642870831","R"
"H36KXRHUSCA1","92 PLYMOUTH ST, BROOKLYN, NY, 11201","Match","Exact","92 PLYMOUTH ST, BROOKLYN, NY, 11201","-73.989600271625,40.703804901074","59075044","R"
"E16TKDG7D9E7","20 JAY ST, BROOKLYN, NY, 11201","Match","Exact","20 JAY ST, BROOKLYN, NY, 11201","-73.9866502493,40.704191959558","59075104","R"
"ZL1MFD7GMY26","127 W 26TH ST RM 1201, NEW YORK, NY, 10001","Match","Exact","127 W 26TH ST, NEW YORK, NY, 10001","-73.992167391684,40.745184045514","59653389","R"
"ZGEWXDHVZPU8","2186 5TH AVE, NEW YORK, NY, 10037","Match","Exact","2186 5TH AVE, NEW YORK, NY, 10037","-73.938391184695,40.811830637013","610198106","L"
"SH39NEVDNN13","182 LAFAYETTE ST FL 2, NEW YORK, NY, 10013","Match","Exact","182 LAFAYETTE ST, NEW YORK, NY, 10013","-73.998692089433,40.720584513912","59653769","L"
"TN2HJPDGVD76","19 MORRIS AVE, BROOKLYN, NY, 11205","Match","Exact","19 MORRIS AVE, BROOKLYN, NY, 11205","-73.975291043189,40.699065615019","59100551","R"
"EVM4EDKDCRA5","140 2ND AVE RM 504, NEW YORK, NY, 10003","Match","Exact","140 2ND AVE, NEW YORK, NY, 10003","-73.987329236741,40.728948648544","59654045","R"
"N3MTTSMSBUW5","79 ESSEX ST, NEW YORK, NY, 10002","Match","Exact","79 ESSEX ST, NEW YORK, NY, 10002","-73.988567036499,40.71800720011","640889803","L"
"ZUMMJCCDF832","30 RIVER RD APT 18C, NEW YORK, NY, 10044","Match","Exact","30 RIVER RD, NEW YORK, NY, 10044","-73.947510545749,40.765259459566","59661014","L"
"MNWFN6B4MY45","51 JANE ST APT 10, NEW YORK, NY, 10014","Match","Exact","51 JANE ST, NEW YORK, NY, 10014","-74.005198852415,40.73819490909","59659815","R"
"YMSCTKLKCTT3","141 E 13TH ST, NEW YORK, NY, 10003","Match","Exact","141 E 13TH ST, NEW YORK, NY, 10003","-73.988270911972,40.732917994094","639490754","L"
"JLLCR3XNY8L4","58 7TH AVE, BROOKLYN, NY, 11217","Match","Exact","58 7TH AVE, BROOKLYN, NY, 11217","-73.974629674491,40.675809157161","59078180","R"
"G594S5BDFGW8","305 E 140TH ST APT 1A, BRONX, NY, 10454","Match","Exact","305 E 140TH ST, BRONX, NY, 10454","-73.924449792401,40.811528328388","80300381","L"
"VAX6NLUGRLM5","222 BROADWAY, NEW YORK, NY, 10038","Match","Exact","222 BROADWAY, NEW YORK, NY, 10038","-74.008869349177,40.710998103016","59660369","R"
"Z1RDR9V91XG8","2465 PALISADE AVE, BRONX, NY, 10463","Match","Exact","2465 PALISADE AVE, BRONX, NY, 10463","-73.922274448117,40.879972676192","80312924","L"
"EXUHLW5X8MC6","48-15 28TH AVENUE, ASTORIA, NY, 11103","Match","Exact","48-15 28TH AVE, ASTORIA, NY, 11103","-73.907110857992,40.762456875617","59697247","L"
"D2MVJWP4V2W7","540 PRESIDENT ST, BROOKLYN, NY, 11215","Match","Exact","540 PRESIDENT ST, BROOKLYN, NY, 11215","-73.985076071539,40.677339969259","59075665","R"
"NXAYMM9B9MU9","70 LINCOLN CENTER PLZ, NEW YORK, NY, 10023","Match","Exact","70 LINCOLN CENTER PLZ, NEW YORK, NY, 10023","-73.982619013661,40.771522142115","59657034","L"
"HPJ5ANU71H34","29 REEVE PL, BROOKLYN, NY, 11218","Match","Exact","29 REEVE PL, BROOKLYN, NY, 11218","-73.975237528948,40.653125089971","59078377","L"
"QAJTM54XC7G3","232 3RD ST STE A113, BROOKLYN, NY, 11215","Match","Exact","232 3RD ST, BROOKLYN, NY, 11215","-73.987695481125,40.674859807645","59075659","R"
"J1L9KWW9URJ7","232 3RD ST STE E103, BROOKLYN, NY, 11215","Match","Exact","232 3RD ST, BROOKLYN, NY, 11215","-73.987695481125,40.674859807645","59075659","R"
"ZKLMCNYSHHZ5","152 BEACH 92ND STREET, FAR ROCKAWAY, NY, 11693","Match","Exact","152 BEACH 92ND ST, FAR ROCKAWAY, NY, 11693","-73.814454884639,40.58522442297","59722481","R"
"LUE9B6MDL4N5","200 WILLOUGHBY AVE, BROOKLYN, NY, 11205","Match","Exact","200 WILLOUGHBY AVE, BROOKLYN, NY, 11205","-73.962649106098,40.692156828764","639409757","L"
"GBN3AMCN6NZ7","400 W 43RD ST #21S, NEW YORK, NY, 10036","Match","Exact","400 W 43RD ST, NEW YORK, NY, 10036","-73.992242853403,40.759080741024","650069144","L"
"S1CAGVFBEER3","675 W 252ND ST, BRONX, NY, 10471","Match","Exact","675 W 252ND ST, BRONX, NY, 10471","-73.910496094973,40.900029105527","80295828","R"
"N4Y5HW5X3HR3","308 W 104TH ST, NEW YORK, NY, 10025","Match","Exact","308 W 104TH ST, NEW YORK, NY, 10025","-73.969720030678,40.800355554274","59656549","L"
"JGTSSUU1EJE7","732 4TH AVE, BROOKLYN, NY, 11232","Match","Exact","732 4TH AVE, BROOKLYN, NY, 11232","-73.997162298997,40.661382935314","59075526","R"
"T1NYLGAAHLX5","725 EXTERIOR ST, BRONX, NY, 10451","No_Match"
"JD74G4WSWCK7","171 MADISON AVE STE 200, NEW YORK, NY, 10016","Match","Exact","171 MADISON AVE, NEW YORK, NY, 10016","-73.983281280555,40.74720142111","59654393","R"
"Q3MMJA51MJ78","186 E 123RD ST, NEW YORK, NY, 10035","Match","Exact","186 E 123RD ST, NEW YORK, NY, 10035","-73.937211874556,40.802517453379","59658098","R"
"TZUJKRTD9C54","647 FULTON ST 2ND FL, BROOKLYN, NY, 11217","Match","Exact","647 FULTON ST, BROOKLYN, NY, 11217","-73.979183718298,40.688277385282","59077571","L"
"SM13JGVJLJA7","138 S OXFORD ST STE 1A, BROOKLYN, NY, 11217","Match","Exact","138 S OXFORD ST, BROOKLYN, NY, 11217","-73.973303655107,40.685146968199","59099020","R"
"R68YPB1GN9Y9","305 7TH AVE STE 213, NEW YORK, NY, 10001","Match","Exact","305 7TH AVE, NEW YORK, NY, 10001","-73.993651621894,40.746719666295","59653390","R"
"G95DMYPTR2K4","4 W 43RD ST, NEW YORK, NY, 10036","Match","Exact","4 W 43RD ST, NEW YORK, NY, 10036","-73.980562414522,40.754159989825","59658624","L"
"HAZKLK8FHR63","33 BEAVER ST FL 19, NEW YORK, NY, 10004","Match","Exact","33 BEAVER ST, NEW YORK, NY, 10004","-74.012302798956,40.705044694323","59659659","L"
"CQPTYVDE89Q3","466 W 152ND ST, NEW YORK, NY, 10031","Match","Exact","466 W 152ND ST, NEW YORK, NY, 10031","-73.943221160729,40.829090171179","59656207","L"
"J7NMB1TCJMD1","177 DWIGHT ST STE 3F, BROOKLYN, NY, 11231","Match","Exact","177 DWIGHT ST, BROOKLYN, NY, 11231","-74.011377452899,40.673968225612","59093537","L"
"ZTETGGX4K747","419 ELDERT ST, BROOKLYN, NY, 11237","Match","Exact","419 ELDERT ST, BROOKLYN, NY, 11237","-73.90649435141,40.693515364776","59084181","L"
"PM3DZFZDWWA4","35 E 20TH ST # 2, NEW YORK, NY, 10003","Match","Exact","35 E 20TH ST, NEW YORK, NY, 10003","-73.989243561997,40.739022649991","59653627","L"
"CHT4BZKWNSF3","107 SUFFOLK ST STE 411, NEW YORK, NY, 10002","Match","Exact","107 SUFFOLK ST, NEW YORK, NY, 10002","-73.986046330007,40.719229265611","59654146","L"
"TVZDN4DZLRL4","32 BROADWAY STE 1314, NEW YORK, NY, 10004","Match","Exact","32 BROADWAY, NEW YORK, NY, 10004","-74.012827829748,40.706275542501","59659614","R"
"PMJYMJ3DSJ75","232 THIRD ST #A111, BROOKLYN, NY, 11215","Match","Exact","232 3RD ST, BROOKLYN, NY, 11215","-73.987695481125,40.674859807645","59075659","R"
"TRX5R9CVN7J3","149 W 126TH ST, NEW YORK, NY, 10027","Match","Exact","149 W 126TH ST, NEW YORK, NY, 10027","-73.946352065225,40.809081980784","59656185","R"
"HUNEM5ELJWN5","330 W 38TH ST RM 902, NEW YORK, NY, 10018","Match","Exact","330 W 38TH ST, NEW YORK, NY, 10018","-73.992563372344,40.755035810184","59655210","L"
"MAYMMWENJ1N5","8 W 8TH ST, NEW YORK, NY, 10011","Match","Exact","8 W 8TH ST, NEW YORK, NY, 10011","-73.996719233099,40.73234492837","59653367","L"
"L5MNLJNNNQF5","307 W 43RD ST, NEW YORK, NY, 10036","Match","Exact","307 W 43RD ST, NEW YORK, NY, 10036","-73.989549936939,40.758078623007","650074728","R"
"EK47RAJAKPL3","182 DUANE ST FL 3, NEW YORK, NY, 10013","Match","Exact","182 DUANE ST, NEW YORK, NY, 10013","-74.010291211962,40.717358586776","59659467","L"
"J913XFJU68U9","247 HERKIMER ST FL 1, BROOKLYN, NY, 11216","Match","Exact","247 HERKIMER ST, BROOKLYN, NY, 11216","-73.944117988973,40.679397244161","59078939","L"
"GWQ5H818QK91","247 WEST 37TH STREET  5TH FLOOR, NEW YORK, NY, 10018","Match","Exact","247 W 37TH ST, NEW YORK, NY, 10018","-73.990541409747,40.75350815755","59658578","R"
"EFCHAWPJB7L7","316 E 63RD ST, NEW YORK, NY, 10065","Match","Exact","316 E 63RD ST, NEW YORK, NY, 10065","-73.961835551858,40.762759761328","611798330","R"
"MZKYG2QG8KK8","122 E 42ND ST STE 1501, NEW YORK, NY, 10168","Match","Non_Exact","122 E 42ND ST, NEW YORK, NY, 10017","-73.976349282227,40.751501323433","59658687","R"
"ZANHEMLUXCK8","140 2ND AVE STE 503, NEW YORK, NY, 10003","Match","Exact","140 2ND AVE, NEW YORK, NY, 10003","-73.987329236741,40.728948648544","59654045","R"
"P1FGJMFT6DM1","12 W 32ND ST FL 7, NEW YORK, NY, 10001","Match","Exact","12 W 32ND ST, NEW YORK, NY, 10001","-73.985876006482,40.747247504649","59653447","L"
"DHJMWD6SN9P5","331 W 57TH ST STE 494, NEW YORK, NY, 10019","Match","Exact","331 W 57TH ST, NEW YORK, NY, 10019","-73.984231881577,40.767353563502","650078188","R"
"S5KEVXMY2V34","3721 79TH ST, JACKSON HEIGHTS, NY, 11372","Match","Exact","37-21 79TH ST, JACKSON HEIGHTS, NY, 11372","-73.88693926501,40.7489969467","59693848","L"
"RVJHLM4X7KK3","830 FIFTH AVE, NEW YORK, NY, 10065","Match","Exact","830 5TH AVE, NEW YORK, NY, 10065","-73.970698724695,40.767316075593","59657421","R"
"NJY4B4C9FMJ9","45 MAIN ST STE 515, BROOKLYN, NY, 11201","Match","Exact","45 MAIN ST, BROOKLYN, NY, 11201","-73.99061497284,40.702715666325","59074958","L"
"HM6BV3LM61R3","147 PRINCE ST, BROOKLYN, NY, 11201","No_Match"
"S2GVPL34G756","167 WILSON AVE, BROOKLYN, NY, 11237","Match","Exact","167 WILSON AVE, BROOKLYN, NY, 11237","-73.924296613405,40.69996468513","59082637","L"
"RDAMZRPZTNL3","540 PRESIDENT ST STE 1A, BROOKLYN, NY, 11215","Match","Exact","540 PRESIDENT ST, BROOKLYN, NY, 11215","-73.985076071539,40.677339969259","59075665","R"
"MJPYBJBLLDG4","520 EIGHTH AVENUE  SUITE 355, NEW YORK, NY, 10018","Match","Exact","520 8TH AVE, NEW YORK, NY, 10018","-73.992398387996,40.753533434878","59658577","R"
"HGMCNT3HRJ85","303 BOND ST, BROOKLYN, NY, 11231","Match","Exact","303 BOND ST, BROOKLYN, NY, 11231","-73.989457242784,40.679970803094","59075398","L"
"NQTJDC4MSJ81","158 BUFFALO AVE, BROOKLYN, NY, 11213","Match","Exact","158 BUFFALO AVE, BROOKLYN, NY, 11213","-73.925151869079,40.673905302433","59083377","R"
"R786QUDMCRE4","352 W 117TH ST, NEW YORK, NY, 10026","Match","Exact","352 W 117TH ST, NEW YORK, NY, 10026","-73.95644591841,40.805691720845","59657645","L"
"YN23P2VJMDK5","352 SEVENTH AVENUE STE 301, NEW YORK, NY, 10001","Match","Exact","352 7TH AVE, NEW YORK, NY, 10001","-73.99291127205,40.747971853344","59653402","L"
"F21HBFKY53G3","730 RIVERSIDE DR APT 9E, NEW YORK, NY, 10031","Match","Exact","730 RIVERSIDE DR, NEW YORK, NY, 10031","-73.949520453144,40.830529091498","59655905","R"
"WVNMPB2AB5M9","232 3RD ST STE A108, BROOKLYN, NY, 11215","Match","Exact","232 3RD ST, BROOKLYN, NY, 11215","-73.987695481125,40.674859807645","59075659","R"
"KCWFHDGGNF86","495 FLATBUSH AVE, BROOKLYN, NY, 11225","Match","Exact","495 FLATBUSH AVE, BROOKLYN, NY, 11225","-73.96147103507,40.66187483651","59097273","L"
"T2H8HGJMKUT1","520 8TH AVE STE 2200, NEW YORK, NY, 10018","Match","Exact","520 8TH AVE, NEW YORK, NY, 10018","-73.992398387996,40.753533434878","59658577","R"
"MJH9HZUK27M6","316 E 63RD ST FRNT A, NEW YORK, NY, 10065","Match","Non_Exact","316 E 63RD ST, NEW YORK, NY, 10065","-73.961835551858,40.762759761328","611798330","R"
"HKSVZM9TJKD8","315 W 39TH ST RM 902, NEW YORK, NY, 10018","Match","Exact","315 W 39TH ST, NEW YORK, NY, 10018","-73.991593616618,40.75557094573","59655212","R"
"FWNBKLLEPF38","60 LINCOLN CENTER PLAZA, NEW YORK, NY, 10023","Match","Exact","60 LINCOLN CENTER PLZ, NEW YORK, NY, 10023","-73.982481655913,40.77146431142","59657034","L"
"DKTQBKJJUX95","520 KINGSLAND AVE, BROOKLYN, NY, 11222","Match","Exact","520 KINGSLAND AVE, BROOKLYN, NY, 11222","-73.942766307615,40.732962716447","641037817","R"
"FW3HK6SU92E7","645 E 26TH ST, BROOKLYN, NY, 11210","Match","Exact","645 E 26TH ST, BROOKLYN, NY, 11210","-73.95218323097,40.634850845042","59081632","L"
"KGB4CAJYGJN5","28 LIBERTY ST FL 34, NEW YORK, NY, 10005","Match","Exact","28 LIBERTY ST, NEW YORK, NY, 10005","-74.008561668197,40.707875044499","59659650","L"
"DUJBHZV1D6N8","890 BROADWAY 8TH FL, NEW YORK, NY, 10003","Match","Exact","890 BROADWAY, NEW YORK, NY, 10003","-73.989862687964,40.738532595927","59653626","R"
"XK8TLV4XURJ4","61 E 4TH ST, NEW YORK, NY, 10003","Match","Exact","61 E 4TH ST, NEW YORK, NY, 10003","-73.990922120015,40.72688858586","59653925","L"
"QWGSM6KLHRC8","400 W 43RD ST APT 43R, NEW YORK, NY, 10036","Match","Exact","400 W 43RD ST, NEW YORK, NY, 10036","-73.992242853403,40.759080741024","650069144","L"
"HFYELRSN4DZ3","571 WALTON AVE # 575, BRONX, NY, 10451","Match","Exact","571 WALTON AVE, BRONX, NY, 10451","-73.928150154181,40.819599332327","80300085","L"
"FZC7KJ8EB316","520 8TH AVE STE 328, NEW YORK, NY, 10018","Match","Exact","520 8TH AVE, NEW YORK, NY, 10018","-73.992398387996,40.753533434878","59658577","R"
"K11BSN6H25M3","58-12 QUEENS BLVD  STE 1, WOODSIDE, NY, 11377","Match","Exact","58-12 QUEENS BLVD, WOODSIDE, NY, 11377","-73.90736097674,40.74158031853","59692873","R"
"QRQLL5DMKPJ6","178 FREEMAN ST, BROOKLYN, NY, 11222","Match","Exact","178 FREEMAN ST, BROOKLYN, NY, 11222","-73.954663632416,40.734419549161","641033068","R"
"F2JUMVPRKE68","250 W 99TH ST APT 6A, NEW YORK, NY, 10025","Match","Exact","250 W 99TH ST, NEW YORK, NY, 10025","-73.970703667948,40.796671342965","59656578","L"
"L2CSCEZE6K75","154 CHRISTOPHER ST  STE-3C, NEW YORK, NY, 10014","Match","Exact","154 CHRISTOPHER ST, NEW YORK, NY, 10014","-74.008692768931,40.732575294126","59659873","L"
"H7NCZMBXGN14","321 W 44TH ST STE 802, NEW YORK, NY, 10036","Match","Exact","321 W 44TH ST, NEW YORK, NY, 10036","-73.98942459872,40.758843636101","59655214","R"
"HL3EY91NDB33","145 AINSLIE ST, BROOKLYN, NY, 11211","Match","Exact","145 AINSLIE ST, BROOKLYN, NY, 11211","-73.948624569904,40.712718267086","59076855","L"
"UB5SSBK91G76","4117 GREENPOINT AVE, SUNNYSIDE, NY, 11104","Match","Exact","41-17 GREENPOINT AVE, SUNNYSIDE, NY, 11104","-73.923892008288,40.740123390215","59692535","L"
"MKJ8DBMNRBZ4","509 ATLANTIC AVE, BROOKLYN, NY, 11217","Match","Exact","509 ATLANTIC AVE, BROOKLYN, NY, 11217","-73.980860553,40.685450077599","59077558","L"
"MHF3WYTG9MT8","536 LAGUARDIA PL, NEW YORK, NY, 10012","Match","Exact","536 LAGUARDIA PL, NEW YORK, NY, 10012","-73.998627939666,40.728567794239","59653741","L"
"UL7WQ6GTFX71","540 PRESIDENT ST STE 1D, BROOKLYN, NY, 11215","Match","Exact","540 PRESIDENT ST, BROOKLYN, NY, 11215","-73.985076071539,40.677339969259","59075665","R"
"J1X8WHNND3D8","519 W. 135TH STREET STE 6B, NEW YORK, NY, 10031","Match","Exact","519 W 135TH ST, NEW YORK, NY, 10031","-73.953970941177,40.819720671617","651706263","R"
"QW53KEYFM543","7 KNICKERBOCKER AVE, BROOKLYN, NY, 11237","Match","Exact","7 KNICKERBOCKER AVE, BROOKLYN, NY, 11237","-73.931840272356,40.70763755601","59082304","L"
"EJABWGUJM228","65-30 KISSENA BLVD, FLUSHING, NY, 11367","No_Match"
"HRF5C6MS77K4","15 GRAMERCY PARK, NEW YORK, NY, 10003","Tie"
"TSMNHANE2N74","217 LAFAYETTE AVE APT 1, BROOKLYN, NY, 11238","Match","Exact","217 LAFAYETTE AVE, BROOKLYN, NY, 11238","-73.968503034422,40.68795876805","59077939","L"
"MPWSSENH65A8","1000 DEAN ST STE 232, BROOKLYN, NY, 11238","Match","Exact","1000 DEAN ST, BROOKLYN, NY, 11238","-73.957248317346,40.677888590488","59078451","R"
"PZ4YMBZJ2AE3","100 GOLD ST, NEW YORK, NY, 10038","Match","Exact","100 GOLD ST, NEW YORK, NY, 10038","-74.003723644053,40.710535876947","59663198","R"
"TWZMQFZLENW7","925 BERGEN ST STE 405, BROOKLYN, NY, 11238","Match","Exact","925 BERGEN ST, BROOKLYN, NY, 11238","-73.956583677665,40.677041232044","59079322","L"
"NNZNC19GR5E7","138 S OXFORD ST STE 4B, BROOKLYN, NY, 11217","Match","Exact","138 S OXFORD ST, BROOKLYN, NY, 11217","-73.973303655107,40.685146968199","59099020","R"
"RFJKC5XNAX93","142 W 57TH ST FL 11, NEW YORK, NY, 10019","Match","Exact","142 W 57TH ST, NEW YORK, NY, 10019","-73.978459378154,40.764790915368","59657122","L"
"QNF7HLC9Y8N7","265 HENRY ST, NEW YORK, NY, 10002","Match","Exact","265 HENRY ST, NEW YORK, NY, 10002","-73.984740214123,40.713883701312","59664984","R"
"GB66JF6WFRJ1","890 BROADWAY 3RD FL, NEW YORK, NY, 10003","Match","Exact","890 BROADWAY, NEW YORK, NY, 10003","-73.989862687964,40.738532595927","59653626","R"
"P9J5PNZFD7N4","15 LAFAYETTE AVE, BROOKLYN, NY, 11217","Match","Exact","15 LAFAYETTE AVE, BROOKLYN, NY, 11217","-73.97829495175,40.686867131599","59077589","L"
"HMZXW6H7KSF4","545 W 52ND ST 2ND FL, NEW YORK, NY, 10019","Match","Exact","545 W 52ND ST, NEW YORK, NY, 10019","-73.992427039538,40.766652958443","650153743","R"
"GNLFCWQX1NS7","37 VALENCIA AVENUE, STATEN ISLAND, NY, 10301","Match","Exact","37 VALENCIA AVE, STATEN ISLAND, NY, 10301","-74.100729771813,40.635145021465","59878417","R"
"KSXFH2P5G167","494 8TH AVE  SUITE 503, NEW YORK, NY, 10001","Match","Exact","494 8TH AVE, NEW YORK, NY, 10001","-73.993012808761,40.75268940616","59658581","R"
"WU9XAJHN1HE7","725 PARK AVE, NEW YORK, NY, 10021","Match","Exact","725 PARK AVE, NEW YORK, NY, 10021","-73.964549300023,40.769993714623","59657381","R"
"MVQVZGUTJLV6","169 54TH ST, BROOKLYN, NY, 11220","Match","Exact","169 54TH ST, BROOKLYN, NY, 11220","-74.019906652637,40.647318515941","59094305","L"
"QVW9TFAZJFE7","365 5TH AVE, NEW YORK, NY, 10016","Match","Exact","365 5TH AVE, NEW YORK, NY, 10016","-73.984200479277,40.748813126909","59653432","R"
"NHEVNB6K1CY8","33 WOOSTER ST, NEW YORK, NY, 10013","Match","Exact","33 WOOSTER ST, NEW YORK, NY, 10013","-74.002883486506,40.722203246699","59660289","L"
"D4ATTB1MH9C3","330 W 42ND ST, NEW YORK, NY, 10036","Match","Exact","330 W 42ND ST, NEW YORK, NY, 10036","-73.991316645513,40.757810623209","650074727","L"
"U2EKNEZLNN75","433 W 34TH ST, NEW YORK, NY, 10001","Match","Exact","433 W 34TH ST, NEW YORK, NY, 10001","-73.997630370681,40.754007109719","641385339","R"
"N6CRDPF1ZV53","79 ALEXANDER AVE STE 41A, BRONX, NY, 10454","Match","Exact","79 ALEXANDER AVE, BRONX, NY, 10454","-73.92767948552,40.806698504319","80300322","L"
"EMATMVBVRTE1","158 W 29TH ST FL 5, NEW YORK, NY, 10001","Match","Exact","158 W 29TH ST, NEW YORK, NY, 10001","-73.991774134018,40.747311631293","59653405","L"
"CVVQSE8286N5","2031-33 5TH AVE, NEW YORK, NY, 10035","Match","Non_Exact","2031 5TH AVE, NEW YORK, NY, 10035","-73.941992001085,40.806667535781","59656456","R"
"VABSPZWLPAH3","185 WYTHE AVE OFC F1, BROOKLYN, NY, 11249","Match","Exact","185 WYTHE AVE, BROOKLYN, NY, 11249","-73.961609071766,40.718336402441","59075930","L"
"JNQFZNMEYGB3","1150 CARROLL ST, BROOKLYN, NY, 11225","Match","Exact","1150 CARROLL ST, BROOKLYN, NY, 11225","-73.953451053701,40.667271750574","642653854","R"
"GNNCJS4NZL63","305 E 47TH ST, NEW YORK, NY, 10017","Match","Exact","305 E 47TH ST, NEW YORK, NY, 10017","-73.96969867505,40.752983212798","647119420","L"
"FAC1LLNMMNU9","76 MADISON AVE, NEW YORK, NY, 10016","Match","Exact","76 MADISON AVE, NEW YORK, NY, 10016","-73.985845989909,40.743920695968","59653487","L"
"EL7EBDCF4N55","303 CLINTON ST, BROOKLYN, NY, 11231","Match","Exact","303 CLINTON ST, BROOKLYN, NY, 11231","-73.996341182818,40.685964229901","59074838","L"
"QM47WJKM9PS7","24 E 82ND ST #3C, NEW YORK, NY, 10028","Match","Exact","24 E 82ND ST, NEW YORK, NY, 10028","-73.961422765954,40.778510537867","59657322","R"
"MPAVNSMECLD6","56 W 12TH ST APT 2, NEW YORK, NY, 10011","Match","Exact","56 W 12TH ST, NEW YORK, NY, 10011","-73.996424937856,40.735383284195","654534678","L"
"VG4KZ596E1Q3","461 FORT WASHINGTON AVE APT 42, NEW YORK, NY, 10033","Match","Exact","461 FORT WASHINGTON AVE, NEW YORK, NY, 10033","-73.938476306921,40.850629349735","59655589","L"
"YM4RCPFMDGH8","643 PARK AVE, NEW YORK, NY, 10021","Match","Non_Exact","643 PARK AVE, NEW YORK, NY, 10065","-73.966408215317,40.767444843854","59657451","R"
"NXPMX8AJH7U1","754 MELROSE AVE, BRONX, NY, 10451","Match","Exact","754 MELROSE AVE, BRONX, NY, 10451","-73.915324260052,40.821226044512","80300551","R"
"HMFMGXRU6MK8","80 HANSON PL STE 605, BROOKLYN, NY, 11217","Match","Exact","80 HANSON PL, BROOKLYN, NY, 11217","-73.974406335168,40.685441151376","59077670","R"
"LUMGHR6XW993","17232 133RD AVE, JAMAICA, NY, 11434","Match","Exact","172-32 133RD AVE, JAMAICA, NY, 11434","-73.768619834709,40.676166354554","624568677","L"
"N31DCMC8MDG8","410 W 42ND ST, NEW YORK, NY, 10036","Match","Exact","410 W 42ND ST, NEW YORK, NY, 10036","-73.993126148645,40.758572203289","59655195","L"
"X4JRUJXJCUR5","107 SUFFOLK ST STE 310, NEW YORK, NY, 10002","Match","Exact","107 SUFFOLK ST, NEW YORK, NY, 10002","-73.986046330007,40.719229265611","59654146","L"
"ELJQM44W6LF4","53 PUTNAM AVE., BROOKLYN, NY, 11238","Match","Exact","53 PUTNAM AVE, BROOKLYN, NY, 11238","-73.960045160458,40.682937124097","59078076","L"
"YNUKT2FJ4K97","111 2ND PL, BROOKLYN, NY, 11231","Match","Exact","111 2ND PL, BROOKLYN, NY, 11231","-73.997035790267,40.679493069593","59074865","L"
"CJT1UKD5AZK1","32 BROADWAY STE 1314, NEW YORK, NY, 10004","Match","Exact","32 BROADWAY, NEW YORK, NY, 10004","-74.012827829748,40.706275542501","59659614","R"
"CKKRFUJ9B2P9","310 RIVERSIDE DR, NEW YORK, NY, 10025","Match","Exact","310 RIVERSIDE DR, NEW YORK, NY, 10025","-73.971357476015,40.800357281181","59656548","R"
"UQAQBBF43K81","118 W 72ND ST, NEW YORK, NY, 10023","Match","Exact","118 W 72ND ST, NEW YORK, NY, 10023","-73.979396925781,40.777597798492","59656999","L"
"TM2XWA9P3B55","5TH AVE & 42ND ST, NEW YORK, NY, 10018","Match","Non_Exact","5TH AVE & E 42ND ST, NEW YORK, NY, 10017","-73.98088796777,40.753481016155","",""
"F5VNGNSUJ2K6","348 W 57TH ST STE 256, NEW YORK, NY, 10019","Match","Exact","348 W 57TH ST, NEW YORK, NY, 10019","-73.984610134363,40.767382938508","650078188","L"
"SMFTKANL5S34","562 EVERGREEN AVE, BROOKLYN, NY, 11221","Match","Exact","562 EVERGREEN AVE, BROOKLYN, NY, 11221","-73.916184107563,40.690611740142","59083127","R"
"THP6T4RHUGG7","343 MALCOLM X BLVD, NEW YORK, NY, 10027","Match","Exact","343 MALCOLM X BLVD, NEW YORK, NY, 10027","-73.944491241072,40.809253225053","59656426","L"
"YECRC71FRSL1","70 LINCOLN CENTER PLZ FRNT 2, NEW YORK, NY, 10023","Match","Exact","70 LINCOLN CENTER PLZ, NEW YORK, NY, 10023","-73.982619013661,40.771522142115","59657034","L"
"LAAQWMUTMD16","114-73 178TH ST, JAMAICA, NY, 11434","Match","Exact","114-73 178TH ST, JAMAICA, NY, 11434","-73.770953151089,40.693143506426","59718775","L"
"RWW4VUCE61Q9","363 3RD AVE, BROOKLYN, NY, 11215","Match","Exact","363 3RD AVE, BROOKLYN, NY, 11215","-73.986893328942,40.676301404325","59075662","L"
"Y22ZN4YB3F14","20 GRAND AVE, BROOKLYN, NY, 11205","Match","Exact","20 GRAND AVE, BROOKLYN, NY, 11205","-73.964841489013,40.697168574963","59098368","R"
"FFK9UGZ6MKH5","126 EAST 13TH ST, NEW YORK, NY, 10003","Match","Exact","126 E 13TH ST, NEW YORK, NY, 10003","-73.98866534997,40.732953443411","639490753","R"
"E1QVJKBSLML4","209 W HOUSTON ST, NEW YORK, NY, 10014","Match","Exact","209 W HOUSTON ST, NEW YORK, NY, 10014","-74.004761061042,40.728493866106","59660094","L"
"MGLQN986KLU7","232 52ND ST, BROOKLYN, NY, 11220","Match","Exact","232 52ND ST, BROOKLYN, NY, 11220","-74.017396822093,40.647480517068","59099549","R"
"VL8BC599UUJ9","230 W 41ST ST STE 1101, NEW YORK, NY, 10036","Match","Exact","230 W 41ST ST, NEW YORK, NY, 10036","-73.988375445565,40.755699251515","59655228","L"
"LRMWSGQUNGF3","405 W 55TH ST, NEW YORK, NY, 10019","Match","Exact","405 W 55TH ST, NEW YORK, NY, 10019","-73.986799056532,40.766740636128","59655232","R"
"GBZJW78BD6K5","440 LAFAYETTE ST 4TH FL, NEW YORK, NY, 10003","Match","Exact","440 LAFAYETTE ST, NEW YORK, NY, 10003","-73.992079250757,40.729200840276","639430771","L"
"HCXZJ7JB7KQ7","32 2ND AVE, NEW YORK, NY, 10003","Match","Exact","32 2ND AVE, NEW YORK, NY, 10003","-73.99041580872,40.724711987617","59653946","R"
"P88EW14QFWN4","1368 FULTON ST, BROOKLYN, NY, 11216","Match","Exact","1368 FULTON ST, BROOKLYN, NY, 11216","-73.945981589229,40.680139682437","59078935","R"
"L5BXSRYLNNA8","167 W 89TH ST, NEW YORK, NY, 10024","Match","Exact","167 W 89TH ST, NEW YORK, NY, 10024","-73.972618695383,40.789265606759","59656739","R"
"NN9GBEG2A698","76 9TH AVE STE 313, NEW YORK, NY, 10011","Match","Exact","76 9TH AVE, NEW YORK, NY, 10011","-74.005029233603,40.741188805886","59659799","R"
"YNL2H7YNMFP9","66 W 12TH ST, NEW YORK, NY, 10011","Match","Exact","66 W 12TH ST, NEW YORK, NY, 10011","-73.996746565854,40.735519180172","654534678","L"
"D1BNPZQZZDW4","195 PLYMOUTH ST # 4-2, BROOKLYN, NY, 11201","Match","Exact","195 PLYMOUTH ST, BROOKLYN, NY, 11201","-73.986119016205,40.703797846716","59075111","L"
"KJR3UQ76HZK7","200 CHAMBERS ST, NEW YORK, NY, 10007","Match","Exact","200 CHAMBERS ST, NEW YORK, NY, 10007","-74.011071726401,40.716283359693","647336218","L"
"CQLNZTAFSTL6","361 MANHATTAN AVE STE 1, BROOKLYN, NY, 11211","Match","Exact","361 MANHATTAN AVE, BROOKLYN, NY, 11211","-73.946515206066,40.716622144428","59076844","L"
"MRDFW8TEK6Q8","174 E 80TH ST, NEW YORK, NY, 10075","Match","Exact","174 E 80TH ST, NEW YORK, NY, 10075","-73.957635282243,40.77525445122","59657362","R"
"QEHNQKN5K4L1","74A E 4TH ST, NEW YORK, NY, 10003","Match","Non_Exact","74A E 4TH ST, NEW YORK, NY, 10003","-73.990083876977,40.726400768474","59653925","R"
"L8LEL8DDZ4H4","20 WEST 20TH STREET, NEW YORK, NY, 10011","Match","Exact","20 W 20TH ST, NEW YORK, NY, 10011","-73.991626814535,40.739894984046","59653506","L"
"LLVYVX1KXJ47","8 W 126TH ST, NEW YORK, NY, 10027","Match","Exact","8 W 126TH ST, NEW YORK, NY, 10027","-73.94206709342,40.807148127773","59656439","L"
"SVZSJHR2A4T6","1855 BROADWAY, NEW YORK, NY, 10023","Match","Exact","1855 BROADWAY, NEW YORK, NY, 10023","-73.982189171477,40.76958866477","59657055","L"
"EJ5GXJ9NKWQ3","55 5TH AVE, NEW YORK, NY, 10003","Match","Exact","55 5TH AVE, NEW YORK, NY, 10003","-73.994383771545,40.734829626264","59653542","R"
"FLWMM3FUEEE7","445 W 45TH ST, NEW YORK, NY, 10036","Match","Exact","445 W 45TH ST, NEW YORK, NY, 10036","-73.993238224475,40.761266512142","611526665","R"
"L7W3KMT185L9","3850 SEDGWICK AVE APT 9J, BRONX, NY, 10463","Match","Exact","3850 SEDGWICK AVE, BRONX, NY, 10463","-73.89491537217,40.882737415897","80311437","R"
"JNPAVUFLQJ38","155 E 34TH ST APT 20C, NEW YORK, NY, 10016","Match","Exact","155 E 34TH ST, NEW YORK, NY, 10016","-73.979161487702,40.746230359065","59654426","L"
"MVBMGW9N79P5","142 W 49TH ST STE 210, NEW YORK, NY, 10019","Match","Exact","142 W 49TH ST, NEW YORK, NY, 10019","-73.982150856391,40.75973248353","59655291","L"
"RLXMLBUNBXB6","16 CLARKSON STREET #401, NEW YORK, NY, 10014","Match","Exact","16 CLARKSON ST, NEW YORK, NY, 10014","-74.005956422828,40.729343905912","59665449","L"
"GM3RLMAGGC48","511 W 54TH ST, NEW YORK, NY, 10019","Match","Exact","511 W 54TH ST, NEW YORK, NY, 10019","-73.990698125376,40.767562257623","59662184","R"
"K1J8AM81PF23","56 E 1ST ST, NEW YORK, NY, 10003","Match","Exact","56 E 1ST ST, NEW YORK, NY, 10003","-73.989395403233,40.723740410958","59653949","L"
"KYNFKCN5K311","150 W 17TH ST, NEW YORK, NY, 10011","Match","Exact","150 W 17TH ST, NEW YORK, NY, 10011","-73.996930925976,40.739832599351","59653321","L"
"T4ZKXG4K3JK7","68 JAY ST STE 201, BROOKLYN, NY, 11201","Match","Exact","68 JAY ST, BROOKLYN, NY, 11201","-73.986735780869,40.702904828124","59075070","R"
"P8K4FYLJZAK8","140 32ND ST, BROOKLYN, NY, 11232","Match","Exact","140 32ND ST, BROOKLYN, NY, 11232","-74.003031099198,40.657043707372","59093992","R"
"PH6EQK7FGZW9","55 W END AVE, NEW YORK, NY, 10023","Match","Exact","55 W END AVE, NEW YORK, NY, 10023","-73.989186856288,40.773467570361","59655116","L"
"NE91TVZQR3U5","229 W 135TH ST FL 1, , NY, 10030","Match","Exact","229 W 135TH ST, NEW YORK, NY, 10030","-73.944504033792,40.815709735852","59656154","R"
"FXZAF5532YK8","9018 182ND ST, HOLLIS, NY, 11423","Match","Exact","90-18 182ND ST, HOLLIS, NY, 11423","-73.779843426965,40.71090336263","59712495","R"
"PCJPBEAAH8V1","729 7TH AVE STE 1401, NEW YORK, NY, 10019","Match","Exact","729 7TH AVE, NEW YORK, NY, 10019","-73.983699873264,40.760379234838","59655290","R"
"KD8DJYR4B161","350 FORT WASHINGTON AVE, NEW YORK, NY, 10033","Match","Exact","350 FORT WASHINGTON AVE, NEW YORK, NY, 10033","-73.939779345114,40.847013969032","59665460","R"
"E9H5WYSFSD44","440 KENT AVE  19A, BROOKLYN, NY, 11249","Match","Non_Exact","440 KENT AVE, BROOKLYN, NY, 11249","-73.968549036922,40.708899077773","59101738","L"
"DYLXAY23GFH7","1230 5TH AVE, NEW YORK, NY, 10029","Match","Exact","1230 5TH AVE, NEW YORK, NY, 10029","-73.951970077101,40.792989198043","59657719","R"
"G7U1F17K47E9","180 PARK ROW, NEW YORK, NY, 10038","Match","Exact","180 PARK ROW, NEW YORK, NY, 10038","-73.999927710719,40.713242696822","59662187","L"
"HM8HCN5Y1634","235 E 11TH ST FRNT, NEW YORK, NY, 10003","Match","Non_Exact","235 E 11TH ST, NEW YORK, NY, 10003","-73.987336040637,40.730850256048","59653709","L"
"C44HCGPPBUG6","404 2ND ST APT 2R, BROOKLYN, NY, 11215","Match","Exact","404 2ND ST, BROOKLYN, NY, 11215","-73.981538513244,40.672730027859","59078104","R"
"U64FN8N6Q617","608 HENRY ST, BROOKLYN, NY, 11231","Match","Exact","608 HENRY ST, BROOKLYN, NY, 11231","-74.00138470004,40.680194568883","59093786","R"
"C8H9CNG1VBD9","ONE GUSTAVE L LEVY PL, NEW YORK, NY, 10029","Match","Exact","1 GUSTAVE L LEVY PL, NEW YORK, NY, 10029","-73.953785645448,40.790491979726","59662666","L"
"WN74GVSSZY81","729 7TH AVE, NEW YORK, NY, 10019","Match","Exact","729 7TH AVE, NEW YORK, NY, 10019","-73.983699873264,40.760379234838","59655290","R"
"N9MLQNLBYAE5","36 BATTERY PL, NEW YORK, NY, 10280","No_Match"
"HQ1XPMEK9JS1","520 8TH AVE RM 2200, NEW YORK, NY, 10018","Match","Exact","520 8TH AVE, NEW YORK, NY, 10018","-73.992398387996,40.753533434878","59658577","R"
"J4Z8T817GNW7","80 HANSON PL STE 301, BROOKLYN, NY, 11217","Match","Exact","80 HANSON PL, BROOKLYN, NY, 11217","-73.974406335168,40.685441151376","59077670","R"
"MB79K5AMR5D1","520 EIGHTH AVE STE 301, NEW YORK, NY, 10018","Match","Exact","520 8TH AVE, NEW YORK, NY, 10018","-73.992398387996,40.753533434878","59658577","R"
"JKWDJ73APW43","109 BERGEN ST, BROOKLYN, NY, 11201","Match","Exact","109 BERGEN ST, BROOKLYN, NY, 11201","-73.989154306909,40.686274695066","59075264","L"
"S3G1J8LSAJJ3","589 BROADWAY STE 301, NEW YORK, NY, 10012","Match","Exact","589 BROADWAY, NEW YORK, NY, 10012","-73.997186900661,40.72504785171","59653754","L"
"D2W6GK233R78","3601 35TH AVE, ASTORIA, NY, 11106","Match","Exact","36-01 35TH AVE, ASTORIA, NY, 11106","-73.924399892032,40.756273577998","59696859","L"
"NNEWCFLVC4G1","70 AVENUE O, BROOKLYN, NY, 11204","Match","Exact","70 AVE O, BROOKLYN, NY, 11204","-73.982524645246,40.610316731082","59089399","R"
"GR3FFN2PA986","235 BOWERY, NEW YORK, NY, 10002","Match","Exact","235 BOWERY, NEW YORK, NY, 10002","-73.993147445674,40.722443737543","59653937","R"
"ZES8XNEFNCP3","58 WEST 129TH ST, NEW YORK, NY, 10027","Match","Exact","58 W 129TH ST, NEW YORK, NY, 10027","-73.942393351775,40.809732078702","634257295","L"
"M5XBSLG9SDX6","577 GRAND ST, NEW YORK, NY, 10002","Match","Exact","577 GRAND ST, NEW YORK, NY, 10002","-73.979160045087,40.71366130629","650085149","R"
"NQKFAEKQ7LJ6","379 BUSHWICK AVE, BROOKLYN, NY, 11206","Match","Exact","379 BUSHWICK AVE, BROOKLYN, NY, 11206","-73.937910004906,40.703671534733","59079035","L"
"EBJHSK1D6JA5","63 FLUSHING AVE, BROOKLYN, NY, 11205","Match","Exact","63 FLUSHING AVE, BROOKLYN, NY, 11205","-73.974935457667,40.698067463316","59100580","L"
"LLH5Z1BHG581","55 WASHINGTON ST STE 307, BROOKLYN, NY, 11201","Match","Exact","55 WASHINGTON ST, BROOKLYN, NY, 11201","-73.989427601055,40.702575697024","59075046","L"
"DHJ6MWMNEH38","65 COURT ST STE 1, BROOKLYN, NY, 11201","Match","Exact","65 COURT ST, BROOKLYN, NY, 11201","-73.991350545823,40.69163028144","59075040","L"
"JKZ9PL6EWXU5","200 6TH ST  STE 3A, BROOKLYN, NY, 11215","Match","Exact","200 6TH ST, BROOKLYN, NY, 11215","-73.989615336134,40.673252491638","59075586","R"
"F161GNSK2G13","1040 METROPOLITAN AVE FL 3, BROOKLYN, NY, 11211","Match","Exact","1040 METROPOLITAN AVE, BROOKLYN, NY, 11211","-73.935216394192,40.714396854076","59077323","R"
"MXFKS5UA4WK5","150 1ST AVE, NEW YORK, NY, 10009","Match","Exact","150 1ST AVE, NEW YORK, NY, 10009","-73.984772276551,40.728216512956","59654065","R"
"WAMWTCNKM2K7","201 46TH ST FL 4, BROOKLYN, NY, 11220","Match","Exact","201 46TH ST, BROOKLYN, NY, 11220","-74.014489924674,40.651342176288","59099537","L"
"U1FDB9EL24G1","225 BROADWAY STE 2730, NEW YORK, NY, 10007","Match","Exact","225 BROADWAY, NEW YORK, NY, 10007","-74.008330346569,40.711825246815","59660372","L"
"DSGPYZ542E21","103 CHARLTON ST, , NY, 10014","Match","Exact","103 CHARLTON ST, NEW YORK, NY, 10014","-74.007914388864,40.72744054353","652206085","R"
"TZRVRA8ZJJA6","160 VARICK ST FL 7, NEW YORK, NY, 10013","Match","Exact","160 VARICK ST, NEW YORK, NY, 10013","-74.005531140664,40.726755332681","642472018","R"
"F337M6HC2YH4","63 W 125TH ST FL 4, NEW YORK, NY, 10027","Match","Exact","63 W 125TH ST, NEW YORK, NY, 10027","-73.944244903975,40.807316927823","642471709","R"
"YV4WDJUW7PH8","630 W 135TH ST APT 3, NEW YORK, NY, 10031","Match","Exact","630 W 135TH ST, NEW YORK, NY, 10031","-73.956135937954,40.820488710063","650070906","L"
"VFZ3S96PE136","601 E 20TH ST APT 8E, NEW YORK, NY, 10010","Match","Exact","601 E 20TH ST, NEW YORK, NY, 10010","-73.975317645122,40.733028355003","59654649","L"
"EF4UYM689CN5","108 E 15TH ST, NEW YORK, NY, 10003","Match","Exact","108 E 15TH ST, NEW YORK, NY, 10003","-73.988388891451,40.734636919263","59653679","R"
"FRN2HYFTB3L1","220 W 93RD ST APT 6C, NEW YORK, NY, 10025","Match","Exact","220 W 93RD ST, NEW YORK, NY, 10025","-73.972413255086,40.792330707486","59656723","L"
"TKK1ESMYMDF8","545 W 30TH ST, NEW YORK, NY, 10001","Match","Exact","545 W 30TH ST, NEW YORK, NY, 10001","-74.002551361748,40.752787745283","650082932","R"
"N4RVNH7VNJQ4","309 EAST 4TH STREET, NEW YORK, NY, 10009","Match","Exact","309 E 4TH ST, NEW YORK, NY, 10009","-73.979881612942,40.722227556755","59654762","L"
"RLEMQPFH42J8","11 BROADWAY, NEW YORK, NY, 10004","Match","Exact","11 BROADWAY, NEW YORK, NY, 10004","-74.014126069455,40.704880030273","59664910","L"
"E1W5TFYLLKE5","93 MERCER ST APT 6W, NEW YORK, NY, 10012","Match","Exact","93 MERCER ST, NEW YORK, NY, 10012","-73.999851315068,40.723242145967","642471698","L"
"KK5MGU7H2HV5","116 ELIZABETH ST, NEW YORK, NY, 10013","Match","Exact","116 ELIZABETH ST, NEW YORK, NY, 10013","-73.995454227495,40.719188559884","59653974","R"
"DTWFLXJPBL39","7 E 3RD ST #2, NEW YORK, NY, 10003","Match","Exact","7 E 3RD ST, NEW YORK, NY, 10003","-73.991422440018,40.726300291925","59653930","L"
"MNUMNS91GP86","520 8TH AVE RM 2005, NEW YORK, NY, 10018","Match","Exact","520 8TH AVE, NEW YORK, NY, 10018","-73.992398387996,40.753533434878","59658577","R"
"K61DVQNJ4934","58 GRAND ST, BROOKLYN, NY, 11249","Match","Exact","58 GRAND ST, BROOKLYN, NY, 11249","-73.965188772967,40.715879999893","59075980","R"
"Y9G2V8SKV1T5","520 8TH AVE STE 319, NEW YORK, NY, 10018","Match","Exact","520 8TH AVE, NEW YORK, NY, 10018","-73.992398387996,40.753533434878","59658577","R"
"DWZ3QL4F5EL5","DAVID H KOCH THEATER 20 LINCOLN CTR, NEW YORK, NY, 10023","Match","Non_Exact","20 LINCOLN CENTER PLZ, NEW YORK, NY, 10023","-73.981682534648,40.771127111552","611183092","L"
"XJFBMN62W5Y3","520 8TH AVE RM 303, NEW YORK, NY, 10018","Match","Exact","520 8TH AVE, NEW YORK, NY, 10018","-73.992398387996,40.753533434878","59658577","R"
"KHGNTCUW68L3","1000 5TH AVE, NEW YORK, NY, 10028","Match","Exact","1000 5TH AVE, NEW YORK, NY, 10028","-73.962797388915,40.778390892277","59657321","L"
"YY7PJG41UB23","23 CRANBERRY ST, BROOKLYN, NY, 11201","Match","Exact","23 CRANBERRY ST, BROOKLYN, NY, 11201","-73.994340301215,40.700080891948","59074911","L"
"F8JLF7H5MYS6","418 SACKETT ST, BROOKLYN, NY, 11231","Match","Exact","418 SACKETT ST, BROOKLYN, NY, 11231","-73.991545065436,40.68145706673","59075281","R"
"C5VBTVSJ9143","521 W 126TH ST, NEW YORK, NY, 10027","Match","Exact","521 W 126TH ST, NEW YORK, NY, 10027","-73.955915296827,40.814489648994","59656013","R"
"XHPGCRNATWY5","680 PARK AVE, NEW YORK, NY, 10065","Match","Exact","680 PARK AVE, NEW YORK, NY, 10065","-73.965637860919,40.768738431223","59657309","L"
"HJW3EG8E46M4","520 KINGSLAND AVENUE, BROOKLYN, NY, 11222","Match","Exact","520 KINGSLAND AVE, BROOKLYN, NY, 11222","-73.942766307615,40.732962716447","641037817","R"
"KKQFBNMSRKK8","302 BEDFORD AVE, BROOKLYN, NY, 11249","Match","Exact","302 BEDFORD AVE, BROOKLYN, NY, 11249","-73.961632691199,40.714102365275","59076072","R"
"NGFCTVBLCZZ7","310 BOWERY, NEW YORK, NY, 10012","Match","Exact","310 BOWERY, NEW YORK, NY, 10012","-73.992418817493,40.724868788835","59661279","L"
"F4N1QNPB95M4","116TH AND BDWY, NEW YORK, NY, 10027","Match","Non_Exact","W 116TH ST & BROADWAY, NEW YORK, NY, 10027","-73.963902965124,40.808003985852","",""
"M12VD7WEEFM9","5803 ROCKAWAY BEACH BLVD, ARVERNE, NY, 11692","No_Match"
"JMPMC776L8C3","1275 PROSPECT AVE, BROOKLYN, NY, 11218","Match","Exact","1275 PROSPECT AVE, BROOKLYN, NY, 11218","-73.975848891537,40.651973961618","59080523","L"
"DBM1C8MDJ5L3","525 W 120TH ST, NEW YORK, NY, 10027","Match","Exact","525 W 120TH ST, NEW YORK, NY, 10027","-73.959909764146,40.809697674401","59655385","R"
"DUKMR2JRTGX5","3456 107TH ST, CORONA, NY, 11368","Match","Exact","34-56 107TH ST, CORONA, NY, 11368","-73.861459281494,40.754902634176","59699475","R"
"RRZFS5QEXR59","200 6TH ST STE 3A, BROOKLYN, NY, 11215","Match","Exact","200 6TH ST, BROOKLYN, NY, 11215","-73.989615336134,40.673252491638","59075586","R"
"C7D9D7NYTPT7","14362 SANFORD AVENUE, FLUSHING, NY, 11355","Match","Exact","143-62 SANFORD AVE, FLUSHING, NY, 11355","-73.821007901461,40.758713776881","59701160","R"
"X5HWGTM85UL1","110 W 40TH ST STE 1503, NEW YORK, NY, 10018","Match","Exact","110 W 40TH ST, NEW YORK, NY, 10018","-73.985318182766,40.753603897185","59658601","L"
"VX1NXRDBM9W8","2352 37TH ST APT 2L, ASTORIA, NY, 11105","Match","Exact","23-52 37TH ST, ASTORIA, NY, 11105","-73.911289988184,40.770832003229","59697057","R"
"SBSZKLP6LA87","28 W 27TH ST FL 3, NEW YORK, NY, 10001","Match","Exact","28 W 27TH ST, NEW YORK, NY, 10001","-73.989504595446,40.744736272085","59653417","L"
"KYH5T5EJCR78","340 W 42ND ST STE 2624, NEW YORK, NY, 10036","Match","Exact","340 W 42ND ST, NEW YORK, NY, 10036","-73.991505906973,40.757890248604","650074727","L"
"LF4MRWBV5Q23","450 W 17TH ST APT 604, NEW YORK, NY, 10011","Match","Exact","450 W 17TH ST, NEW YORK, NY, 10011","-74.005454443091,40.743423592602","59659716","L"
"DE49MTY21EJ8","11 MADISON AVE FL 15, NEW YORK, NY, 10010","Match","Exact","11 MADISON AVE, NEW YORK, NY, 10010","-73.98742560076,40.741548606411","59653621","R"
"YVQXQJDPRNJ1","526 W 26TH ST RM 510, NEW YORK, NY, 10001","Match","Exact","526 W 26TH ST, NEW YORK, NY, 10001","-74.003607284076,40.749872250051","59662163","L"
"CWJFMLJVR6Z1","115 W 82ND ST APT BF, NEW YORK, NY, 10024","Match","Non_Exact","115 W 82ND ST, NEW YORK, NY, 10024","-73.974474747293,40.784141955864","59656751","R"
"YR9MYLF3JGY7","241 E 7TH ST, NEW YORK, NY, 10009","Match","Exact","241 E 7TH ST, NEW YORK, NY, 10009","-73.978424496394,40.723964758844","59654726","L"
"NX4MS3Z968A7","2700 E TREMONT AVE, BRONX, NY, 10461","Match","Exact","2700 E TREMONT AVE, BRONX, NY, 10461","-73.845901824418,40.842688948836","80313681","R"
"Z5QNDUNC9NM9","159 PIONEER ST, BROOKLYN, NY, 11231","Match","Exact","159 PIONEER ST, BROOKLYN, NY, 11231","-74.011806238767,40.679356349426","59093466","L"
"Q35JK97RDLM4","410 W 59TH ST, NEW YORK, NY, 10019","Match","Exact","410 W 59TH ST, NEW YORK, NY, 10019","-73.985718509164,40.769552245792","639418365","L"
"CLHDYRB9PBB9","120 BROADWAY STE 3650, NEW YORK, NY, 10271","Match","Exact","120 BROADWAY, NEW YORK, NY, 10271","-74.011043288863,40.708446420779","59659634","R"
"EQKBNZQWMVM1","138 S OXFORD ST STE 3C, BROOKLYN, NY, 11217","Match","Exact","138 S OXFORD ST, BROOKLYN, NY, 11217","-73.973303655107,40.685146968199","59099020","R"
"E7S2Q4L89F44","2900 SOUTHERN BLVD, BRONX, NY, 10458","Match","Exact","2900 SOUTHERN BLVD, BRONX, NY, 10458","-73.880639493097,40.859718108452","80299148","R"
"ELF3BKAM6VE6","20 THOMAS ST FL 1, NEW YORK, NY, 10007","Match","Exact","20 THOMAS ST, NEW YORK, NY, 10007","-74.00567614783,40.716011486119","59660357","L"
"UUNGQFJG6ZH8","145 W 28TH ST FL 3, NEW YORK, NY, 10001","Match","Exact","145 W 28TH ST, NEW YORK, NY, 10001","-73.991763538623,40.746628347324","59653391","R"
"GKWLWNJAW9U3","3 LAFAYETTE AVE, BROOKLYN, NY, 11217","Match","Exact","3 LAFAYETTE AVE, BROOKLYN, NY, 11217","-73.97889489033,40.686791524779","59077589","L"
"ENXFSQHDWYE5","120 BANK ST, NEW YORK, NY, 10014","Match","Exact","120 BANK ST, NEW YORK, NY, 10014","-74.007498287836,40.73624784381","59659795","L"
"N2HFFEBLXGJ3","149 E 23RD ST STE 1516, NEW YORK, NY, 10010","Match","Exact","149 E 23RD ST, NEW YORK, NY, 10010","-73.98387141949,40.739201679153","639380177","L"
"CY91NFND6144","361 W 125TH ST FL 6, NEW YORK, NY, 10027","Match","Exact","361 W 125TH ST, NEW YORK, NY, 10027","-73.953263857568,40.811117415162","59661827","R"
"DGK7S8ZFNBC3","4127 49TH ST APT 1R, SUNNYSIDE, NY, 11104","Match","Exact","41-27 49TH ST, SUNNYSIDE, NY, 11104","-73.915286568785,40.745585676607","652213244","L"
"LB1HRHML4ND3","182 4TH AVE, BROOKLYN, NY, 11217","Match","Exact","182 4TH AVE, BROOKLYN, NY, 11217","-73.982214693494,40.678763132421","59077615","R"
"NLPCNKB8TXX8","138 S OXFORD ST STE 3B, BROOKLYN, NY, 11217","Match","Exact","138 S OXFORD ST, BROOKLYN, NY, 11217","-73.973303655107,40.685146968199","59099020","R"
"ZCYFKHUEYCV7","205 23RD ST, BROOKLYN, NY, 11232","Match","Exact","205 23RD ST, BROOKLYN, NY, 11232","-73.995823402243,40.661047155323","59075527","L"
"UMULZA9Q1M37","70 LINCOLN CENTER PLZ FRNT 6, NEW YORK, NY, 10023","Match","Exact","70 LINCOLN CENTER PLZ, NEW YORK, NY, 10023","-73.982619013661,40.771522142115","59657034","L"
"FM9LJU324K44","500 5TH AVE STE 935, NEW YORK, NY, 10110","Match","Exact","500 5TH AVE, NEW YORK, NY, 10110","-73.980917472675,40.753558901024","59658642","L"
"FZJRLJKDDFD9","520 8TH AVE RM 312, NEW YORK, NY, 10018","Match","Exact","520 8TH AVE, NEW YORK, NY, 10018","-73.992398387996,40.753533434878","59658577","R"
"DEAXRKGQQTZ8","75 BROAD ST STE #304, NEW YORK, NY, 10004","Match","Exact","75 BROAD ST, NEW YORK, NY, 10004","-74.01148907099,40.704435240781","59659661","L"
"EZNBGE6N1MW6","416 W 42ND ST, NEW YORK, NY, 10036","Match","Exact","416 W 42ND ST, NEW YORK, NY, 10036","-73.993360301025,40.758670865139","59655195","L"
"SXV4K8JJ7UD7","551 GRAND ST LBBY A, NEW YORK, NY, 10002","Match","Non_Exact","551 GRAND ST, NEW YORK, NY, 10002","-73.98088085157,40.714189522598","59662026","R"
"T7DGBLYANKM3","1560 BROADWAY STE 800, NEW YORK, NY, 10036","Match","Exact","1560 BROADWAY, NEW YORK, NY, 10036","-73.985138984723,40.758981747331","59655295","R"
"N1Q6PW3JN8N6","1 E 53D ST, NEW YORK, NY, 10022","No_Match"
"J7CMQ9EU8JN3","163 W 125TH ST, NEW YORK, NY, 10027","Match","Exact","163 W 125TH ST, NEW YORK, NY, 10027","-73.947227494906,40.80857421477","59656176","R"
"TEBVVNY53WP1","231 W 29TH ST RM 602, NEW YORK, NY, 10001","Match","Exact","231 W 29TH ST, NEW YORK, NY, 10001","-73.993767898134,40.748282303876","59653387","R"
"NCUJKWE5MDT5","890 BROADWAY, NEW YORK, NY, 10003","Match","Exact","890 BROADWAY, NEW YORK, NY, 10003","-73.989862687964,40.738532595927","59653626","R"
"MZN3H9TA1J24","72 E 1ST ST, NEW YORK, NY, 10003","Match","Exact","72 E 1ST ST, NEW YORK, NY, 10003","-73.988581984463,40.723397749875","59653949","L"
"PNVPELZLNVE5","311 E 140TH ST, BRONX, NY, 10454","Match","Exact","311 E 140TH ST, BRONX, NY, 10454","-73.924392106709,40.811503296576","80300381","L"
"GKUNKEKH9125","75 BROAD ST RM 304, NEW YORK, NY, 10004","Match","Exact","75 BROAD ST, NEW YORK, NY, 10004","-74.01148907099,40.704435240781","59659661","L"
"YXZTHHW1WYT6","170 CENTRAL PARK W, NEW YORK, NY, 10024","Match","Exact","170 CENTRAL PARK W, NEW YORK, NY, 10024","-73.974021446538,40.778984025293","642471946","L"
"QT44GMUR5D95","1071 5TH AVE, NEW YORK, NY, 10128","Match","Exact","1071 5TH AVE, NEW YORK, NY, 10128","-73.95936613455,40.782855280328","59656975","R"
"VLKFL7DFGNV3","604 RIVERSIDE DR. APT 6C, NEW YORK, NY, 10031","Match","Exact","604 RIVERSIDE DR, NEW YORK, NY, 10031","-73.955787255532,40.822515188916","59655862","R"
"U3YHD4NKL4S7","226 E 27TH ST APT 5A, NEW YORK, NY, 10016","Match","Exact","226 E 27TH ST, NEW YORK, NY, 10016","-73.980725350393,40.741033744144","656935662","R"
"S8S4FTD8F274","190 OCEAN PKWY # 3, BROOKLYN, NY, 11218","Match","Exact","190 OCEAN PKWY, BROOKLYN, NY, 11218","-73.97484948887,40.645391963289","59080604","R"
"EBCABCDQJE45","85 S OXFORD ST, BROOKLYN, NY, 11217","Match","Exact","85 S OXFORD ST, BROOKLYN, NY, 11217","-73.973517429017,40.687022936655","652210510","L"
"CPWKDFNWBKK1","157 COLUMBUS AVE STE 424, NEW YORK, NY, 10023","Match","Exact","157 COLUMBUS AVE, NEW YORK, NY, 10023","-73.981011267646,40.774249601008","59657014","R"
"NLLST9XHM9T6","315 COLUMBIA ST, BROOKLYN, NY, 11231","Match","Exact","315 COLUMBIA ST, BROOKLYN, NY, 11231","-74.004323063882,40.681495325599","59093688","L"
"HDD5GQCA2D45","2474 WESTCHESTER AVE, BRONX, NY, 10461","Match","Exact","2474 WESTCHESTER AVE, BRONX, NY, 10461","-73.845451021366,40.837723043387","80305638","R"
"H46JYCLULJ26","2512 77TH ST., EAST ELMHURST, NY, 11370","Match","Exact","25-12 77TH ST, EAST ELMHURST, NY, 11370","-73.891403986714,40.762282602342","59697718","R"
"LLBAA2AAELM3","107 SUFFOLK ST, NEW YORK, NY, 10002","Match","Exact","107 SUFFOLK ST, NEW YORK, NY, 10002","-73.986046330007,40.719229265611","59654146","L"
"T63ZJ9NEJKR9","184 ELDRIDGE ST, NEW YORK, NY, 10002","Match","Exact","184 ELDRIDGE ST, NEW YORK, NY, 10002","-73.990616817058,40.720630945686","59654003","R"
"FRTUHJXMNF19","1220 5TH AVE, NEW YORK, NY, 10029","No_Match"
"XAQLNCJ91GR3","127 WEST 127TH STREET, NEW YORK, NY, 10027","Match","Exact","127 W 127TH ST, NEW YORK, NY, 10027","-73.945283761808,40.809454081228","59656189","R"
"MMRKPC5LB339","1296 WILLOUGHBY AVE, BROOKLYN, NY, 11237","Match","Exact","1296 WILLOUGHBY AVE, BROOKLYN, NY, 11237","-73.921516498496,40.705466488477","59082450","R"
"NNWJKWCQYM89","854 BUSHWICK AVE # 1R, BROOKLYN, NY, 11221","Match","Exact","854 BUSHWICK AVE, BROOKLYN, NY, 11221","-73.926586439087,40.694127926493","59082613","R"
"DMKYK7YEDH15","19 W 69TH ST APT 1101, NEW YORK, NY, 10023","Match","Exact","19 W 69TH ST, NEW YORK, NY, 10023","-73.977895250943,40.774568733669","59657030","R"
"G6UZP4CBPB94","231 11TH AVE, NEW YORK, NY, 10001","Match","Exact","231 11TH AVE, NEW YORK, NY, 10001","-74.005890314766,40.750547016594","59662162","L"
"TGU8AMYAFE61","423 ATLANTIC AVE, BROOKLYN, NY, 11217","Match","Exact","423 ATLANTIC AVE, BROOKLYN, NY, 11217","-73.983866900506,40.686619878074","59075383","L"
"ZMHUV8BK9LD1","1169 OCEAN AVE APT 5F, BROOKLYN, NY, 11230","Match","Exact","1169 OCEAN AVE, BROOKLYN, NY, 11230","-73.957818576989,40.633663435562","59081206","L"
"HU8HBYKG6515","125 MAIDEN LN FL 2, NEW YORK, NY, 10038","Match","Exact","125 MAIDEN LN, NEW YORK, NY, 10038","-74.006393982213,40.706509067532","59660505","L"
"W6LPGC2MTA54","264 CANAL ST STE 3W, NEW YORK, NY, 10013","Match","Exact","264 CANAL ST, NEW YORK, NY, 10013","-74.001112209799,40.718766929524","59660321","L"
"GMQ5U2JNQ4Y4","2825 3RD AVE STE 301, BRONX, NY, 10455","Match","Exact","2825 3RD AVE, BRONX, NY, 10455","-73.918434254834,40.815689847407","80300747","L"
"FSEADMM6DJB3","231 W 39TH ST STE 1200, NEW YORK, NY, 10018","Match","Exact","231 W 39TH ST, NEW YORK, NY, 10018","-73.989193816907,40.754558193902","59658584","R"
"DQQJXPN66C67","35 CLARK ST APT E2, BROOKLYN, NY, 11201","Match","Exact","35 CLARK ST, BROOKLYN, NY, 11201","-73.994807950867,40.698004485931","59074918","L"
"LAERJQA9G8K9","200 WILLOUGHBY AVE, BROOKLYN, NY, 11205","Match","Exact","200 WILLOUGHBY AVE, BROOKLYN, NY, 11205","-73.962649106098,40.692156828764","639409757","L"
"EVQDM7JUFM69","480 W 42ND ST, NEW YORK, NY, 10036","Match","Exact","480 W 42ND ST, NEW YORK, NY, 10036","-73.994980898693,40.759353775852","650069143","L"
"CWKJPLKD1544","47 GREAT JONES ST FL 6, NEW YORK, NY, 10012","Match","Exact","47 GREAT JONES ST, NEW YORK, NY, 10012","-73.992988419208,40.726903944059","59653883","R"
"CM3GMLVLL1N7","311 W 24TH ST APT 5A, NEW YORK, NY, 10011","Match","Exact","311 W 24TH ST, NEW YORK, NY, 10011","-73.998550068039,40.746086985311","611185459","R"
"VKWEYWMLXDJ1","358 VAN BRUNT STREET, BROOKLYN, NY, 11231","Match","Exact","358 VAN BRUNT ST, BROOKLYN, NY, 11231","-74.012560291482,40.677730386985","59093509","R"
"H29JCKHWKVU3","1395 LEXINGTON AVE, NEW YORK, NY, 10128","Match","Exact","1395 LEXINGTON AVE, NEW YORK, NY, 10128","-73.95285716848,40.783114065378","59657876","R"
"H6DXKZHSNTH9","2160 MADISON AVE, NEW YORK, NY, 10037","Match","Exact","2160 MADISON AVE, NEW YORK, NY, 10037","-73.936178638424,40.812314009329","647156124","L"
"W32NQ178UT44","282 11TH AVE APT 2307, NEW YORK, NY, 10001","Match","Exact","282 11TH AVE, NEW YORK, NY, 10001","-74.004475343767,40.752245745462","59659289","R"
"QNCANF2TNER9","122 E 88TH ST APT 5N, NEW YORK, NY, 10128","Match","Exact","122 E 88TH ST, NEW YORK, NY, 10128","-73.955443249915,40.78107599245","59657847","R"
"ZKZSZ43HMH22","1085 WASHINGTON AVE FRNT 1, BRONX, NY, 10456","Match","Exact","1085 WASHINGTON AVE, BRONX, NY, 10456","-73.908750985939,40.828107248364","80300615","L"
"MZBMZEFRN7R7","466 W 152ND ST # 2, NEW YORK, NY, 10031","Match","Exact","466 W 152ND ST, NEW YORK, NY, 10031","-73.943221160729,40.829090171179","59656207","L"
"XAYNJHNQAXR4","97 PARK TER W, , NY, 10034","Match","Exact","97 PARK TER W, NEW YORK, NY, 10034","-73.916454233063,40.872067285877","59658926","L"
"GLKVHYJKEVB5","45 SUTTON PLACE SOUTH #9E, NEW YORK, NY, 10022","Match","Exact","45 SUTTON PL S, NEW YORK, NY, 10022","-73.961636044114,40.755929821346","59657608","R"
"NGKPZ26B5UV5","215 E 99TH ST BASEMENT, NEW YORK, NY, 10029","Match","Exact","215 E 99TH ST, NEW YORK, NY, 10029","-73.946889871258,40.786746505964","611504246","L"
"YMGYTYDBUJ48","526 W 26 ST STE 614, NEW YORK, NY, 10001","Match","Exact","526 W 26TH ST, NEW YORK, NY, 10001","-74.003607284076,40.749872250051","59662163","L"
"FKPURM9NU5K2","1515 BROADWAY, NEW YORK, NY, 10036","Match","Exact","1515 BROADWAY, NEW YORK, NY, 10036","-73.986020861529,40.757017296428","59655306","L"
"XNDYATNWYKF6","175 8TH AVE FRONT, NEW YORK, NY, 10011","Match","Non_Exact","175 8TH AVE, NEW YORK, NY, 10011","-74.000377774355,40.742816689478","59659755","L"
"FR7QFLHN4SS9","15 CANAL PLACE, BRONX, NY, 10451","Match","Exact","15 CANAL PL, BRONX, NY, 10451","-73.930468636885,40.810620988405","80300286","L"
"H7XMD6FW2C44","40 WALL ST FL 6, NEW YORK, NY, 10005","Match","Exact","40 WALL ST, NEW YORK, NY, 10005","-74.009751563881,40.7066099839","639542765","L"
"Y9FPP34NZ5L9","45 MAIN ST STE 728, BROOKLYN, NY, 11201","Match","Exact","45 MAIN ST, BROOKLYN, NY, 11201","-73.99061497284,40.702715666325","59074958","L"
"G4CKJB8JB684","154 CHRISTOPHER STE 3D, NEW YORK, NY, 10014","Match","Non_Exact","154 CHRISTOPHER ST, NEW YORK, NY, 10014","-74.008692768931,40.732575294126","59659873","L"
"JD9SLBAJA987","60 1ST AVE APT 12C, NEW YORK, NY, 10009","Match","Exact","60 1ST AVE, NEW YORK, NY, 10009","-73.987305263656,40.724736250281","59654055","R"
"PHY6N6HEDC69","201 EASTERN PKWY APT 4K, BROOKLYN, NY, 11238","Match","Exact","201 EASTERN PKWY, BROOKLYN, NY, 11238","-73.962559916495,40.671888109558","640853032","R"
"ZN7LJAQ1JPG5","10 PROSPECT PL, BROOKLYN, NY, 11217","Match","Exact","10 PROSPECT PL, BROOKLYN, NY, 11217","-73.97750504458,40.680126684254","59077639","R"
"DZJ5BYTDS715","535 WEST 22ND ST, NEW YORK, NY, 10011","Match","Exact","535 W 22ND ST, NEW YORK, NY, 10011","-74.005133838942,40.747289686393","640899462","R"
"FNNSBLQY63A9","253 W 125TH ST, NEW YORK, NY, 10027","Match","Exact","253 W 125TH ST, NEW YORK, NY, 10027","-73.949791868381,40.809657575257","59661831","R"
"TME7WQZZS794","20 JAY ST STE 203, BROOKLYN, NY, 11201","Match","Exact","20 JAY ST, BROOKLYN, NY, 11201","-73.9866502493,40.704191959558","59075104","R"
"FDUYNMJQY6S3","34 12 36TH ST, ASTORIA, NY, 11106","Match","Exact","34-12 36TH ST, ASTORIA, NY, 11106","-73.923504853102,40.75760635157","59696863","R"
"G2X7MJXN2XJ8","118 W 71ST ST APT 4, NEW YORK, NY, 10023","Match","Exact","118 W 71ST ST, NEW YORK, NY, 10023","-73.979863631673,40.776909308342","59655117","R"
"JANXQBHZMPQ1","520 8TH AVE, NEW YORK, NY, 10018","Match","Exact","520 8TH AVE, NEW YORK, NY, 10018","-73.992398387996,40.753533434878","59658577","R"
"TWB6XBRCDKF4","440 LAFAYETTE ST 4TH FLOOR, NEW YORK, NY, 10003","Match","Exact","440 LAFAYETTE ST, NEW YORK, NY, 10003","-73.992079250757,40.729200840276","639430771","L"
"GX6TAQ3JYY53","2070 ADAM CLAYTON POWELL JR BLVD APT 10M, NEW YORK, NY, 10027","Match","Exact","2070 ADAM CLAYTON POWELL JR BLVD, NEW YORK, NY, 10027","-73.949137576879,40.807979545767","59656177","L"
"NAXPMRU4WNC4","320 E 25TH STREET  4BB, NEW YORK, NY, 10010","Match","Non_Exact","320 E 25TH ST, NEW YORK, NY, 10010","-73.979482162781,40.738898182355","59654573","R"
"U9QMWSKLCLW7","630 9TH AVE STE 802, NEW YORK, NY, 10036","Match","Exact","630 9TH AVE, NEW YORK, NY, 10036","-73.991391264632,40.760013840458","59655221","R"
"N5C1K6NL7JN9","135 E 57TH ST UNIT 100, NEW YORK, NY, 10022","Match","Exact","135 E 57TH ST, NEW YORK, NY, 10022","-73.969243997112,40.761041592431","59657482","L"
"L5DML545DUL1","70 LINCOLN CENTER PLAZA FL 4, NEW YORK, NY, 10023","Match","Exact","70 LINCOLN CENTER PLZ, NEW YORK, NY, 10023","-73.982619013661,40.771522142115","59657034","L"
"E9NGXVHGJZ99","480 VAN BRUNT ST STE 203, BROOKLYN, NY, 11231","Match","Exact","480 VAN BRUNT ST, BROOKLYN, NY, 11231","-74.016142642327,40.674674572609","59093498","R"
"CNTBT8MNVC31","47 GREAT JONES ST 3RD FL, NEW YORK, NY, 10012","Match","Exact","47 GREAT JONES ST, NEW YORK, NY, 10012","-73.992988419208,40.726903944059","59653883","R"
"F3TKQHNAHR85","3415 OLINVILLE AVE, BRONX, NY, 10467","Match","Exact","3415 OLINVILLE AVE, BRONX, NY, 10467","-73.868197021818,40.875610015216","80310391","L"
"EPLMMZVH66M7","15 MAIDEN LN, NEW YORK, NY, 10038","Match","Exact","15 MAIDEN LN, NEW YORK, NY, 10038","-74.009329737697,40.709533512463","59659643","L"
"XSUQNG78YGP1","12 ELDRIDGE ST, NEW YORK, NY, 10002","Match","Exact","12 ELDRIDGE ST, NEW YORK, NY, 10002","-73.993662323353,40.714691619242","59654180","R"
"YRFLG9FUS5Q7","420 W 47TH ST APT 4D, NEW YORK, NY, 10036","Match","Exact","420 W 47TH ST, NEW YORK, NY, 10036","-73.990971545559,40.761817393086","59655181","L"
"QXMAVT1KL4C4","145 AVENUE OF THE AMERICAS STE 1B, NEW YORK, NY, 10013","Match","Exact","145 AVE OF THE AMERICAS, NEW YORK, NY, 10013","-74.004080717311,40.725584729195","652210431","L"
"GJULZ54Z1CH9","257 17TH ST, BROOKLYN, NY, 11215","Match","Exact","257 17TH ST, BROOKLYN, NY, 11215","-73.990599093886,40.663367454575","59075761","L"
"NRN5ZQWN2KP7","249 SMITH ST # 109, BROOKLYN, NY, 11231","Match","Exact","249 SMITH ST, BROOKLYN, NY, 11231","-73.992698229477,40.683306964345","59075298","L"
"HSJSZLEAG1P3","20 JAY ST STE 209, BROOKLYN, NY, 11201","Match","Exact","20 JAY ST, BROOKLYN, NY, 11201","-73.9866502493,40.704191959558","59075104","R"
"W21FJPTN8R73","87 LAFAYETTE ST, NEW YORK, NY, 10013","Match","Exact","87 LAFAYETTE ST, NEW YORK, NY, 10013","-74.001460855225,40.717313494285","59660326","R"
"MKL2ZUPWF4N1","195 E 3RD ST, NEW YORK, NY, 10009","Match","Exact","195 E 3RD ST, NEW YORK, NY, 10009","-73.983175845245,40.722825765016","59654075","L"
"R1G7ALDYYT55","150 VARICK ST FL 5, NEW YORK, NY, 10013","Match","Exact","150 VARICK ST, NEW YORK, NY, 10013","-74.005592147126,40.726371170583","59660112","R"
"CYSYLB4MZ2Q8","129 EAST 70TH STREET  4TH FLOOR, NEW YORK, NY, 10021","Match","Exact","129 E 70TH ST, NEW YORK, NY, 10021","-73.96384538314,40.769466941035","59657312","L"
"NBY1GJNZ6X97","123 W 128TH ST, NEW YORK, NY, 10027","Match","Exact","123 W 128TH ST, NEW YORK, NY, 10027","-73.944722868232,40.810024868859","59656187","R"
"KZM9K366AS36","494 COURT ST APT 4, BROOKLYN, NY, 11231","Match","Exact","494 COURT ST, BROOKLYN, NY, 11231","-73.998579401245,40.676964023478","59075446","R"
"LMNLAN3VBQH9","154 CHRISTOPHER ST STE 2B, NEW YORK, NY, 10014","Match","Exact","154 CHRISTOPHER ST, NEW YORK, NY, 10014","-74.008692768931,40.732575294126","59659873","L"
"DLERZDGK1JS5","370 JAY STREET  ROOM 316C, BROOKLYN, NY, 11201","Match","Exact","370 JAY ST, BROOKLYN, NY, 11201","-73.987332428574,40.693069936287","59098939","R"
"JBEEERT19TM6","450 W 31ST ST FL 11, NEW YORK, NY, 10001","Match","Exact","450 W 31ST ST, NEW YORK, NY, 10001","-73.999579039033,40.752217225821","59662144","L"
"SG2BLLNNV4S7","31 W 34TH ST, NEW YORK, NY, 10001","Match","Exact","31 W 34TH ST, NEW YORK, NY, 10001","-73.985535175185,40.748907994999","59653429","R"
"PQ8UW2QTKW21","28 HUBERT ST, , NY, 10013","Match","Exact","28 HUBERT ST, NEW YORK, NY, 10013","-74.010034863281,40.721529694058","59659446","R"
"FRWSYX8AKMB9","80 HANSON PL STE 603, , NY, 11217","Match","Exact","80 HANSON PL, BROOKLYN, NY, 11217","-73.974406335168,40.685441151376","59077670","R"
"LV23NXPR7DN3","247 W 37TH ST RM 201A, NEW YORK, NY, 10018","Match","Exact","247 W 37TH ST, NEW YORK, NY, 10018","-73.990541409747,40.75350815755","59658578","R"
"MJSVL2YMBCJ4","3838 43RD ST STE C, LONG ISLAND CITY, NY, 11101","Match","Non_Exact","38-38 43RD ST, LONG ISLAND CITY, NY, 11104","-73.920596144458,40.748275490154","59692308","R"
"JJZJNNKR8J26","647 FULTON ST FLR 3, BROOKLYN, NY, 11217","Match","Exact","647 FULTON ST, BROOKLYN, NY, 11217","-73.979183718298,40.688277385282","59077571","L"
"T8HDM77G2453","2 HYLAN BLVD, STATEN ISLAND, NY, 10305","Match","Exact","2 HYLAN BLVD, STATEN ISLAND, NY, 10305","-74.063183855595,40.615516543363","59869698","L"
"C1BGPSHYXF68","20 JAY ST, BROOKLYN, NY, 11201","Match","Exact","20 JAY ST, BROOKLYN, NY, 11201","-73.9866502493,40.704191959558","59075104","R"
"DAX3RJBRNZJ3","35 W 35TH ST, NEW YORK, NY, 10001","Match","Exact","35 W 35TH ST, NEW YORK, NY, 10001","-73.985176261503,40.74962844922","656935640","R"
"DF9JAM815C18","335 MADISON AVE STE 4L, NEW YORK, NY, 10017","Match","Exact","335 MADISON AVE, NEW YORK, NY, 10017","-73.978554276434,40.75367638371","59658650","R"
"DGHJB1LLK4U6","558 SAINT JOHNS PL, BROOKLYN, NY, 11238","Match","Exact","558 ST JOHNS PL, BROOKLYN, NY, 11238","-73.959669211481,40.6728445474","59078461","R"
"VKEYA7ARE2R9","520 8TH AVE STE 801, NEW YORK, NY, 10018","Match","Exact","520 8TH AVE, NEW YORK, NY, 10018","-73.992398387996,40.753533434878","59658577","R"
"QKGML53KEZK9","4306 3RD AVE FOURTH FL, BROOKLYN, NY, 11232","Match","Non_Exact","4306 3RD AVE, BROOKLYN, NY, 11232","-74.010762722068,40.651636935132","59101008","R"
"NU6NYLWFDK11","1 E 53RD ST, NEW YORK, NY, 10022","Match","Exact","1 E 53RD ST, NEW YORK, NY, 10022","-73.975728114705,40.760440196734","59657206","L"
"MKQAZXAJC267","535 8TH AVE STE 1100, NEW YORK, NY, 10018","Match","Exact","535 8TH AVE, NEW YORK, NY, 10018","-73.992228729308,40.754003915103","59658577","L"
"SNZKCDCYC6E4","37 W 65TH ST, NEW YORK, NY, 10023","Match","Exact","37 W 65TH ST, NEW YORK, NY, 10023","-73.980231494673,40.772282893423","59657048","R"
"ZALEEG6F54K4","20 PINE ST, NEW YORK, NY, 10005","Match","Exact","20 PINE ST, NEW YORK, NY, 10005","-74.010003538354,40.707646742691","639542771","L"
"CEPXT2CU75D3","123 W 43RD ST FRNT, NEW YORK, NY, 10036","Match","Non_Exact","123 W 43RD ST, NEW YORK, NY, 10036","-73.98419211584,40.755820517026","59655314","R"
"MGE1K57JEDR4","1000 RICHMOND TER, STATEN ISLAND, NY, 10301","Match","Exact","1000 RICHMOND TER, STATEN ISLAND, NY, 10301","-74.10091825401,40.644829909783","59883772","L"
"Y54UH3GYMF11","330 7TH AVE REAR, NEW YORK, NY, 10001","Match","Exact","330 7TH AVE, NEW YORK, NY, 10001","-73.993091855988,40.747722950839","59653404","L"
"UMXFKTGJC8L4","5 W 37TH ST FL 6, NEW YORK, NY, 10018","Match","Exact","5 W 37TH ST, NEW YORK, NY, 10018","-73.983329562797,40.750473066173","59658628","R"
"ULPERKC4GL81","179 PACIFIC ST, BROOKLYN, NY, 11201","Match","Exact","179 PACIFIC ST, BROOKLYN, NY, 11201","-73.993563625659,40.689336301436","59075209","L"
"D6KCRYE96DT9","1740 BROADWAY FL 15, NEW YORK, NY, 10019","Match","Exact","1740 BROADWAY, NEW YORK, NY, 10019","-73.982028411893,40.765084239265","59657097","R"
"HQMMZ7JWZWF6","4121 42ND ST APT 6D, SUNNYSIDE, NY, 11104","Match","Exact","41-21 42ND ST, SUNNYSIDE, NY, 11104","-73.921724551873,40.746616221694","59692428","L"
"UNSKFTUAQEC4","79-10 34TH AVE, JACKSON HEIGHTS, NY, 11372","Match","Exact","79-10 34TH AVE, JACKSON HEIGHTS, NY, 11372","-73.88765922332,40.753397560725","59698315","R"
"HNT8Q52EGBL5","4338 47TH ST STE A, SUNNYSIDE, NY, 11104","Match","Non_Exact","43-38 47TH ST, SUNNYSIDE, NY, 11104","-73.917614731577,40.744169359707","59692682","R"
"G11JPFEHG5R8","520 8TH AVE  STE 308, NEW YORK, NY, 10018","Match","Exact","520 8TH AVE, NEW YORK, NY, 10018","-73.992398387996,40.753533434878","59658577","R"
"L952KGDMSLV5","160 CONVENT AVE, NEW YORK, NY, 10031","Match","Exact","160 CONVENT AVE, NEW YORK, NY, 10031","-73.950881541042,40.818476006851","59664777","L"
"DYWDUJU7TV46","130 WEST 56TH ST, NEW YORK, NY, 10019","Match","Exact","130 W 56TH ST, NEW YORK, NY, 10019","-73.978618424004,40.763972787459","59657114","L"
"N7QXVP2GLLS8","60 E 8TH ST APT 30E, NEW YORK, NY, 10003","Match","Exact","60 E 8TH ST, NEW YORK, NY, 10003","-73.993220528127,40.730867130701","59653570","R"
"JPBGA1KBMBG8","1361 AMSTERDAM AVE STE 340, NEW YORK, NY, 10027","Match","Exact","1361 AMSTERDAM AVE, NEW YORK, NY, 10027","-73.955604161237,40.814166580125","59656016","R"
"GDD2BVK3J788","330 BOWERY, NEW YORK, NY, 10012","Match","Exact","330 BOWERY, NEW YORK, NY, 10012","-73.99211423197,40.725712251659","59653929","L"
"PCEPPYRJSEU9","645 SAINT NICHOLAS AVE, NEW YORK, NY, 10030","Match","Exact","645 ST NICHOLAS AVE, NEW YORK, NY, 10030","-73.9455530454,40.822531733632","59656272","L"
"ZNFPCKAAQT13","431 QUINCY ST APT 1, BROOKLYN, NY, 11221","Match","Exact","431 QUINCY ST, BROOKLYN, NY, 11221","-73.942912571626,40.687908111604","59079186","L"
"LPQ1NHRK78M9","3009 BROADWAY, NEW YORK, NY, 10027","Match","Exact","3009 BROADWAY, NEW YORK, NY, 10027","-73.963489724795,40.808689497798","59655384","L"
"WRQDLWM8SSM5","365 5TH AVE STE 5406, NEW YORK, NY, 10016","Match","Exact","365 5TH AVE, NEW YORK, NY, 10016","-73.984200479277,40.748813126909","59653432","R"
"ZAYJAWU3FR94","138 E 27TH ST, NEW YORK, NY, 10016","Match","Exact","138 E 27TH ST, NEW YORK, NY, 10016","-73.982790986741,40.741909390295","656934638","L"
"MNK9XUN39971","3201 VERNON BLVD, ASTORIA, NY, 11106","Match","Exact","32-01 VERNON BLVD, ASTORIA, NY, 11106","-73.936219308027,40.767615489366","59696222","L"
"PVN2AL4VJJM8","5 W 19TH ST, NEW YORK, NY, 10011","Match","Exact","5 W 19TH ST, NEW YORK, NY, 10011","-73.991530330105,40.739218894853","59653504","R"
"UMU5VKDYGLQ3","1022 39TH ST, BROOKLYN, NY, 11219","Match","Exact","1022 39TH ST, BROOKLYN, NY, 11219","-73.992438778935,40.64426596396","652208997","R"
"EXAMY1XDXXE3","330 WEST 28TH ST APT 8B, NEW YORK, NY, 10001","Match","Exact","330 W 28TH ST, NEW YORK, NY, 10001","-73.997595788361,40.749362253676","610199410","L"
"JDLSAANLYSP4","440 PROSPECT AVE APT 2F, BROOKLYN, NY, 11215","Match","Exact","440 PROSPECT AVE, BROOKLYN, NY, 11215","-73.983403195501,40.659753170281","59075827","R"
"G744TBND8QQ5","3722 85TH ST, JACKSON HEIGHTS, NY, 11372","Match","Exact","37-22 85TH ST, JACKSON HEIGHTS, NY, 11372","-73.881503297997,40.749525788735","59693860","R"
"JWPWQN1K2A89","3 COLUMBUS CIR 12TH FL, NEW YORK, NY, 10019","Match","Exact","3 COLUMBUS CIR, NEW YORK, NY, 10019","-73.982164926154,40.767809881788","642472003","R"
"LC7MCKGG91J5","63 FLUSHING AVE UNIT 212 STE 201, BROOKLYN, NY, 11205","Match","Exact","63 FLUSHING AVE, BROOKLYN, NY, 11205","-73.974935457667,40.698067463316","59100580","L"
"FK3SDK7FFL69","156 W 56TH ST, NEW YORK, NY, 10019","Match","Exact","156 W 56TH ST, NEW YORK, NY, 10019","-73.979337348804,40.764276092544","59657114","L"
"F2HKR2HC4NN7","176 BROADWAY 14F, NEW YORK, NY, 10038","Match","Non_Exact","176 BROADWAY, NEW YORK, NY, 10038","-74.009823000618,40.709893750018","59659640","R"
"JWNMWNJ6NTG6","48 WALL ST, NEW YORK, NY, 10005","Match","Exact","48 WALL ST, NEW YORK, NY, 10005","-74.009396723498,40.706392944192","59659665","L"
"E54DK8YFNUY1","900 W 190TH ST. #11-O, NEW YORK, NY, 10040","Match","Exact","900 W 190TH ST, NEW YORK, NY, 10040","-73.935697588391,40.857072464815","59655542","L"
"D6PNCALMUSM1","526 W 26TH ST, NEW YORK, NY, 10001","Match","Exact","526 W 26TH ST, NEW YORK, NY, 10001","-74.003607284076,40.749872250051","59662163","L"
"C1AWH1TEXFE3","10 LINCOLN CENTER PLAZA, NEW YORK, NY, 10023","Match","Exact","10 LINCOLN CENTER PLZ, NEW YORK, NY, 10023","-73.98147923836,40.771041221414","611183092","L"
"MD8NJBK16EZ8","3405 80TH ST APT 41, JACKSON HEIGHTS, NY, 11372","Match","Exact","34-05 80TH ST, JACKSON HEIGHTS, NY, 11372","-73.886797211513,40.753412331799","59698316","L"
"GXTCLKANJYN4","450 W 37TH ST, NEW YORK, NY, 10018","Match","Exact","450 W 37TH ST, NEW YORK, NY, 10018","-73.996746141488,40.755995376208","59655057","L"
"VBUCJ177MPP9","520 8TH AVE RM 314, NEW YORK, NY, 10018","Match","Exact","520 8TH AVE, NEW YORK, NY, 10018","-73.992398387996,40.753533434878","59658577","R"
"FQM5KU8FQ5L6","154 W 18TH ST APT 2A, NEW YORK, NY, 10011","Match","Exact","154 W 18TH ST, NEW YORK, NY, 10011","-73.996615049721,40.740466077974","59653329","L"
"VSUQE5YUDKN8","115 W 29TH ST RM 1200, NEW YORK, NY, 10001","Match","Exact","115 W 29TH ST, NEW YORK, NY, 10001","-73.990483638764,40.746899805405","59653405","R"
"MNEQG4EXWGB8","113 HESTER ST, NEW YORK, NY, 10002","Match","Exact","113 HESTER ST, NEW YORK, NY, 10002","-73.993232616188,40.716666083953","59654174","R"
"QTKAGB6DXBV4","88 PROSPECT PARK W APT 3D, BROOKLYN, NY, 11215","Match","Exact","88 PROSPECT PARK W, BROOKLYN, NY, 11215","-73.974575884554,40.667436007974","59078247","R"
"YL1MFAQBF6K6","520 8TH AVENUE STE 321, NEW YORK, NY, 10018","Match","Exact","520 8TH AVE, NEW YORK, NY, 10018","-73.992398387996,40.753533434878","59658577","R"
"WKZADZAW98C8","200 EASTERN PKWY, BROOKLYN, NY, 11238","Match","Non_Exact","200 EASTERN PKWY, BROOKLYN, NY, 11225","-73.961355242182,40.671095127229","640853028","L"
"Z5KWK5N24S77","325 LAFAYETTE AVE STE CF, BROOKLYN, NY, 11238","Match","Non_Exact","325 LAFAYETTE AVE, BROOKLYN, NY, 11238","-73.962615960044,40.688638193837","650066886","L"
"DD5RDRMJMFR5","215 CENTRE ST, NEW YORK, NY, 10013","Match","Exact","215 CENTRE ST, NEW YORK, NY, 10013","-73.998890800617,40.719444179969","59653789","L"
"MLU7JHA95E57","1160 BROADWAY, NEW YORK, NY, 10001","Match","Exact","1160 BROADWAY, NEW YORK, NY, 10001","-73.988738947989,40.74482156508","59653450","R"
"T8L2JUCMKC69","59 E 4TH ST STE 6E, NEW YORK, NY, 10003","Match","Exact","59 E 4TH ST, NEW YORK, NY, 10003","-73.991026707247,40.72693305644","59653925","L"
"VJNMBDJZ8Y26","463 LINCOLN PL, BROOKLYN, NY, 11238","Match","Exact","463 LINCOLN PL, BROOKLYN, NY, 11238","-73.960870954099,40.672270080073","59078463","L"
"DGYFH5EHK5L4","820 WASHINGTON ST, NEW YORK, NY, 10014","Match","Exact","820 WASHINGTON ST, NEW YORK, NY, 10014","-74.00810881195,40.739526977695","59659768","L"
"WZFKMEMFWYY7","1 PENN PLZ, NEW YORK, NY, 10119","No_Match"
"MVR8BC2ZUZW9","111 PIONEER STREET, BROOKLYN, NY, 11231","Match","Exact","111 PIONEER ST, BROOKLYN, NY, 11231","-74.010798748391,40.678674691095","59093475","L"
"FL43Q19L6XJ1","155 PLYMOUTH ST, BROOKLYN, NY, 11201","Match","Exact","155 PLYMOUTH ST, BROOKLYN, NY, 11201","-73.98703237576,40.703829659226","59075105","L"
"E89VMGHPKHE4","418 W 150TH ST #4, NEW YORK, NY, 10031","Match","Exact","418 W 150TH ST, NEW YORK, NY, 10031","-73.943165288172,40.827441149758","59656215","L"
"XUMWKHFC4QA1","224 E 10TH STREET APT 15, NEW YORK, NY, 10003","Match","Exact","224 E 10TH ST, NEW YORK, NY, 10003","-73.985565336549,40.729187134391","59654048","R"
"G8HDW28K1844","2 COLUMBUS CIR FRNT 1, NEW YORK, NY, 10019","Match","Exact","2 COLUMBUS CIR, NEW YORK, NY, 10019","-73.982252489264,40.767716429969","642472003","L"
"CCQFCDCQ3T73","71 NASSAU ST #13A, NEW YORK, NY, 10038","Match","Exact","71 NASSAU ST, NEW YORK, NY, 10038","-74.008433903784,40.709610138725","59660453","L"
"LFY1X4DDGP15","881 SEVENTH AVE AT 57TH ST, NEW YORK, NY, 10019","Match","Non_Exact","7TH AVE & W 57TH ST, NEW YORK, NY, 10019","-73.980036030673,40.765520989037","",""
"EAMPKF27DMG7","340 E 46TH ST, NEW YORK, NY, 10017","Match","Exact","340 E 46TH ST, NEW YORK, NY, 10017","-73.970086439421,40.752204623845","650072470","R"
"P4PGL9TDRKP3","1431 BROADWAY FL 7, NEW YORK, NY, 10018","Match","Exact","1431 BROADWAY, NEW YORK, NY, 10018","-73.986921022496,40.754387025334","59658614","L"
"JZR6ZJM3L4V8","80 HANSON PL STE 305, BROOKLYN, NY, 11217","Match","Exact","80 HANSON PL, BROOKLYN, NY, 11217","-73.974406335168,40.685441151376","59077670","R"
"L6MBRFDNDJM9","116 W 23RD ST 5TH FL, NEW YORK, NY, 10011","Match","Exact","116 W 23RD ST, NEW YORK, NY, 10011","-73.993349970977,40.743065303127","59653397","L"
"HPMSDMFENT73","160 CONVENT AVE STE 205 WILLE, NEW YORK, NY, 10031","Match","Non_Exact","160 CONVENT AVE, NEW YORK, NY, 10031","-73.950881541042,40.818476006851","59664777","L"
"MNJGAB6BJLN6","99 GANSEVOORT ST, NEW YORK, NY, 10014","Match","Exact","99 GANSEVOORT ST, NEW YORK, NY, 10014","-74.008235795803,40.739432855913","640900441","R"
"J3C4KSX19J46","520 8TH AVE STE 302, NEW YORK, NY, 10018","Match","Exact","520 8TH AVE, NEW YORK, NY, 10018","-73.992398387996,40.753533434878","59658577","R"
"PP4PPQJG48A6","260 W BROADWAY, NEW YORK, NY, 10013","Match","Exact","260 W BROADWAY, NEW YORK, NY, 10013","-74.005504251338,40.72041845685","59660212","L"
"MMEBHQ9CZVZ1","155 E 44TH ST, NEW YORK, NY, 10017","Match","Exact","155 E 44TH ST, NEW YORK, NY, 10017","-73.974190816801,40.75242141052","59658684","L"
"WV7PWGL2LK53","45 E 20TH ST, NEW YORK, NY, 10003","Match","Exact","45 E 20TH ST, NEW YORK, NY, 10003","-73.989011020651,40.738924566005","59653627","L"
"MK6ZNYMZZYN3","540 E 6TH ST APT 6B, NEW YORK, NY, 10009","Match","Exact","540 E 6TH ST, NEW YORK, NY, 10009","-73.983035282214,40.725018242296","59654077","R"
"GCBFNQZWDN77","179 PROSPECT PARK W APT 4L, BROOKLYN, NY, 11215","Match","Exact","179 PROSPECT PARK W, BROOKLYN, NY, 11215","-73.978957995197,40.662183409572","59078288","R"
"JMGPE5JJPS69","567 FORT WASHINGTON AVE, NEW YORK, NY, 10033","Match","Exact","567 FORT WASHINGTON AVE, NEW YORK, NY, 10033","-73.937140317017,40.854556627941","59655544","L"
"EL8QENMLNRR9","215 W92 APARTMENT 5E, NEW YORK, NY, 10025","Match","Non_Exact","215 W 92ND ST, NEW YORK, NY, 10025","-73.972637910904,40.791734104784","59656721","R"
"YJW2GJTBGB83","291 CHURCH ST, NEW YORK, NY, 10013","Match","Exact","291 CHURCH ST, NEW YORK, NY, 10013","-74.00459317712,40.719066778634","59660245","R"
"PJQBZ4TNTMH7","145 BROOKLYN AVE, BROOKLYN, NY, 11213","Match","Exact","145 BROOKLYN AVE, BROOKLYN, NY, 11213","-73.944391820549,40.674845916522","59079641","L"
"QR1LQ18LDQM5","520 8TH AVE STE 310, NEW YORK, NY, 10018","Match","Exact","520 8TH AVE, NEW YORK, NY, 10018","-73.992398387996,40.753533434878","59658577","R"
"NPN7L7DENV91","330 3RD AVENUE  SUITE 14D, NEW YORK, NY, 10010","Match","Exact","330 3RD AVE, NEW YORK, NY, 10010","-73.982504063431,40.739833853922","59654540","L"
"JSJVJ2TSVMT5","150 CONVENT AVE, NEW YORK, NY, 10031","Match","Exact","150 CONVENT AVE, NEW YORK, NY, 10031","-73.951629467825,40.818056319946","59656117","L"
"FXGJNS88RA64","1 E 53RD ST FL 12, NEW YORK, NY, 10022","Match","Exact","1 E 53RD ST, NEW YORK, NY, 10022","-73.975728114705,40.760440196734","59657206","L"
"KRJAJW14V3L7","175 DELANCEY ST # 4, NEW YORK, NY, 10002","Match","Exact","175 DELANCEY ST, NEW YORK, NY, 10002","-73.987720841803,40.718239485967","640889808","R"
"FAKBLMCV6QY1","32 AVENUE OF THE AMERICAS, NEW YORK, NY, 10013","Match","Exact","32 AVE OF THE AMERICAS, NEW YORK, NY, 10013","-74.005112953153,40.719896427819","59660213","R"
"MKGRJTNMJ2N1","455 FDR DRIVE  APT B104, NEW YORK, NY, 10002","No_Match"
"NDNMXJ4YQEY7","5030 BROADWAY STE 651, NEW YORK, NY, 10034","Match","Exact","5030 BROADWAY, NEW YORK, NY, 10034","-73.91733946478,40.868942583471","59658975","R"
"JMKMNGF9E569","80 N 6TH ST, BROOKLYN, NY, 11249","Match","Exact","80 N 6TH ST, BROOKLYN, NY, 11249","-73.961185110616,40.718991945955","59075925","L"
"XURMMWGJJGY3","311 W 43RD ST FL 9, NEW YORK, NY, 10036","Match","Exact","311 W 43RD ST, NEW YORK, NY, 10036","-73.989698870146,40.758141118601","650074728","R"
"KLJUXC6MZNL5","70 WASHINGTON SQ S # 8SW, NEW YORK, NY, 10014","Match","Non_Exact","70 WASHINGTON SQ S, NEW YORK, NY, 10012","-73.997854391125,40.730113810833","59653364","R"
"G6Z2M848Z3Q9","232 3RD ST, BROOKLYN, NY, 11215","Match","Exact","232 3RD ST, BROOKLYN, NY, 11215","-73.987695481125,40.674859807645","59075659","R"
"LY3UKGR9R4S5","75 MAIDEN LANE SUITE 906, NEW YORK, NY, 10038","Match","Exact","75 MAIDEN LN, NEW YORK, NY, 10038","-74.007690506916,40.707661065031","639487351","L"
"DEV1MZHMNZ45","64 FULTON ST, NEW YORK, NY, 10038","Match","Exact","64 FULTON ST, NEW YORK, NY, 10038","-74.005171419018,40.708720172481","656934765","L"
"MV6KZDL5LXL3","3833 24TH ST, LONG ISLAND CITY, NY, 11101","Match","Exact","38-33 24TH ST, LONG ISLAND CITY, NY, 11101","-73.936850033807,40.755819421206","59696287","L"
"KDMQF4K7Y5X7","4729 32ND PL, LONG ISLAND CITY, NY, 11101","Match","Exact","4729 32ND PL, LONG ISLAND CITY, NY, 11101","-73.933047200601,40.742206741793","59692208","L"
"V5AAGKZPHZT3","596 BROADWAY, NEW YORK, NY, 10012","Match","Exact","596 BROADWAY, NEW YORK, NY, 10012","-73.996865597275,40.725215263474","59653754","R"
"P9M2RNCY9HK7","LINCOLN CTR, NEW YORK, NY, 10023","No_Match"
"YTQ8NTXQ3R93","202W 107 ST, , NY, 10025","Match","Non_Exact","202 W 107TH ST, NEW YORK, NY, 10025","-73.965369651388,40.801110829119","650153660","L"
"CHYTHNS5Y4V5","336 W 37TH ST RM 500, NEW YORK, NY, 10018","Match","Exact","336 W 37TH ST, NEW YORK, NY, 10018","-73.993177730719,40.754489555808","59658572","L"
"YDARKSNVFJK6","104 W 27TH ST 12 FL, NEW YORK, NY, 10001","Match","Exact","104 W 27TH ST, NEW YORK, NY, 10001","-73.991181599163,40.74544529486","59653393","L"
"ZJ42MHC5QMJ8","141 W BROADWAY, NEW YORK, NY, 10013","Match","Exact","141 W BROADWAY, NEW YORK, NY, 10013","-74.008068213856,40.716868806436","59660343","R"
"CG93MBCKGSP1","59 EAST 4TH STREET 7W, NEW YORK, NY, 10003","Match","Non_Exact","59 E 4TH ST, NEW YORK, NY, 10003","-73.991026707247,40.72693305644","59653925","L"
"NPSTHK9746E5","250 HUDSON ST, NEW YORK, NY, 10013","Match","Exact","250 HUDSON ST, NEW YORK, NY, 10013","-74.007604089819,40.725127616825","59660079","R"
"VUMGSTT3TQS4","124 E 91ST ST, NEW YORK, NY, 10128","Match","Exact","124 E 91ST ST, NEW YORK, NY, 10128","-73.954105262641,40.7829724314","59657849","R"
"DQNYU3NLNAZ8","79 E 4TH ST, NEW YORK, NY, 10003","Match","Exact","79 E 4TH ST, NEW YORK, NY, 10003","-73.989980834925,40.726488350647","59653925","L"
"FRX3M5FTXR83","588 BROADWAY STE 303, NEW YORK, NY, 10012","Match","Exact","588 BROADWAY, NEW YORK, NY, 10012","-73.997098428275,40.724940133713","59653754","R"
"E6G3KDRU8R65","260 W BROADWAY STE 2, NEW YORK, NY, 10013","Match","Exact","260 W BROADWAY, NEW YORK, NY, 10013","-74.005504251338,40.72041845685","59660212","L"
"SSLAH9T6H727","1040 GRAND CONCOURSE, BRONX, NY, 10456","Match","Exact","1040 GRAND CONCOURSE, BRONX, NY, 10456","-73.920219927227,40.830889828844","640809827","R"
"RN2PJ5H5LCJ7","553 W 51ST ST, NEW YORK, NY, 10019","Match","Exact","553 W 51ST ST, NEW YORK, NY, 10019","-73.993135741757,40.766134391705","650153745","R"
"CXMMMZA35VA9","245 W 29TH ST STE 14, NEW YORK, NY, 10001","Match","Exact","245 W 29TH ST, NEW YORK, NY, 10001","-73.994154593085,40.748445345767","59653387","R"
"PNUKCE9UM7T5","137 W 25TH ST, NEW YORK, NY, 10001","Match","Exact","137 W 25TH ST, NEW YORK, NY, 10001","-73.992894278389,40.74468316714","59653401","R"
"NSEQE824AND5","594 BROADWAY STE 607, NEW YORK, NY, 10012","Match","Exact","594 BROADWAY, NEW YORK, NY, 10012","-73.996923805025,40.725146481034","59653754","R"
"EF3ZKNWE9TC6","847 E 229TH ST, BRONX, NY, 10466","Match","Exact","847 E 229TH ST, BRONX, NY, 10466","-73.854645952008,40.889335900658","80297116","L"
"W52YJ1LJ5RT9","1 FERRY TERMINAL DR STE 10, STATEN ISLAND, NY, 10301","No_Match"
"DD5CLF75P924","103 EAST 125TH STREET FL 7, NEW YORK, NY, 10035","Match","Exact","103 E 125TH ST, NEW YORK, NY, 10035","-73.938833125554,40.805037276774","59658014","L"
"J2ZZMBFHFYV6","64 FULTON STREET ROOM 1108, NEW YORK, NY, 10038","Match","Exact","64 FULTON ST, NEW YORK, NY, 10038","-74.005171419018,40.708720172481","656934765","L"
"LHZRDSWN2B46","132 W 22ND ST STE 2, , NY, 10011","Match","Exact","132 W 22ND ST, NEW YORK, NY, 10011","-73.994278115392,40.742583815335","59653399","L"
"Y86JF5NUJ6Z3","865 ST JOHNS PLACE, BROOKLYN, NY, 11216","Match","Exact","865 ST JOHNS PL, BROOKLYN, NY, 11216","-73.949550535265,40.671653008155","59079443","L"
"N9AJGKJKA4G8","723 HUMBOLDT ST APT 3, BROOKLYN, NY, 11222","Match","Exact","723 HUMBOLDT ST, BROOKLYN, NY, 11222","-73.945660314889,40.726453759144","59102132","L"
"WNEHJL1ZP3V1","201 E 42ND ST, NEW YORK, NY, 10017","Match","Exact","201 E 42ND ST, NEW YORK, NY, 10017","-73.9743461777,40.750788331544","59662087","L"
"X9JYBUX1G7A8","659 CARROLL ST APT 2, BROOKLYN, NY, 11215","Match","Exact","659 CARROLL ST, BROOKLYN, NY, 11215","-73.979907858424,40.67465820654","59078110","L"
"JZANMJ84PM28","147 PRINCE ST, BROOKLYN, NY, 11201","No_Match"
"LH8GEPPSBYN1","219 W 19TH STREET, NEW YORK, NY, 10011","Match","Exact","219 W 19TH ST, NEW YORK, NY, 10011","-73.99796079059,40.74192967287","642870831","R"
"RB94XBPMJPM9","2 TUDOR CITY PL APT 11EN, , NY, 10017","Match","Exact","2 TUDOR CITY PL, NEW YORK, NY, 10017","-73.971345576681,40.747983082724","642135718","L"
"LKH8GJW76MM8","100 W 23RD ST, NEW YORK, NY, 10011","Match","Exact","100 W 23RD ST, NEW YORK, NY, 10011","-73.99290787968,40.742878814982","59653397","L"
"RJPRY7VE5AD8","520 8TH AVE RM 305, NEW YORK, NY, 10018","Match","Exact","520 8TH AVE, NEW YORK, NY, 10018","-73.992398387996,40.753533434878","59658577","R"
"KHAGC8WHFLJ1","424 W 44TH ST, NEW YORK, NY, 10036","Match","Exact","424 W 44TH ST, NEW YORK, NY, 10036","-73.992451288199,40.759986553302","59655193","L"
"GM48B8G7NHK3","181 ASHLAND PL, BROOKLYN, NY, 11217","Match","Exact","181 ASHLAND PL, BROOKLYN, NY, 11217","-73.978506299709,40.689535936436","59077572","L"
"SZX3FC7GLWV5","1701 ALBEMARLE RD, BROOKLYN, NY, 11226","Match","Exact","1701 ALBEMARLE RD, BROOKLYN, NY, 11226","-73.963505133269,40.646968924969","59080969","L"
"DFULKNVMSVC9","465 W 143RD ST, NEW YORK, NY, 10031","Match","Exact","465 W 143RD ST, NEW YORK, NY, 10031","-73.948014566845,40.823780451511","59655960","R"
"QCKWMMK53GJ8","154 CHRISTOPHER ST STE 3B, NEW YORK, NY, 10014","Match","Exact","154 CHRISTOPHER ST, NEW YORK, NY, 10014","-74.008692768931,40.732575294126","59659873","L"
"EUJAL1LPB648","420 E 83RD ST, NEW YORK, NY, 10028","Match","Exact","420 E 83RD ST, NEW YORK, NY, 10028","-73.950337374503,40.774666024899","655458769","R"
"X3VHGUMVK9W6","334 AMSTERDAM AVE, NEW YORK, NY, 10023","Match","Exact","334 AMSTERDAM AVE, NEW YORK, NY, 10023","-73.979850833573,40.781172534804","59656673","L"
"JVHNMBJ2V427","114 BOWERY STE 301, NEW YORK, NY, 10013","Match","Exact","114 BOWERY, NEW YORK, NY, 10013","-73.995047435882,40.718157148091","59653980","L"
"CMG2VHF4NDG2","20 JAY STREET  SUITE 205, BROOKLYN, NY, 11201","Match","Exact","20 JAY ST, BROOKLYN, NY, 11201","-73.9866502493,40.704191959558","59075104","R"
"JF9NUPXWKEM5","1525 PACIFIC ST, BROOKLYN, NY, 11213","Match","Exact","1525 PACIFIC ST, BROOKLYN, NY, 11213","-73.940533429644,40.677207079572","59079650","L"
"Q6SDB1GLDYE5","532 E. 87TH ST, NEW YORK, NY, 10128","Match","Exact","532 E 87TH ST, NEW YORK, NY, 10128","-73.945927362451,40.776241499149","652211122","R"
"NFDEECGCALJ8","136 E 13TH ST, NEW YORK, NY, 10003","Match","Exact","136 E 13TH ST, NEW YORK, NY, 10003","-73.988345759461,40.732818417602","639490754","R"
"FSG5QXKGH551","232 3RD ST STE A101, BROOKLYN, NY, 11215","Match","Exact","232 3RD ST, BROOKLYN, NY, 11215","-73.987695481125,40.674859807645","59075659","R"
"LX47YJQNEXB4","247 W 37TH ST RM 1000, NEW YORK, NY, 10018","Match","Exact","247 W 37TH ST, NEW YORK, NY, 10018","-73.990541409747,40.75350815755","59658578","R"
"D3HDZKRNLS63","50 E 168TH ST, BRONX, NY, 10452","Match","Exact","50 E 168TH ST, BRONX, NY, 10452","-73.919131403434,40.836617191286","80299849","R"
"MFZBN62JDLS6","97 KENMARE ST, NEW YORK, NY, 10012","Match","Exact","97 KENMARE ST, NEW YORK, NY, 10012","-73.996706588967,40.721279725128","59653778","R"
"XJNDMKTZLAQ4","20 JAY ST STE 740, BROOKLYN, NY, 11201","Match","Exact","20 JAY ST, BROOKLYN, NY, 11201","-73.9866502493,40.704191959558","59075104","R"
"J8YSKKQYNNM9","115 W 29TH ST FL 10, NEW YORK, NY, 10001","Match","Exact","115 W 29TH ST, NEW YORK, NY, 10001","-73.990483638764,40.746899805405","59653405","R"
"LGDFJ2PJJB72","425 E 25TH STREET ROOM 1000, NEW YORK, NY, 10010","Match","Exact","425 E 25TH ST, NEW YORK, NY, 10010","-73.977004798281,40.737985514221","59654575","L"
"VJ8NWGQ3FGK5","168 W 86TH ST 9A, NEW YORK, NY, 10024","Match","Non_Exact","168 W 86TH ST, NEW YORK, NY, 10024","-73.974157558708,40.787258805464","59656716","L"
"GZL9J8BULS73","30 COOPER SQUARE 7TH FL, NEW YORK, NY, 10003","Match","Exact","30 COOPER SQ, NEW YORK, NY, 10003","-73.991299764659,40.72800276796","639431108","L"
"GG1KB6MV6943","56 E 1ST ST, NEW YORK, NY, 10003","Match","Exact","56 E 1ST ST, NEW YORK, NY, 10003","-73.989395403233,40.723740410958","59653949","L"
"W5GCUT79X5Z6","140 2ND AVE STE 501, NEW YORK, NY, 10003","Match","Exact","140 2ND AVE, NEW YORK, NY, 10003","-73.987329236741,40.728948648544","59654045","R"
"G4FCMJ3JRPU5","1368 FULTON ST, BROOKLYN, NY, 11216","Match","Exact","1368 FULTON ST, BROOKLYN, NY, 11216","-73.945981589229,40.680139682437","59078935","R"
"JJDLMJAT91P3","112 W 27TH ST STE 600, NEW YORK, NY, 10001","Match","Exact","112 W 27TH ST, NEW YORK, NY, 10001","-73.99140304848,40.745538469053","59653393","L"
"MKHRZT3BLQG4","758 8TH AVE STE 300, NEW YORK, NY, 10036","Match","Exact","758 8TH AVE, NEW YORK, NY, 10036","-73.987655940227,40.760041547208","59655267","R"
"EK93EZLLBSC4","695 PARK AVE, NEW YORK, NY, 10065","Match","Exact","695 PARK AVE, NEW YORK, NY, 10065","-73.965293181864,40.76897457553","59657309","R"
"MP8JLHNAD8B7","20 JAY ST STE 826, BROOKLYN, NY, 11201","Match","Exact","20 JAY ST, BROOKLYN, NY, 11201","-73.9866502493,40.704191959558","59075104","R"
"WH3PLGNFNZR3","32 BROADWAY STE 1314, NEW YORK, NY, 10004","Match","Exact","32 BROADWAY, NEW YORK, NY, 10004","-74.012827829748,40.706275542501","59659614","R"
"QD25FELMRUN7","229 W 42ND ST FL 10, NEW YORK, NY, 10036","Match","Exact","229 W 42ND ST, NEW YORK, NY, 10036","-73.987752538909,40.756440286893","59655276","R"
"FDGYFBLDGB91","217 W 147TH ST, NEW YORK, NY, 10039","Match","Exact","217 W 147TH ST, NEW YORK, NY, 10039","-73.939460309383,40.823560944269","650153042","R"
"QWJHD2N2J138","303 MERCER ST, NEW YORK, NY, 10003","Match","Exact","303 MERCER ST, NEW YORK, NY, 10003","-73.99365504574,40.730568557832","654554168","L"
"KU4ZCLZUDUF1","68 E 131ST ST FL 7, NEW YORK, NY, 10035","Match","Non_Exact","68 E 131ST ST, NEW YORK, NY, 10037","-73.936830456828,40.809026422789","59656515","R"
"G8STMUCK41Y5","203 W 85TH ST APT 32, NEW YORK, NY, 10024","Match","Exact","203 W 85TH ST, NEW YORK, NY, 10024","-73.975601466096,40.787105862142","59656710","R"
"KPCVLD6KFR13","52-01 GRAND CENTRAL PKWY, CORONA, NY, 11368","No_Match"
"PKXGH34M49S3","698 DEAN ST, BROOKLYN, NY, 11238","Match","Exact","698 DEAN ST, BROOKLYN, NY, 11238","-73.967091296477,40.679949378378","59077981","R"
"YPN9BYA8YUV4","315 W 105TH ST APT 1F, NEW YORK, NY, 10025","Match","Exact","315 W 105TH ST, NEW YORK, NY, 10025","-73.9692705025,40.801117389523","59656785","R"
"CP57NMXBVZ76","14 UNITED NATIONS AVE S, CORONA, NY, 11368","Match","Exact","14 UNITED NATIONS AVE S, CORONA, NY, 11368","-73.845259692668,40.744193894477","59735082","R"
"JELJEDAMJ695","434 W 33RD ST STE 818, NEW YORK, NY, 10001","Match","Exact","434 W 33RD ST, NEW YORK, NY, 10001","-73.998238023827,40.753264597424","640902204","L"
"H2KZM6US6NB7","195 PLYMOUTH ST STE 507, BROOKLYN, NY, 11201","Match","Exact","195 PLYMOUTH ST, BROOKLYN, NY, 11201","-73.986119016205,40.703797846716","59075111","L"
"KAREMLF14TF9","544 W 27TH ST FL 3, NEW YORK, NY, 10001","Match","Exact","544 W 27TH ST, NEW YORK, NY, 10001","-74.003653221036,40.750699178505","59662164","L"
"EMV3XFRS8366","468 RIVERSIDE DR APT 73, NEW YORK, NY, 10027","Match","Exact","468 RIVERSIDE DR, NEW YORK, NY, 10027","-73.964617128666,40.810384767751","59655332","R"
"NJJJHPMTNNS4","40 WORTH ST RM 603, NEW YORK, NY, 10013","Match","Exact","40 WORTH ST, NEW YORK, NY, 10013","-74.006571690342,40.717155682565","639436817","R"
"SE4FUBLULHS7","535 W 24TH ST, NEW YORK, NY, 10011","Match","Exact","535 W 24TH ST, NEW YORK, NY, 10011","-74.00479124981,40.748886221876","650075074","R"
"FMMAVC4NEJ74","368 E 8TH ST, NEW YORK, NY, 10009","Match","Exact","368 E 8TH ST, NEW YORK, NY, 10009","-73.97803280318,40.724466447339","59654732","R"
"CPL4AAWNV3K5","560 RIVERSIDE DRIVE #9K, NEW YORK, NY, 10027","Match","Exact","560 RIVERSIDE DR, NEW YORK, NY, 10027","-73.960411077728,40.816260558943","654534702","R"
"MDDCVCM78KT5","126 BAXTER STREET, NEW YORK, NY, 10013","Match","Exact","126 BAXTER ST, NEW YORK, NY, 10013","-73.998946531871,40.718269381886","59653797","L"
"DN79MXHMREB9","3237 VERNON BLVD, ASTORIA, NY, 11106","Match","Exact","32-37 VERNON BLVD, ASTORIA, NY, 11106","-73.937129525733,40.767283848052","59696220","L"
"PWV8N1M4FAJ3","155 1ST AVE, NEW YORK, NY, 10003","Match","Exact","155 1ST AVE, NEW YORK, NY, 10003","-73.984702430906,40.728549926184","59654065","L"
"WQWWDNTP21Y1","526 W 26TH ST, NEW YORK, NY, 10001","Match","Exact","526 W 26TH ST, NEW YORK, NY, 10001","-74.003607284076,40.749872250051","59662163","L"
"SCAPXP5SRNQ4","119 E 102ND ST STE 5B, NEW YORK, NY, 10029","Match","Exact","119 E 102ND ST, NEW YORK, NY, 10029","-73.949148246313,40.790175545298","59657905","L"
"HGDMAVJHJA79","100 WASHINGTON SQ E # 503, NEW YORK, NY, 10003","Match","Exact","100 WASHINGTON SQ E, NEW YORK, NY, 10003","-73.996381188264,40.729884359728","59653552","L"
"P23LCA688353","161-04 JAMAICA AVE, JAMAICA, NY, 11432","Match","Exact","161-04 JAMAICA AVE, JAMAICA, NY, 11432","-73.798444959057,40.703965914556","59714153","R"
"STGAZ2KCKY47","312 W 36TH ST RM 1F, NEW YORK, NY, 10018","Match","Exact","312 W 36TH ST, NEW YORK, NY, 10018","-73.992961033146,40.753594171235","59658568","L"
"NS2KP7MJDLD3","51 N 1ST ST, BROOKLYN, NY, 11249","Match","Exact","51 N 1ST ST, BROOKLYN, NY, 11249","-73.964291278218,40.716619961357","59075988","L"
"VYN7RXNEW6D4","140 2ND AVE, NEW YORK, NY, 10003","Match","Exact","140 2ND AVE, NEW YORK, NY, 10003","-73.987329236741,40.728948648544","59654045","R"
"H19DKLCX7PB1","3213B 3RD AVE, BRONX, NY, 10451","Match","Non_Exact","3213B 3RD AVE, BRONX, NY, 10451","-73.909064390091,40.823598053583","642559583","L"
"L6YNSFSRKYJ5","401 BROADWAY FL 23, NEW YORK, NY, 10013","Match","Exact","401 BROADWAY, NEW YORK, NY, 10013","-74.002560615288,40.718706211463","59660307","L"
"KRCFCE7E2SL7","10 WEST 66TH STREET  STE. 23C, NEW YORK, NY, 10023","Match","Exact","10 W 66TH ST, NEW YORK, NY, 10023","-73.979056820953,40.772488544471","59657044","L"
"K2F4FLBS1NJ3","215 W 90TH ST, NEW YORK, NY, 10024","Match","Exact","215 W 90TH ST, NEW YORK, NY, 10024","-73.973522475487,40.790467918656","59656700","R"
"F5GKTSNJCY83","55 S 11TH ST STE 2H, BROOKLYN, NY, 11249","Match","Exact","55 S 11TH ST, BROOKLYN, NY, 11249","-73.966983912488,40.707650019785","59076043","L"
"LAN8EDWZTVL1","3036 49TH ST APT 3N, ASTORIA, NY, 11103","Match","Exact","30-36 49TH ST, ASTORIA, NY, 11103","-73.908532383756,40.759718082643","652209608","R"
"PBRKFJMUKJ24","150 W 65TH ST FRNT 1, NEW YORK, NY, 10023","Match","Exact","150 W 65TH ST, NEW YORK, NY, 10023","-73.983439923757,40.77348719937","642471932","L"
"M3DHRNGE8EA8","46-60 156TH ST, FLUSHING, NY, 11355","Match","Exact","46-60 156TH ST, FLUSHING, NY, 11355","-73.810768508161,40.752643544443","59710005","R"
"SAPQK6EHUMV5","611 BROADWAY #836, NEW YORK, NY, 10012","Match","Exact","611 BROADWAY, NEW YORK, NY, 10012","-73.996556471135,40.725791817554","639430866","L"
"DJ22BPVMXMM9","675 3RD AVE FL 32, NEW YORK, NY, 10017","Match","Exact","675 3RD AVE, NEW YORK, NY, 10017","-73.973801511589,40.751538192524","59658708","R"
"KC3SUWVWJSU4","174 E 80TH ST, NEW YORK, NY, 10075","Match","Exact","174 E 80TH ST, NEW YORK, NY, 10075","-73.957635282243,40.77525445122","59657362","R"
"RBZRJ3NJDLT7","619 LEXINGTON AVE, NEW YORK, NY, 10022","Match","Exact","619 LEXINGTON AVE, NEW YORK, NY, 10022","-73.970707443622,40.75864535484","59657485","R"
"EJEKQUUMSKB3","229 W 42ND ST 8TH FL, NEW YORK, NY, 10036","Match","Exact","229 W 42ND ST, NEW YORK, NY, 10036","-73.987752538909,40.756440286893","59655276","R"
"ZNDLRCDZGKJ3","372 5TH AVE, BROOKLYN, NY, 11215","Match","Exact","372 5TH AVE, BROOKLYN, NY, 11215","-73.984655931357,40.67125743689","59075718","R"
"EPV9SCPHGW67","137-35 NORTHERN BLVD, FLUSHING, NY, 11354","Match","Exact","137-35 NORTHERN BLVD, FLUSHING, NY, 11354","-73.830160289962,40.763618150949","59701043","L"
"P4CWJN5DQZH7","321 W 44TH ST STE 804, NEW YORK, NY, 10036","Match","Exact","321 W 44TH ST, NEW YORK, NY, 10036","-73.98942459872,40.758843636101","59655214","R"
"V9WRA7HHMDE6","104 SULLIVAN ST APT 14, NEW YORK, NY, 10012","Match","Exact","104 SULLIVAN ST, NEW YORK, NY, 10012","-74.003254538686,40.725507377436","59660272","L"
"ZQVWPKAHKGK3","231 15TH ST, BROOKLYN, NY, 11215","Match","Exact","231 15TH ST, BROOKLYN, NY, 11215","-73.988598560428,40.665289835713","59075782","L"
"EQPRAJ6LMGX5","39 WEST 19TH ST 5TH FL, NEW YORK, NY, 10011","Match","Exact","39 W 19TH ST, NEW YORK, NY, 10011","-73.992600899731,40.739669352911","59653504","R"
"EEGZYRKT48N5","2130 BROADWAY APT 1904, NEW YORK, NY, 10023","Match","Exact","2130 BROADWAY, NEW YORK, NY, 10023","-73.981312265433,40.780747354859","59656651","R"
"TNHKJG79ANG3","25 W 52ND ST, NEW YORK, NY, 10019","Match","Exact","25 W 52ND ST, NEW YORK, NY, 10019","-73.977075428308,40.760184591929","59657152","R"
"N7SKL1K1SS35","ONE ROCKEFELLER PLAZA SUITE 2500, NEW YORK, NY, 10020","Match","Exact","1 ROCKEFELLER PLZ, NEW YORK, NY, 10020","-73.979260266935,40.757834661895","59657162","R"
"H2N2YWARWK53","220 36TH ST B520 UNIT 21, BROOKLYN, NY, 11232","Match","Non_Exact","220 36TH ST, BROOKLYN, NY, 11232","-74.008357199226,40.656623859892","59099520","L"
"W82MKXK47JK7","214 W 29TH ST RM 1001, NEW YORK, NY, 10001","Match","Exact","214 W 29TH ST, NEW YORK, NY, 10001","-73.993399518335,40.747995840612","59653387","L"
"SCJ3PRNV4SK8","20 JAY ST STE 318, BROOKLYN, NY, 11201","Match","Exact","20 JAY ST, BROOKLYN, NY, 11201","-73.9866502493,40.704191959558","59075104","R"
"D1KBKARJB351","759 PRESIDENT ST, BROOKLYN, NY, 11215","Match","Exact","759 PRESIDENT ST, BROOKLYN, NY, 11215","-73.977712569127,40.674604825828","59078131","L"
"PYTZAM1J7N38","518 EASTERN PKWY APT 3R, BROOKLYN, NY, 11225","Match","Exact","518 EASTERN PKWY, BROOKLYN, NY, 11225","-73.951256120228,40.669627011966","640852993","L"
"RF35Z8UM6SB5","260 WEST BROADWAY, NEW YORK, NY, 10013","Match","Exact","260 W BROADWAY, NEW YORK, NY, 10013","-74.005504251338,40.72041845685","59660212","L"
"KUVLWLAGWWF5","90 BROAD ST STE 2100, NEW YORK, NY, 10004","Match","Exact","90 BROAD ST, NEW YORK, NY, 10004","-74.01165390882,40.703963494512","59660687","R"
"Z5LQE3L4RKH8","227 WEST 27TH ST, NEW YORK, NY, 10001","Match","Exact","227 W 27TH ST, NEW YORK, NY, 10001","-73.994255065356,40.746871615218","639429221","R"
"S47VGSJ29786","264 CANAL ST STE 3W, NEW YORK, NY, 10013","Match","Exact","264 CANAL ST, NEW YORK, NY, 10013","-74.001112209799,40.718766929524","59660321","L"
"JM7EYZZDUF33","548 W 28TH ST FL 4, NEW YORK, NY, 10001","Match","Exact","548 W 28TH ST, NEW YORK, NY, 10001","-74.003484239868,40.751436824317","650081347","L"
"QN4RPBNE15M1","20 JAY ST STE 310-A, BROOKLYN, NY, 11201","Match","Non_Exact","20 JAY ST, BROOKLYN, NY, 11201","-73.9866502493,40.704191959558","59075104","R"
"FGFQYZY17CG6","825 8TH AVE 14 FL, NEW YORK, NY, 10019","Match","Exact","825 8TH AVE, NEW YORK, NY, 10019","-73.98637747185,40.762032015223","59655257","L"
"K4URHA156K35","9004 161ST ST, , NY, 11432","Match","Exact","90-04 161ST ST, JAMAICA, NY, 11432","-73.799402700339,40.705289171844","59712059","R"
"JSJ5RGYSZY41","205 W END AVE, NEW YORK, NY, 10023","Match","Exact","205 W END AVE, NEW YORK, NY, 10023","-73.985694743213,40.778255745443","609020857","L"
"KYL1E52G33G3","630 NINTH AVENUE, NEW YORK, NY, 10036","Match","Exact","630 9TH AVE, NEW YORK, NY, 10036","-73.991391264632,40.760013840458","59655221","R"
"K4YDR2YJ9U51","1776 BROADWAY STE 1500, NEW YORK, NY, 10019","Match","Exact","1776 BROADWAY, NEW YORK, NY, 10019","-73.981749749385,40.766425552979","59657086","R"
"M1YKMBY5TG89","75 BROAD ST, NEW YORK, NY, 10004","Match","Exact","75 BROAD ST, NEW YORK, NY, 10004","-74.01148907099,40.704435240781","59659661","L"
"F7KYACUN9DJ3","720 FORT WASHINGTON AVE, NEW YORK, NY, 10040","Match","Exact","720 FORT WASHINGTON AVE, NEW YORK, NY, 10040","-73.935174707385,40.857580037468","59654981","R"
"TGYVS6F9UZX4","333 DEGRAW ST, BROOKLYN, NY, 11231","Match","Exact","333 DEGRAW ST, BROOKLYN, NY, 11231","-73.993557480225,40.683166055703","59075273","L"
"KUUGNJJWS8L4","520 8TH AVE, NEW YORK, NY, 10018","Match","Exact","520 8TH AVE, NEW YORK, NY, 10018","-73.992398387996,40.753533434878","59658577","R"
"NAC9GBSB1SN6","235 BOWERY, NEW YORK, NY, 10002","Match","Exact","235 BOWERY, NEW YORK, NY, 10002","-73.993147445674,40.722443737543","59653937","R"
"L1MWNJ58QTL7","247 WATER ST STE 403, BROOKLYN, NY, 11201","Match","Exact","247 WATER ST, BROOKLYN, NY, 11201","-73.984584041113,40.703086588587","59075115","L"
"F5MEAKBS4HY6","929 LORIMER ST, BROOKLYN, NY, 11222","Match","Exact","929 LORIMER ST, BROOKLYN, NY, 11222","-73.952082532003,40.724106420025","59076415","L"
"QTLHEJKNWTP6","140 2ND AVE.  STE 502, NEW YORK, NY, 10003","Match","Exact","140 2ND AVE, NEW YORK, NY, 10003","-73.987329236741,40.728948648544","59654045","R"
"E45VG5J91LH7","60 SACKETT ST, BROOKLYN, NY, 11231","Match","Exact","60 SACKETT ST, BROOKLYN, NY, 11231","-74.003860985559,40.685329504719","59093628","R"
"NXKALBEN1LH3","557 BROADWAY, NEW YORK, NY, 10012","Match","Exact","557 BROADWAY, NEW YORK, NY, 10012","-73.99813820292,40.723923617687","59653757","L"
"N9E6FHQ3AV31","20 JAY ST STE 616, BROOKLYN, NY, 11201","Match","Exact","20 JAY ST, BROOKLYN, NY, 11201","-73.9866502493,40.704191959558","59075104","R"
"C876SV494GH7","18 E 41ST ST, NEW YORK, NY, 10017","Match","Exact","18 E 41ST ST, NEW YORK, NY, 10017","-73.980436831708,40.752356125486","59658630","R"
"XRFZYFLTK8W9","138 S OXFORD ST 3D, BROOKLYN, NY, 11217","Match","Non_Exact","138 S OXFORD ST, BROOKLYN, NY, 11217","-73.973303655107,40.685146968199","59099020","R"
"MYVKEZKLBCA5","45 WATER STREET, BROOKLYN, NY, 11201","Match","Exact","45 WATER ST, BROOKLYN, NY, 11201","-73.992620307318,40.703366691051","638288629","L"
"L563U6JE7PC5","490 RIVERSIDE DR, NEW YORK, NY, 10027","Match","Exact","490 RIVERSIDE DR, NEW YORK, NY, 10027","-73.963519540622,40.811887521648","59663777","R"
"VEKJMLB1HJ95","80 HANSON PL, BROOKLYN, NY, 11217","Match","Exact","80 HANSON PL, BROOKLYN, NY, 11217","-73.974406335168,40.685441151376","59077670","R"
"N7MGHD87KPF8","131 E 10TH ST, NEW YORK, NY, 10003","Match","Exact","131 E 10TH ST, NEW YORK, NY, 10003","-73.987256277156,40.730029589051","59653711","L"
"HLVYNB632ZL6","1000 DEAN ST, BROOKLYN, NY, 11238","Match","Exact","1000 DEAN ST, BROOKLYN, NY, 11238","-73.957248317346,40.677888590488","59078451","R"
"C1K7KALMJFH6","35 WOOSTER ST, NEW YORK, NY, 10013","Match","Exact","35 WOOSTER ST, NEW YORK, NY, 10013","-74.002828487599,40.722267765872","59660289","L"
"QD3BU836BR33","211 S 4TH ST, BROOKLYN, NY, 11211","Match","Exact","211 S 4TH ST, BROOKLYN, NY, 11211","-73.959633449383,40.710732635211","638266445","L"
"Z9FXRYN8NG24","4 W 43RD ST, NEW YORK, NY, 10036","Match","Exact","4 W 43RD ST, NEW YORK, NY, 10036","-73.980562414522,40.754159989825","59658624","L"
"YEUEF6DCSWJ5","10235 64TH RD, FOREST HILLS, NY, 11375","Match","Exact","102-35 64TH RD, FOREST HILLS, NY, 11375","-73.852647618179,40.731330962165","59705790","L"
"JNZ1MMGN2R73","545 8TH AVE STE 550, NEW YORK, NY, 10018","Match","Exact","545 8TH AVE, NEW YORK, NY, 10018","-73.992015607855,40.754297676901","59658585","L"
"G2FAKMQPRRY7","41 PERRY ST 2A, NEW YORK, NY, 10014","Match","Non_Exact","41 PERRY ST, NEW YORK, NY, 10014","-74.002907007994,40.735659007562","59659979","R"
"GPCTHF1VWMJ4","176 GRAND ST STE 601, NEW YORK, NY, 10009","Match","Non_Exact","176 GRAND ST, NEW YORK, NY, 10013","-73.99772339461,40.719530939197","59653792","L"
"VKEZXK2FZGB9","20 JAY ST  SUITE 940, BROOKLYN, NY, 11201","Match","Exact","20 JAY ST, BROOKLYN, NY, 11201","-73.9866502493,40.704191959558","59075104","R"
"K7SFT4LL2DL7","80 HANSON PL, BROOKLYN, NY, 11217","Match","Exact","80 HANSON PL, BROOKLYN, NY, 11217","-73.974406335168,40.685441151376","59077670","R"
"M7FPDYAMZG91","291 VAN BRUNT ST, BROOKLYN, NY, 11231","Match","Exact","291 VAN BRUNT ST, BROOKLYN, NY, 11231","-74.011048778159,40.678845124876","59093474","L"
"JE6YA3ANMKV5","113 W 60TH ST RM 924, NEW YORK, NY, 10023","Match","Exact","113 W 60TH ST, NEW YORK, NY, 10023","-73.984674342667,40.770066840782","59655130","R"
"N6M5FJ4YHKA8","45 E 80TH ST, NEW YORK, NY, 10075","Match","Exact","45 E 80TH ST, NEW YORK, NY, 10075","-73.961460274581,40.776997743696","652210481","L"
"DQ5QW4T2MH76","240 W 35TH ST SUITE 1200, NEW YORK, NY, 10001","Match","Exact","240 W 35TH ST, NEW YORK, NY, 10001","-73.991344035829,40.752101752888","59658582","L"
"N2BTRGALT2N5","119 W 57TH ST, NEW YORK, NY, 10019","Match","Exact","119 W 57TH ST, NEW YORK, NY, 10019","-73.977722667739,40.764611556798","59657122","R"
"DZNDR88NKWT3","90 BROAD ST STE 2100, NEW YORK, NY, 10004","Match","Exact","90 BROAD ST, NEW YORK, NY, 10004","-74.01165390882,40.703963494512","59660687","R"
"TUGYD6LNW9J3","231 W 29TH ST RM 706, NEW YORK, NY, 10001","Match","Exact","231 W 29TH ST, NEW YORK, NY, 10001","-73.993767898134,40.748282303876","59653387","R"
"KAMAHBBVBTS1","520 8TH AVE, NEW YORK, NY, 10018","Match","Exact","520 8TH AVE, NEW YORK, NY, 10018","-73.992398387996,40.753533434878","59658577","R"
"MZLNNHXC1H16","812 W 181ST ST APT 36, NEW YORK, NY, 10033","Match","Exact","812 W 181ST ST, NEW YORK, NY, 10033","-73.938921645437,40.851028644616","59655463","L"
"FLPCA5JDBDL4","425 LAFAYETTE ST, NEW YORK, NY, 10003","Match","Exact","425 LAFAYETTE ST, NEW YORK, NY, 10003","-73.992085320741,40.72898535808","639430771","R"
