assistance_transaction_unique_key,assistance_award_unique_key,award_id_fain,modification_number,award_id_uri,sai_number,federal_action_obligation,total_obligated_amount,total_outlayed_amount_for_overall_award,indirect_cost_federal_share_amount,non_federal_funding_amount,total_non_federal_funding_amount,face_value_of_loan,original_loan_subsidy_cost,total_face_value_of_loan,total_loan_subsidy_cost,generated_pragmatic_obligations,disaster_emergency_fund_codes_for_overall_award,outlayed_amount_from_COVID-19_supplementals_for_overall_award,obligated_amount_from_COVID-19_supplementals_for_overall_award,outlayed_amount_from_IIJA_supplemental_for_overall_award,obligated_amount_from_IIJA_supplemental_for_overall_award,action_date,action_date_fiscal_year,period_of_performance_start_date,period_of_performance_current_end_date,awarding_agency_code,awarding_agency_name,awarding_sub_agency_code,awarding_sub_agency_name,awarding_office_code,awarding_office_name,funding_agency_code,funding_agency_name,funding_sub_agency_code,funding_sub_agency_name,funding_office_code,funding_office_name,treasury_accounts_funding_this_award,federal_accounts_funding_this_award,object_classes_funding_this_award,program_activities_funding_this_award,recipient_uei,recipient_duns,recipient_name,recipient_name_raw,recipient_parent_uei,recipient_parent_duns,recipient_parent_name,recipient_parent_name_raw,recipient_country_code,recipient_country_name,recipient_address_line_1,recipient_address_line_2,recipient_city_code,recipient_city_name,prime_award_transaction_recipient_county_fips_code,recipient_county_name,prime_award_transaction_recipient_state_fips_code,recipient_state_code,recipient_state_name,recipient_zip_code,recipient_zip_last_4_code,prime_award_transaction_recipient_cd_original,prime_award_transaction_recipient_cd_current,recipient_foreign_city_name,recipient_foreign_province_name,recipient_foreign_postal_code,primary_place_of_performance_scope,primary_place_of_performance_country_code,primary_place_of_performance_country_name,primary_place_of_performance_code,primary_place_of_performance_city_name,prime_award_transaction_place_of_performance_county_fips_code,primary_place_of_performance_county_name,prime_award_transaction_place_of_performance_state_fips_code,primary_place_of_performance_state_name,primary_place_of_performance_zip_4,prime_award_transaction_place_of_performance_cd_original,prime_award_transaction_place_of_performance_cd_current,primary_place_of_performance_foreign_location,cfda_number,cfda_title,funding_opportunity_number,funding_opportunity_goals_text,assistance_type_code,assistance_type_description,award_amount_basis_code,award_amount_basis_name,award_recipient_basis_code,award_recipient_basis_name,transaction_description,prime_award_base_transaction_description,business_funds_indicator_code,business_funds_indicator_description,business_types_code,business_types_description,correction_delete_indicator_code,correction_delete_indicator_description,action_type_code,action_type_description,record_type_code,record_type_description,highly_compensated_officer_1_name,highly_compensated_officer_1_amount,highly_compensated_officer_2_name,highly_compensated_officer_2_amount,highly_compensated_officer_3_name,highly_compensated_officer_3_amount,highly_compensated_officer_4_name,highly_compensated_officer_4_amount,highly_compensated_officer_5_name,highly_compensated_officer_5_amount,usaspending_permalink,initial_report_date,last_modified_date,exclusion_reason
5920_-NONE-_59750_45.024_-NONE-,ASST_AGG_59750_417,,,59750,SAI EXEMPT,10000.00,10000.00,,,0.00,0.00,0.00,0.00,0.00,0.00,10000.00,,,,,,2022-02-07,2022,2022-01-01,2023-12-31,417,National Endowment for the Arts,5920,National Endowment for the Arts,593105,NATIONAL ENDOWMENT FOR THE ARTS,417,National Endowment for the Arts,5920,National Endowment for the Arts,593105,NATIONAL ENDOWMENT FOR THE ARTS,,,,,,,MULTIPLE RECIPIENTS,MULTIPLE RECIPIENTS,,,,,USA,UNITED STATES,,,,,36025,DELAWARE,36,NY,NEW YORK,,,NY-07,NY-19,,,,COUNTY-WIDE,USA,UNITED STATES,NY**025,,36025,DELAWARE,36,NEW YORK,,NY-07,NY-19,,45.024,PROMOTION OF THE ARTS GRANTS TO ORGANIZATIONS AND INDIVIDUALS,,,04,PROJECT GRANT (B),,,,,PURPOSE: TO SUPPORT THE TRANSLATION FROM THE RUSSIAN OF THE PETROVS IN AND AROUND THE FLU&NBSP;BY ALEXEI SALNIKOV,PURPOSE: TO SUPPORT THE TRANSLATION FROM THE RUSSIAN OF THE PETROVS IN AND AROUND THE FLU&NBSP;BY ALEXEI SALNIKOV,NON,NOT RECOVERY ACT,P,INDIVIDUAL,,,A1,New Award,1,AGGREGATE RECORD,,,,,,,,,,,https://www.usaspending.gov/award/ASST_AGG_59750_417/,2022-02-11 17:39:51.529096+00,2022-02-11 17:39:51.529096+00,recipient county outside NYC; no named recipient ID
5920_-NONE-_59755_45.024_-NONE-,ASST_AGG_59755_417,,,59755,SAI EXEMPT,15000.00,15000.00,,,0.00,0.00,0.00,0.00,0.00,0.00,15000.00,,,,,,2022-02-10,2022,2022-04-01,2024-03-31,417,National Endowment for the Arts,5920,National Endowment for the Arts,593105,NATIONAL ENDOWMENT FOR THE ARTS,417,National Endowment for the Arts,5920,National Endowment for the Arts,593105,NATIONAL ENDOWMENT FOR THE ARTS,,,,,,,MULTIPLE RECIPIENTS,MULTIPLE RECIPIENTS,,,,,USA,UNITED STATES,,,,,36061,NEW YORK,36,NY,NEW YORK,,,NY-12,NY-90,,,,COUNTY-WIDE,USA,UNITED STATES,NY**061,,36061,NEW YORK,36,NEW YORK,,NY-12,NY-90,,45.024,PROMOTION OF THE ARTS GRANTS TO ORGANIZATIONS AND INDIVIDUALS,,,04,PROJECT GRANT (B),,,,,PURPOSE: TO SUPPORT THE TRANSLATION FROM THE ITALIAN OF PARADISE OVERLOAD BY WALTER SITI,PURPOSE: TO SUPPORT THE TRANSLATION FROM THE ITALIAN OF PARADISE OVERLOAD BY WALTER SITI,NON,NOT RECOVERY ACT,P,INDIVIDUAL,,,A1,New Award,1,AGGREGATE RECORD,,,,,,,,,,,https://www.usaspending.gov/award/ASST_AGG_59755_417/,2022-02-11 17:39:51.529096+00,2022-02-11 17:39:51.529096+00,no named recipient ID
5920_-NONE-_59757_45.024_-NONE-,ASST_AGG_59757_417,,,59757,SAI EXEMPT,20000.00,20000.00,,,0.00,0.00,0.00,0.00,0.00,0.00,20000.00,,,,,,2022-02-10,2022,2022-05-01,2023-09-30,417,National Endowment for the Arts,5920,National Endowment for the Arts,593105,NATIONAL ENDOWMENT FOR THE ARTS,417,National Endowment for the Arts,5920,National Endowment for the Arts,593105,NATIONAL ENDOWMENT FOR THE ARTS,,,,,,,MULTIPLE RECIPIENTS,MULTIPLE RECIPIENTS,,,,,USA,UNITED STATES,,,,,36119,WESTCHESTER,36,NY,NEW YORK,,,NY-16,NY-90,,,,COUNTY-WIDE,USA,UNITED STATES,NY**119,,36119,WESTCHESTER,36,NEW YORK,,NY-16,NY-90,,45.024,PROMOTION OF THE ARTS GRANTS TO ORGANIZATIONS AND INDIVIDUALS,,,04,PROJECT GRANT (B),,,,,PURPOSE: TO SUPPORT THE TRANSLATION FROM THE GERMAN OF THE ESSAY COLLECTION IN THE FOREST OF THE METROPOLES&NBSP;BY KARL-MARKUS GAUSS,PURPOSE: TO SUPPORT THE TRANSLATION FROM THE GERMAN OF THE ESSAY COLLECTION IN THE FOREST OF THE METROPOLES&NBSP;BY KARL-MARKUS GAUSS,NON,NOT RECOVERY ACT,P,INDIVIDUAL,,,A1,New Award,1,AGGREGATE RECORD,,,,,,,,,,,https://www.usaspending.gov/award/ASST_AGG_59757_417/,2022-02-11 17:39:51.529096+00,2022-02-11 17:39:51.529096+00,recipient county outside NYC; no named recipient ID
5920_-NONE-_59758_45.024_-NONE-,ASST_AGG_59758_417,,,59758,SAI EXEMPT,10000.00,10000.00,,,0.00,0.00,0.00,0.00,0.00,0.00,10000.00,,,,,,2022-02-10,2022,2022-01-01,2022-12-31,417,National Endowment for the Arts,5920,National Endowment for the Arts,593105,NATIONAL ENDOWMENT FOR THE ARTS,417,National Endowment for the Arts,5920,National Endowment for the Arts,593105,NATIONAL ENDOWMENT FOR THE ARTS,,,,,,,MULTIPLE RECIPIENTS,MULTIPLE RECIPIENTS,,,,,USA,UNITED STATES,,,,,36061,NEW YORK,36,NY,NEW YORK,,,NY-12,NY-90,,,,COUNTY-WIDE,USA,UNITED STATES,NY**061,,36061,NEW YORK,36,NEW YORK,,NY-12,NY-90,,45.024,PROMOTION OF THE ARTS GRANTS TO ORGANIZATIONS AND INDIVIDUALS,,,04,PROJECT GRANT (B),,,,,PURPOSE: TO SUPPORT THE TRANSLATION FROM THE CATALAN OF UNNAMEABLE: COLLECTED POEMS OF ANNA GUAL,PURPOSE: TO SUPPORT THE TRANSLATION FROM THE CATALAN OF UNNAMEABLE: COLLECTED POEMS OF ANNA GUAL,NON,NOT RECOVERY ACT,P,INDIVIDUAL,,,A1,New Award,1,AGGREGATE RECORD,,,,,,,,,,,https://www.usaspending.gov/award/ASST_AGG_59758_417/,2022-02-11 17:39:51.529096+00,2022-02-11 17:39:51.529096+00,no named recipient ID
5920_-NONE-_59758_45.024_1,ASST_AGG_59758_417,,1,59758,SAI EXEMPT,0.00,10000.00,,,0.00,0.00,0.00,0.00,0.00,0.00,0.00,,,,,,2022-02-10,2022,2022-01-01,2023-08-31,417,National Endowment for the Arts,5920,National Endowment for the Arts,593105,NATIONAL ENDOWMENT FOR THE ARTS,417,National Endowment for the Arts,5920,National Endowment for the Arts,593105,NATIONAL ENDOWMENT FOR THE ARTS,,,,,,,MULTIPLE RECIPIENTS,MULTIPLE RECIPIENTS,,,,,USA,UNITED STATES,,,,,36061,NEW YORK,36,NY,NEW YORK,,,NY-12,NY-90,,,,COUNTY-WIDE,USA,UNITED STATES,NY**061,,36061,NEW YORK,36,NEW YORK,,NY-12,NY-90,,45.024,PROMOTION OF THE ARTS GRANTS TO ORGANIZATIONS AND INDIVIDUALS,,,04,PROJECT GRANT (B),,,,,PURPOSE: TO SUPPORT THE TRANSLATION FROM THE CATALAN OF UNNAMEABLE: COLLECTED POEMS OF ANNA GUAL,PURPOSE: TO SUPPORT THE TRANSLATION FROM THE CATALAN OF UNNAMEABLE: COLLECTED POEMS OF ANNA GUAL,NON,NOT RECOVERY ACT,P,INDIVIDUAL,,,A1,New Award,1,AGGREGATE RECORD,,,,,,,,,,,https://www.usaspending.gov/award/ASST_AGG_59758_417/,2022-10-18 19:53:20.623412+00,2022-10-18 19:53:20.623412+00,no named recipient ID
5920_-NONE-_59762_45.024_-NONE-,ASST_AGG_59762_417,,,59762,SAI EXEMPT,15000.00,15000.00,,,0.00,0.00,0.00,0.00,0.00,0.00,15000.00,,,,,,2022-02-11,2022,2022-01-01,2023-01-31,417,National Endowment for the Arts,5920,National Endowment for the Arts,593105,NATIONAL ENDOWMENT FOR THE ARTS,417,National Endowment for the Arts,5920,National Endowment for the Arts,593105,NATIONAL ENDOWMENT FOR THE ARTS,,,,,,,MULTIPLE RECIPIENTS,MULTIPLE RECIPIENTS,,,,,USA,UNITED STATES,,,,,36061,NEW YORK,36,NY,NEW YORK,,,NY-07,NY-90,,,,COUNTY-WIDE,USA,UNITED STATES,NY**061,,36061,NEW YORK,36,NEW YORK,,NY-07,NY-90,,45.024,PROMOTION OF THE ARTS GRANTS TO ORGANIZATIONS AND INDIVIDUALS,,,04,PROJECT GRANT (B),,,,,PURPOSE: TO SUPPORT THE TRANSLATION FROM THE SPANISH OF TRAVELS WITH MY FATHER BY LUISA CASTRO,PURPOSE: TO SUPPORT THE TRANSLATION FROM THE SPANISH OF TRAVELS WITH MY FATHER BY LUISA CASTRO,NON,NOT RECOVERY ACT,P,INDIVIDUAL,,,A1,New Award,1,AGGREGATE RECORD,,,,,,,,,,,https://www.usaspending.gov/award/ASST_AGG_59762_417/,2022-02-11 17:39:51.529096+00,2022-02-11 17:39:51.529096+00,no named recipient ID
5920_-NONE-_59763_45.024_-NONE-,ASST_AGG_59763_417,,,59763,SAI EXEMPT,15000.00,15000.00,,,0.00,0.00,0.00,0.00,0.00,0.00,15000.00,,,,,,2022-02-11,2022,2022-01-01,2023-12-31,417,National Endowment for the Arts,5920,National Endowment for the Arts,593105,NATIONAL ENDOWMENT FOR THE ARTS,417,National Endowment for the Arts,5920,National Endowment for the Arts,593105,NATIONAL ENDOWMENT FOR THE ARTS,,,,,,,MULTIPLE RECIPIENTS,MULTIPLE RECIPIENTS,,,,,USA,UNITED STATES,,,,,36025,DELAWARE,36,NY,NEW YORK,,,NY-10,NY-19,,,,COUNTY-WIDE,USA,UNITED STATES,NY**025,,36025,DELAWARE,36,NEW YORK,,NY-10,NY-19,,45.024,PROMOTION OF THE ARTS GRANTS TO ORGANIZATIONS AND INDIVIDUALS,,,04,PROJECT GRANT (B),,,,,PURPOSE: TO SUPPORT THE TRANSLATION FROM THE SPANISH OF A BLIND SALMON&NBSP;AND DEAD GOLD&NBSP;BY JULIA WONG KCOMT,PURPOSE: TO SUPPORT THE TRANSLATION FROM THE SPANISH OF A BLIND SALMON&NBSP;AND DEAD GOLD&NBSP;BY JULIA WONG KCOMT,NON,NOT RECOVERY ACT,P,INDIVIDUAL,,,A1,New Award,1,AGGREGATE RECORD,,,,,,,,,,,https://www.usaspending.gov/award/ASST_AGG_59763_417/,2022-02-11 17:39:51.529096+00,2022-02-11 17:39:51.529096+00,recipient county outside NYC; no named recipient ID
5920_-NONE-_60431_45.024_-NONE-,ASST_AGG_60431_417,,,60431,SAI EXEMPT,25000.00,25000.00,,,0.00,0.00,0.00,0.00,0.00,0.00,25000.00,,,,,,2022-01-19,2022,2022-09-01,2024-08-31,417,National Endowment for the Arts,5920,National Endowment for the Arts,593105,NATIONAL ENDOWMENT FOR THE ARTS,417,National Endowment for the Arts,5920,National Endowment for the Arts,593105,NATIONAL ENDOWMENT FOR THE ARTS,,,,,,,MULTIPLE RECIPIENTS,MULTIPLE RECIPIENTS,,,,,USA,UNITED STATES,,,,,36061,NEW YORK,36,NY,NEW YORK,,,NY-10,NY-90,,,,COUNTY-WIDE,USA,UNITED STATES,NY**061,,36061,NEW YORK,36,NEW YORK,,NY-10,NY-90,,45.024,PROMOTION OF THE ARTS GRANTS TO ORGANIZATIONS AND INDIVIDUALS,,,04,PROJECT GRANT (B),,,,,PURPOSE: TO SUPPORT A CREATIVE WRITING FELLOWSHIP,PURPOSE: TO SUPPORT A CREATIVE WRITING FELLOWSHIP,NON,NOT RECOVERY ACT,P,INDIVIDUAL,,,A1,New Award,1,AGGREGATE RECORD,,,,,,,,,,,https://www.usaspending.gov/award/ASST_AGG_60431_417/,2022-01-25 14:06:08.604662+00,2022-01-25 14:06:08.604662+00,no named recipient ID
5920_-NONE-_60431_45.024_1,ASST_AGG_60431_417,,1,60431,SAI EXEMPT,0.00,25000.00,,,0.00,0.00,0.00,0.00,0.00,0.00,0.00,,,,,,2022-01-19,2022,2022-06-01,2024-08-31,417,National Endowment for the Arts,5920,National Endowment for the Arts,593105,NATIONAL ENDOWMENT FOR THE ARTS,417,National Endowment for the Arts,5920,National Endowment for the Arts,593105,NATIONAL ENDOWMENT FOR THE ARTS,,,,,,,MULTIPLE RECIPIENTS,MULTIPLE RECIPIENTS,,,,,USA,UNITED STATES,,,,,36061,NEW YORK,36,NY,NEW YORK,,,NY-10,NY-90,,,,COUNTY-WIDE,USA,UNITED STATES,NY**061,,36061,NEW YORK,36,NEW YORK,,NY-10,NY-90,,45.024,PROMOTION OF THE ARTS GRANTS TO ORGANIZATIONS AND INDIVIDUALS,,,04,PROJECT GRANT (B),,,,,PURPOSE: TO SUPPORT A CREATIVE WRITING FELLOWSHIP,PURPOSE: TO SUPPORT A CREATIVE WRITING FELLOWSHIP,NON,NOT RECOVERY ACT,P,INDIVIDUAL,,,A1,New Award,1,AGGREGATE RECORD,,,,,,,,,,,https://www.usaspending.gov/award/ASST_AGG_60431_417/,2022-10-24 17:30:14.102422+00,2022-10-24 17:30:14.102422+00,no named recipient ID
5920_-NONE-_60435_45.024_-NONE-,ASST_AGG_60435_417,,,60435,SAI EXEMPT,25000.00,25000.00,,,0.00,0.00,0.00,0.00,0.00,0.00,25000.00,,,,,,2022-01-24,2022,2022-01-01,2023-11-30,417,National Endowment for the Arts,5920,National Endowment for the Arts,593105,NATIONAL ENDOWMENT FOR THE ARTS,417,National Endowment for the Arts,5920,National Endowment for the Arts,593105,NATIONAL ENDOWMENT FOR THE ARTS,,,,,,,MULTIPLE RECIPIENTS,MULTIPLE RECIPIENTS,,,,,USA,UNITED STATES,,,,,36119,WESTCHESTER,36,NY,NEW YORK,,,NY-16,NY-90,,,,COUNTY-WIDE,USA,UNITED STATES,NY**119,,36119,WESTCHESTER,36,NEW YORK,,NY-16,NY-90,,45.024,PROMOTION OF THE ARTS GRANTS TO ORGANIZATIONS AND INDIVIDUALS,,,04,PROJECT GRANT (B),,,,,PURPOSE: TO SUPPORT A CREATIVE WRITING FELLOWSHIP,PURPOSE: TO SUPPORT A CREATIVE WRITING FELLOWSHIP,NON,NOT RECOVERY ACT,P,INDIVIDUAL,,,A1,New Award,1,AGGREGATE RECORD,,,,,,,,,,,https://www.usaspending.gov/award/ASST_AGG_60435_417/,2022-01-25 14:06:08.604662+00,2022-01-25 14:06:08.604662+00,recipient county outside NYC; no named recipient ID
5920_-NONE-_60447_45.024_-NONE-,ASST_AGG_60447_417,,,60447,SAI EXEMPT,25000.00,25000.00,,,0.00,0.00,0.00,0.00,0.00,0.00,25000.00,,,,,,2022-01-24,2022,2022-05-01,2023-04-30,417,National Endowment for the Arts,5920,National Endowment for the Arts,593105,NATIONAL ENDOWMENT FOR THE ARTS,417,National Endowment for the Arts,5920,National Endowment for the Arts,593105,NATIONAL ENDOWMENT FOR THE ARTS,,,,,,,MULTIPLE RECIPIENTS,MULTIPLE RECIPIENTS,,,,,USA,UNITED STATES,,,,,36051,LIVINGSTON,36,NY,NEW YORK,,,NY-27,NY-24,,,,COUNTY-WIDE,USA,UNITED STATES,NY**051,,36051,LIVINGSTON,36,NEW YORK,,NY-27,NY-24,,45.024,PROMOTION OF THE ARTS GRANTS TO ORGANIZATIONS AND INDIVIDUALS,,,04,PROJECT GRANT (B),,,,,PURPOSE: TO SUPPORT A CREATIVE WRITING FELLOWSHIP,PURPOSE: TO SUPPORT A CREATIVE WRITING FELLOWSHIP,NON,NOT RECOVERY ACT,P,INDIVIDUAL,,,A1,New Award,1,AGGREGATE RECORD,,,,,,,,,,,https://www.usaspending.gov/award/ASST_AGG_60447_417/,2022-01-25 14:06:08.604662+00,2022-01-25 14:06:08.604662+00,recipient county outside NYC; no named recipient ID
5920_-NONE-_60447_45.024_1,ASST_AGG_60447_417,,1,60447,SAI EXEMPT,0.00,25000.00,,,0.00,0.00,0.00,0.00,0.00,0.00,0.00,,,,,,2022-01-24,2022,2022-05-01,2023-10-31,417,National Endowment for the Arts,5920,National Endowment for the Arts,593105,NATIONAL ENDOWMENT FOR THE ARTS,417,National Endowment for the Arts,5920,National Endowment for the Arts,593105,NATIONAL ENDOWMENT FOR THE ARTS,,,,,,,MULTIPLE RECIPIENTS,MULTIPLE RECIPIENTS,,,,,USA,UNITED STATES,,,,,36051,LIVINGSTON,36,NY,NEW YORK,,,NY-27,NY-24,,,,COUNTY-WIDE,USA,UNITED STATES,NY**051,,36051,LIVINGSTON,36,NEW YORK,,NY-27,NY-24,,45.024,PROMOTION OF THE ARTS GRANTS TO ORGANIZATIONS AND INDIVIDUALS,,,04,PROJECT GRANT (B),,,,,PURPOSE: TO SUPPORT A CREATIVE WRITING FELLOWSHIP,PURPOSE: TO SUPPORT A CREATIVE WRITING FELLOWSHIP,NON,NOT RECOVERY ACT,P,INDIVIDUAL,,,A1,New Award,1,AGGREGATE RECORD,,,,,,,,,,,https://www.usaspending.gov/award/ASST_AGG_60447_417/,2023-03-21 15:38:11.939902+00,2023-03-21 15:38:11.939902+00,recipient county outside NYC; no named recipient ID
5920_-NONE-_60449_45.024_-NONE-,ASST_AGG_60449_417,,,60449,SAI EXEMPT,25000.00,25000.00,,,0.00,0.00,0.00,0.00,0.00,0.00,25000.00,,,,,,2022-01-24,2022,2022-02-01,2023-01-31,417,National Endowment for the Arts,5920,National Endowment for the Arts,593105,NATIONAL ENDOWMENT FOR THE ARTS,417,National Endowment for the Arts,5920,National Endowment for the Arts,593105,NATIONAL ENDOWMENT FOR THE ARTS,,,,,,,MULTIPLE RECIPIENTS,MULTIPLE RECIPIENTS,,,,,USA,UNITED STATES,,,,,36021,COLUMBIA,36,NY,NEW YORK,,,NY-19,NY-19,,,,COUNTY-WIDE,USA,UNITED STATES,NY**021,,36021,COLUMBIA,36,NEW YORK,,NY-19,NY-19,,45.024,PROMOTION OF THE ARTS GRANTS TO ORGANIZATIONS AND INDIVIDUALS,,,04,PROJECT GRANT (B),,,,,PURPOSE: TO SUPPORT A CREATIVE WRITING FELLOWSHIP,PURPOSE: TO SUPPORT A CREATIVE WRITING FELLOWSHIP,NON,NOT RECOVERY ACT,P,INDIVIDUAL,,,A1,New Award,1,AGGREGATE RECORD,,,,,,,,,,,https://www.usaspending.gov/award/ASST_AGG_60449_417/,2022-01-25 14:06:08.604662+00,2022-01-25 14:06:08.604662+00,recipient county outside NYC; no named recipient ID
5920_-NONE-_60456_45.024_-NONE-,ASST_AGG_60456_417,,,60456,SAI EXEMPT,25000.00,25000.00,,,0.00,0.00,0.00,0.00,0.00,0.00,25000.00,,,,,,2022-02-03,2022,2022-01-01,2023-01-31,417,National Endowment for the Arts,5920,National Endowment for the Arts,593105,NATIONAL ENDOWMENT FOR THE ARTS,417,National Endowment for the Arts,5920,National Endowment for the Arts,593105,NATIONAL ENDOWMENT FOR THE ARTS,,,,,,,MULTIPLE RECIPIENTS,MULTIPLE RECIPIENTS,,,,,USA,UNITED STATES,,,,,36025,DELAWARE,36,NY,NEW YORK,,,NY-08,NY-19,,,,COUNTY-WIDE,USA,UNITED STATES,NY**025,,36025,DELAWARE,36,NEW YORK,,NY-08,NY-19,,45.024,PROMOTION OF THE ARTS GRANTS TO ORGANIZATIONS AND INDIVIDUALS,,,04,PROJECT GRANT (B),,,,,PURPOSE: TO SUPPORT A CREATIVE WRITING FELLOWSHIP.,PURPOSE: TO SUPPORT A CREATIVE WRITING FELLOWSHIP.,NON,NOT RECOVERY ACT,P,INDIVIDUAL,,,A1,New Award,1,AGGREGATE RECORD,,,,,,,,,,,https://www.usaspending.gov/award/ASST_AGG_60456_417/,2022-02-11 17:39:51.529096+00,2022-02-11 17:39:51.529096+00,recipient county outside NYC; no named recipient ID
5920_-NONE-_63355_45.024_-NONE-,ASST_AGG_63355_417,,,63355,SAI EXEMPT,25000.00,25000.00,,0.00,0.00,0.00,0.00,0.00,0.00,0.00,25000.00,,,,,,2022-07-06,2022,2022-04-01,2023-12-31,417,National Endowment for the Arts,5920,National Endowment for the Arts,593105,NATIONAL ENDOWMENT FOR THE ARTS,417,National Endowment for the Arts,5920,National Endowment for the Arts,593105,NATIONAL ENDOWMENT FOR THE ARTS,,,,,,,MULTIPLE RECIPIENTS,MULTIPLE RECIPIENTS,,,,,USA,UNITED STATES,,,,,,,36,NY,NEW YORK,,,NY-16,,,,,STATE-WIDE,USA,UNITED STATES,NY*****,,,,36,NEW YORK,,NY-16,,,45.024,PROMOTION OF THE ARTS GRANTS TO ORGANIZATIONS AND INDIVIDUALS,,,04,PROJECT GRANT (B),,,,,PURPOSE: TO SUPPORT AN NEA JAZZ MASTERS FELLOWSHIP FOR DRUMMER AND BANDLEADER LOUIS HAYES.,PURPOSE: TO SUPPORT AN NEA JAZZ MASTERS FELLOWSHIP FOR DRUMMER AND BANDLEADER LOUIS HAYES.,NON,NOT RECOVERY ACT,P,INDIVIDUAL,,,A1,New Award,1,AGGREGATE RECORD,,,,,,,,,,,https://www.usaspending.gov/award/ASST_AGG_63355_417/,2022-07-26 18:58:46.518912+00,2022-07-26 18:58:46.518912+00,recipient county outside NYC; no named recipient ID
5920_-NONE-_63356_45.024_-NONE-,ASST_AGG_63356_417,,,63356,SAI EXEMPT,25000.00,25000.00,,0.00,0.00,0.00,0.00,0.00,0.00,0.00,25000.00,,,,,,2022-07-06,2022,2022-04-01,2023-12-31,417,National Endowment for the Arts,5920,National Endowment for the Arts,593105,NATIONAL ENDOWMENT FOR THE ARTS,417,National Endowment for the Arts,5920,National Endowment for the Arts,593105,NATIONAL ENDOWMENT FOR THE ARTS,,,,,,,MULTIPLE RECIPIENTS,MULTIPLE RECIPIENTS,,,,,USA,UNITED STATES,,,,,,,36,NY,NEW YORK,,,NY-10,,,,,STATE-WIDE,USA,UNITED STATES,NY*****,,,,36,NEW YORK,,NY-10,,,45.024,PROMOTION OF THE ARTS GRANTS TO ORGANIZATIONS AND INDIVIDUALS,,,04,PROJECT GRANT (B),,,,,PURPOSE: TO SUPPORT AN NEA JAZZ MASTERS FELLOWSHIP FOR JAZZ ADVOCATE SUE MINGUS.,PURPOSE: TO SUPPORT AN NEA JAZZ MASTERS FELLOWSHIP FOR JAZZ ADVOCATE SUE MINGUS.,NON,NOT RECOVERY ACT,P,INDIVIDUAL,,,A1,New Award,1,AGGREGATE RECORD,,,,,,,,,,,https://www.usaspending.gov/award/ASST_AGG_63356_417/,2022-07-26 18:58:46.518912+00,2022-07-26 18:58:46.518912+00,recipient county outside NYC; no named recipient ID
5920_-NONE-_63662_45.024_-NONE-,ASST_AGG_63662_417,,,63662,SAI EXEMPT,25000.00,25000.00,,0.00,0.00,0.00,0.00,0.00,0.00,0.00,25000.00,,,,,,2023-02-07,2023,2023-01-01,2024-12-31,417,National Endowment for the Arts,5920,National Endowment for the Arts,593105,NATIONAL ENDOWMENT FOR THE ARTS,417,National Endowment for the Arts,5920,National Endowment for the Arts,593105,NATIONAL ENDOWMENT FOR THE ARTS,,,,,,,MULTIPLE RECIPIENTS,MULTIPLE RECIPIENTS,,,,,USA,UNITED STATES,,,,,36025,DELAWARE,36,NY,NEW YORK,,,NY-09,NY-19,,,,COUNTY-WIDE,USA,UNITED STATES,NY**025,,36025,DELAWARE,36,NEW YORK,,NY-09,NY-19,,45.024,PROMOTION OF THE ARTS GRANTS TO ORGANIZATIONS AND INDIVIDUALS,,0,04,PROJECT GRANT (B),,,,,PURPOSE: TO SUPPORT A CREATIVE WRITING FELLOWSHIP,PURPOSE: TO SUPPORT A CREATIVE WRITING FELLOWSHIP,NON,NOT RECOVERY ACT,P,INDIVIDUAL,,,A1,New Award,1,AGGREGATE RECORD,,,,,,,,,,,https://www.usaspending.gov/award/ASST_AGG_63662_417/,2023-02-22 20:21:53.723553+00,2023-02-22 20:21:53.723553+00,recipient county outside NYC; no named recipient ID
5920_-NONE-_63664_45.024_-NONE-,ASST_AGG_63664_417,,,63664,SAI EXEMPT,25000.00,25000.00,,0.00,0.00,0.00,0.00,0.00,0.00,0.00,25000.00,,,,,,2023-02-15,2023,2023-01-01,2024-08-31,417,National Endowment for the Arts,5920,National Endowment for the Arts,593105,NATIONAL ENDOWMENT FOR THE ARTS,417,National Endowment for the Arts,5920,National Endowment for the Arts,593105,NATIONAL ENDOWMENT FOR THE ARTS,,,,,,,MULTIPLE RECIPIENTS,MULTIPLE RECIPIENTS,,,,,USA,UNITED STATES,,,,,36089,ST. LAWRENCE,36,NY,NEW YORK,,,NY-21,NY-21,,,,COUNTY-WIDE,USA,UNITED STATES,NY**089,,36089,ST. LAWRENCE,36,NEW YORK,,NY-21,NY-21,,45.024,PROMOTION OF THE ARTS GRANTS TO ORGANIZATIONS AND INDIVIDUALS,,,04,PROJECT GRANT (B),,,,,PURPOSE: TO SUPPORT A CREATIVE WRITING FELLOWSHIP.,PURPOSE: TO SUPPORT A CREATIVE WRITING FELLOWSHIP.,NON,NOT RECOVERY ACT,P,INDIVIDUAL,,,A1,New Award,1,AGGREGATE RECORD,,,,,,,,,,,https://www.usaspending.gov/award/ASST_AGG_63664_417/,2023-02-22 20:21:53.723553+00,2023-02-22 20:21:53.723553+00,recipient county outside NYC; no named recipient ID
5920_-NONE-_63666_45.024_-NONE-,ASST_AGG_63666_417,,,63666,SAI EXEMPT,25000.00,25000.00,,0.00,0.00,0.00,0.00,0.00,0.00,0.00,25000.00,,,,,,2023-02-15,2023,2023-01-01,2023-12-31,417,National Endowment for the Arts,5920,National Endowment for the Arts,593105,NATIONAL ENDOWMENT FOR THE ARTS,417,National Endowment for the Arts,5920,National Endowment for the Arts,593105,NATIONAL ENDOWMENT FOR THE ARTS,,,,,,,MULTIPLE RECIPIENTS,MULTIPLE RECIPIENTS,,,,,USA,UNITED STATES,,,,,36111,ULSTER,36,NY,NEW YORK,,,NY-18,NY-90,,,,COUNTY-WIDE,USA,UNITED STATES,NY**111,,36111,ULSTER,36,NEW YORK,,NY-18,NY-90,,45.024,PROMOTION OF THE ARTS GRANTS TO ORGANIZATIONS AND INDIVIDUALS,,,04,PROJECT GRANT (B),,,,,PURPOSE: TO SUPPORT A CREATIVE WRITING FELLOWSHIP.,PURPOSE: TO SUPPORT A CREATIVE WRITING FELLOWSHIP.,NON,NOT RECOVERY ACT,P,INDIVIDUAL,,,A1,New Award,1,AGGREGATE RECORD,,,,,,,,,,,https://www.usaspending.gov/award/ASST_AGG_63666_417/,2023-02-22 20:21:53.723553+00,2023-02-22 20:21:53.723553+00,recipient county outside NYC; no named recipient ID
5920_-NONE-_63670_45.024_-NONE-,ASST_AGG_63670_417,,,63670,SAI EXEMPT,25000.00,25000.00,,0.00,0.00,0.00,0.00,0.00,0.00,0.00,25000.00,,,,,,2023-02-15,2023,2023-01-01,2023-12-31,417,National Endowment for the Arts,5920,National Endowment for the Arts,593105,NATIONAL ENDOWMENT FOR THE ARTS,417,National Endowment for the Arts,5920,National Endowment for the Arts,593105,NATIONAL ENDOWMENT FOR THE ARTS,,,,,,,MULTIPLE RECIPIENTS,MULTIPLE RECIPIENTS,,,,,USA,UNITED STATES,,,,,36025,DELAWARE,36,NY,NEW YORK,,,NY-08,NY-19,,,,COUNTY-WIDE,USA,UNITED STATES,NY**025,,36025,DELAWARE,36,NEW YORK,,NY-08,NY-19,,45.024,PROMOTION OF THE ARTS GRANTS TO ORGANIZATIONS AND INDIVIDUALS,,,04,PROJECT GRANT (B),,,,,PURPOSE: TO SUPPORT A CREATIVE WRITING FELLOWSHIP.,PURPOSE: TO SUPPORT A CREATIVE WRITING FELLOWSHIP.,NON,NOT RECOVERY ACT,P,INDIVIDUAL,,,A1,New Award,1,AGGREGATE RECORD,,,,,,,,,,,https://www.usaspending.gov/award/ASST_AGG_63670_417/,2023-02-22 20:21:53.723553+00,2023-02-22 20:21:53.723553+00,recipient county outside NYC; no named recipient ID
5920_-NONE-_63670_45.024_1,ASST_AGG_63670_417,,1,63670,SAI EXEMPT,0.00,25000.00,,0.00,0.00,0.00,0.00,0.00,0.00,0.00,0.00,,,,,,2023-02-15,2023,2023-01-01,2025-02-28,417,National Endowment for the Arts,5920,National Endowment for the Arts,593105,NATIONAL ENDOWMENT FOR THE ARTS,417,National Endowment for the Arts,5920,National Endowment for the Arts,593105,NATIONAL ENDOWMENT FOR THE ARTS,,,,,,,MULTIPLE RECIPIENTS,MULTIPLE RECIPIENTS,,,,,USA,UNITED STATES,,,,,36025,DELAWARE,36,NY,NEW YORK,,,NY-08,NY-19,,,,COUNTY-WIDE,USA,UNITED STATES,NY**025,,36025,DELAWARE,36,NEW YORK,,NY-08,NY-19,,45.024,PROMOTION OF THE ARTS GRANTS TO ORGANIZATIONS AND INDIVIDUALS,2022NEA03LFCW,,04,PROJECT GRANT (B),,,,,PURPOSE: TO SUPPORT A CREATIVE WRITING FELLOWSHIP.,PURPOSE: TO SUPPORT A CREATIVE WRITING FELLOWSHIP.,NON,NOT RECOVERY ACT,P,INDIVIDUAL,,,A1,New Award,1,AGGREGATE RECORD,,,,,,,,,,,https://www.usaspending.gov/award/ASST_AGG_63670_417/,2024-02-20 18:54:14.210182+00,2024-02-20 18:54:14.210182+00,recipient county outside NYC; no named recipient ID
5920_-NONE-_63673_45.024_-NONE-,ASST_AGG_63673_417,,,63673,SAI EXEMPT,25000.00,25000.00,,0.00,0.00,0.00,0.00,0.00,0.00,0.00,25000.00,,,,,,2023-02-15,2023,2023-01-01,2024-01-31,417,National Endowment for the Arts,5920,National Endowment for the Arts,593105,NATIONAL ENDOWMENT FOR THE ARTS,417,National Endowment for the Arts,5920,National Endowment for the Arts,593105,NATIONAL ENDOWMENT FOR THE ARTS,,,,,,,MULTIPLE RECIPIENTS,MULTIPLE RECIPIENTS,,,,,USA,UNITED STATES,,,,,36025,DELAWARE,36,NY,NEW YORK,,,NY-09,NY-19,,,,COUNTY-WIDE,USA,UNITED STATES,NY**025,,36025,DELAWARE,36,NEW YORK,,NY-09,NY-19,,45.024,PROMOTION OF THE ARTS GRANTS TO ORGANIZATIONS AND INDIVIDUALS,,,04,PROJECT GRANT (B),,,,,PURPOSE: TO SUPPORT A CREATIVE WRITING FELLOWSHIP.,PURPOSE: TO SUPPORT A CREATIVE WRITING FELLOWSHIP.,NON,NOT RECOVERY ACT,P,INDIVIDUAL,,,A1,New Award,1,AGGREGATE RECORD,,,,,,,,,,,https://www.usaspending.gov/award/ASST_AGG_63673_417/,2023-02-22 20:21:53.723553+00,2023-02-22 20:21:53.723553+00,recipient county outside NYC; no named recipient ID
5920_-NONE-_63677_45.024_-NONE-,ASST_AGG_63677_417,,,63677,SAI EXEMPT,25000.00,25000.00,,0.00,0.00,0.00,0.00,0.00,0.00,0.00,25000.00,,,,,,2023-02-13,2023,2023-01-01,2024-01-31,417,National Endowment for the Arts,5920,National Endowment for the Arts,593105,NATIONAL ENDOWMENT FOR THE ARTS,417,National Endowment for the Arts,5920,National Endowment for the Arts,593105,NATIONAL ENDOWMENT FOR THE ARTS,,,,,,,MULTIPLE RECIPIENTS,MULTIPLE RECIPIENTS,,,,,USA,UNITED STATES,,,,,36025,DELAWARE,36,NY,NEW YORK,,,NY-08,NY-19,,,,COUNTY-WIDE,USA,UNITED STATES,NY**025,,36025,DELAWARE,36,NEW YORK,,NY-08,NY-19,,45.024,PROMOTION OF THE ARTS GRANTS TO ORGANIZATIONS AND INDIVIDUALS,,,04,PROJECT GRANT (B),,,,,PURPOSE: TO SUPPORT A CREATIVE WRITING FELLOWSHIP.,PURPOSE: TO SUPPORT A CREATIVE WRITING FELLOWSHIP.,NON,NOT RECOVERY ACT,P,INDIVIDUAL,,,A1,New Award,1,AGGREGATE RECORD,,,,,,,,,,,https://www.usaspending.gov/award/ASST_AGG_63677_417/,2023-02-22 20:21:53.723553+00,2023-02-22 20:21:53.723553+00,recipient county outside NYC; no named recipient ID
5920_-NONE-_63684_45.024_-NONE-,ASST_AGG_63684_417,,,63684,SAI EXEMPT,25000.00,25000.00,,0.00,0.00,0.00,0.00,0.00,0.00,0.00,25000.00,,,,,,2023-02-13,2023,2023-05-01,2024-04-30,417,National Endowment for the Arts,5920,National Endowment for the Arts,593105,NATIONAL ENDOWMENT FOR THE ARTS,417,National Endowment for the Arts,5920,National Endowment for the Arts,593105,NATIONAL ENDOWMENT FOR THE ARTS,,,,,,,MULTIPLE RECIPIENTS,MULTIPLE RECIPIENTS,,,,,USA,UNITED STATES,,,,,36011,CAYUGA,36,NY,NEW YORK,,,NY-24,NY-90,,,,COUNTY-WIDE,USA,UNITED STATES,NY**011,,36011,CAYUGA,36,NEW YORK,,NY-24,NY-90,,45.024,PROMOTION OF THE ARTS GRANTS TO ORGANIZATIONS AND INDIVIDUALS,,,04,PROJECT GRANT (B),,,,,PURPOSE: TO SUPPORT A CREATIVE WRITING FELLOWSHIP.,PURPOSE: TO SUPPORT A CREATIVE WRITING FELLOWSHIP.,NON,NOT RECOVERY ACT,P,INDIVIDUAL,,,A1,New Award,1,AGGREGATE RECORD,,,,,,,,,,,https://www.usaspending.gov/award/ASST_AGG_63684_417/,2023-02-22 20:21:53.723553+00,2023-02-22 20:21:53.723553+00,recipient county outside NYC; no named recipient ID
5920_-NONE-_63684_45.024_1,ASST_AGG_63684_417,,1,63684,SAI EXEMPT,0.00,25000.00,,0.00,0.00,0.00,0.00,0.00,0.00,0.00,0.00,,,,,,2023-02-13,2023,2023-05-01,2024-08-31,417,National Endowment for the Arts,5920,National Endowment for the Arts,593105,NATIONAL ENDOWMENT FOR THE ARTS,417,National Endowment for the Arts,5920,National Endowment for the Arts,593105,NATIONAL ENDOWMENT FOR THE ARTS,,,,,,,MULTIPLE RECIPIENTS,MULTIPLE RECIPIENTS,,,,,USA,UNITED STATES,,,,,36011,CAYUGA,36,NY,NEW YORK,,,NY-24,NY-90,,,,COUNTY-WIDE,USA,UNITED STATES,NY**011,,36011,CAYUGA,36,NEW YORK,,NY-24,NY-90,,45.024,PROMOTION OF THE ARTS GRANTS TO ORGANIZATIONS AND INDIVIDUALS,2022NEA03LFCW,,04,PROJECT GRANT (B),,,,,PURPOSE: TO SUPPORT A CREATIVE WRITING FELLOWSHIP.,PURPOSE: TO SUPPORT A CREATIVE WRITING FELLOWSHIP.,NON,NOT RECOVERY ACT,P,INDIVIDUAL,,,A1,New Award,1,AGGREGATE RECORD,,,,,,,,,,,https://www.usaspending.gov/award/ASST_AGG_63684_417/,2024-07-30 17:42:58.180365+00,2024-07-30 17:42:58.180365+00,recipient county outside NYC; no named recipient ID
5920_-NONE-_63685_45.024_-NONE-,ASST_AGG_63685_417,,,63685,SAI EXEMPT,25000.00,25000.00,,0.00,0.00,0.00,0.00,0.00,0.00,0.00,25000.00,,,,,,2023-02-07,2023,2023-01-01,2024-06-30,417,National Endowment for the Arts,5920,National Endowment for the Arts,593105,NATIONAL ENDOWMENT FOR THE ARTS,417,National Endowment for the Arts,5920,National Endowment for the Arts,593105,NATIONAL ENDOWMENT FOR THE ARTS,,,,,,,MULTIPLE RECIPIENTS,MULTIPLE RECIPIENTS,,,,,USA,UNITED STATES,,,,,36025,DELAWARE,36,NY,NEW YORK,,,NY-13,NY-19,,,,COUNTY-WIDE,USA,UNITED STATES,NY**025,,36025,DELAWARE,36,NEW YORK,,NY-13,NY-19,,45.024,PROMOTION OF THE ARTS GRANTS TO ORGANIZATIONS AND INDIVIDUALS,,0,04,PROJECT GRANT (B),,,,,PURPOSE: TO SUPPORT A CREATIVE WRITING FELLOWSHIP,PURPOSE: TO SUPPORT A CREATIVE WRITING FELLOWSHIP,NON,NOT RECOVERY ACT,P,INDIVIDUAL,,,A1,New Award,1,AGGREGATE RECORD,,,,,,,,,,,https://www.usaspending.gov/award/ASST_AGG_63685_417/,2023-02-22 20:21:53.723553+00,2023-02-22 20:21:53.723553+00,recipient county outside NYC; no named recipient ID
5920_-NONE-_63800_45.024_-NONE-,ASST_AGG_63800_417,,,63800,SAI EXEMPT,20000.00,20000.00,,0.00,0.00,0.00,0.00,0.00,0.00,0.00,20000.00,,,,,,2023-02-21,2023,2023-01-01,2023-12-31,417,National Endowment for the Arts,5920,National Endowment for the Arts,593105,NATIONAL ENDOWMENT FOR THE ARTS,417,National Endowment for the Arts,5920,National Endowment for the Arts,593105,NATIONAL ENDOWMENT FOR THE ARTS,,,,,,,MULTIPLE RECIPIENTS,MULTIPLE RECIPIENTS,,,,,USA,UNITED STATES,,,,,36025,DELAWARE,36,NY,NEW YORK,,,NY-09,NY-19,,,,COUNTY-WIDE,USA,UNITED STATES,NY**025,,36025,DELAWARE,36,NEW YORK,,NY-09,NY-19,,45.024,PROMOTION OF THE ARTS GRANTS TO ORGANIZATIONS AND INDIVIDUALS,,,04,PROJECT GRANT (B),,,,,PURPOSE: TO SUPPORT THE TRANSLATION FROM THE FRENCH OF THE NOVEL ONE-WORLD BY MARTINICAN POET ÉDOUARD GLISSANT,PURPOSE: TO SUPPORT THE TRANSLATION FROM THE FRENCH OF THE NOVEL ONE-WORLD BY MARTINICAN POET ÉDOUARD GLISSANT,NON,NOT RECOVERY ACT,P,INDIVIDUAL,,,A1,New Award,1,AGGREGATE RECORD,,,,,,,,,,,https://www.usaspending.gov/award/ASST_AGG_63800_417/,2023-02-22 20:21:53.723553+00,2023-02-22 20:21:53.723553+00,recipient county outside NYC; no named recipient ID
5920_-NONE-_63802_45.024_-NONE-,ASST_AGG_63802_417,,,63802,SAI EXEMPT,10000.00,10000.00,,0.00,0.00,0.00,0.00,0.00,0.00,0.00,10000.00,,,,,,2023-02-21,2023,2023-05-01,2023-12-31,417,National Endowment for the Arts,5920,National Endowment for the Arts,593105,NATIONAL ENDOWMENT FOR THE ARTS,417,National Endowment for the Arts,5920,National Endowment for the Arts,593105,NATIONAL ENDOWMENT FOR THE ARTS,,,,,,,MULTIPLE RECIPIENTS,MULTIPLE RECIPIENTS,,,,,USA,UNITED STATES,,,,,36061,NEW YORK,36,NY,NEW YORK,,,NY-10,NY-90,,,,COUNTY-WIDE,USA,UNITED STATES,NY**061,,36061,NEW YORK,36,NEW YORK,,NY-10,NY-90,,45.024,PROMOTION OF THE ARTS GRANTS TO ORGANIZATIONS AND INDIVIDUALS,,,04,PROJECT GRANT (B),,,,,PURPOSE: TO SUPPORT THE TRANSLATION FROM THE FRENCH OF THE NOVEL POPA SINGER BY HAITIAN AUTHOR RENÉ DEPESTRE,PURPOSE: TO SUPPORT THE TRANSLATION FROM THE FRENCH OF THE NOVEL POPA SINGER BY HAITIAN AUTHOR RENÉ DEPESTRE,NON,NOT RECOVERY ACT,P,INDIVIDUAL,,,A1,New Award,1,AGGREGATE RECORD,,,,,,,,,,,https://www.usaspending.gov/award/ASST_AGG_63802_417/,2023-02-22 20:21:53.723553+00,2023-02-22 20:21:53.723553+00,no named recipient ID
5920_-NONE-_63809_45.024_-NONE-,ASST_AGG_63809_417,,,63809,SAI EXEMPT,10000.00,10000.00,,0.00,0.00,0.00,0.00,0.00,0.00,0.00,10000.00,,,,,,2023-02-21,2023,2023-01-01,2024-12-31,417,National Endowment for the Arts,5920,National Endowment for the Arts,593105,NATIONAL ENDOWMENT FOR THE ARTS,417,National Endowment for the Arts,5920,National Endowment for the Arts,593105,NATIONAL ENDOWMENT FOR THE ARTS,,,,,,,MULTIPLE RECIPIENTS,MULTIPLE RECIPIENTS,,,,,USA,UNITED STATES,,,,,36061,NEW YORK,36,NY,NEW YORK,,,NY-10,NY-90,,,,COUNTY-WIDE,USA,UNITED STATES,NY**061,,36061,NEW YORK,36,NEW YORK,,NY-10,NY-90,,45.024,PROMOTION OF THE ARTS GRANTS TO ORGANIZATIONS AND INDIVIDUALS,,,04,PROJECT GRANT (B),,,,,PURPOSE: TO SUPPORT THE TRANSLATION FROM THE RUSSIAN OF THE NOVEL PENELOPE BY ARMENIAN WRITER GOAR MARKOSIAN-KASPER,PURPOSE: TO SUPPORT THE TRANSLATION FROM THE RUSSIAN OF THE NOVEL PENELOPE BY ARMENIAN WRITER GOAR MARKOSIAN-KASPER,NON,NOT RECOVERY ACT,P,INDIVIDUAL,,,A1,New Award,1,AGGREGATE RECORD,,,,,,,,,,,https://www.usaspending.gov/award/ASST_AGG_63809_417/,2023-02-22 20:21:53.723553+00,2023-02-22 20:21:53.723553+00,no named recipient ID
5920_-NONE-_63811_45.024_-NONE-,ASST_AGG_63811_417,,,63811,SAI EXEMPT,10000.00,10000.00,,0.00,0.00,0.00,0.00,0.00,0.00,0.00,10000.00,,,,,,2023-02-21,2023,2023-01-01,2024-03-31,417,National Endowment for the Arts,5920,National Endowment for the Arts,593105,NATIONAL ENDOWMENT FOR THE ARTS,417,National Endowment for the Arts,5920,National Endowment for the Arts,593105,NATIONAL ENDOWMENT FOR THE ARTS,,,,,,,MULTIPLE RECIPIENTS,MULTIPLE RECIPIENTS,,,,,USA,UNITED STATES,,,,,36061,NEW YORK,36,NY,NEW YORK,,,NY-12,NY-90,,,,COUNTY-WIDE,USA,UNITED STATES,NY**061,,36061,NEW YORK,36,NEW YORK,,NY-12,NY-90,,45.024,PROMOTION OF THE ARTS GRANTS TO ORGANIZATIONS AND INDIVIDUALS,,,04,PROJECT GRANT (B),,,,,PURPOSE: TO SUPPORT THE TRANSLATION FROM THE FRENCH OF MY PORT OF BEIRUT AND MY GREAT ARAB MELANCHOLY BY LEBANESE AUTHOR AND ILLUSTRATOR LAMIA ZIADÉ,PURPOSE: TO SUPPORT THE TRANSLATION FROM THE FRENCH OF MY PORT OF BEIRUT AND MY GREAT ARAB MELANCHOLY BY LEBANESE AUTHOR AND ILLUSTRATOR LAMIA ZIADÉ,NON,NOT RECOVERY ACT,P,INDIVIDUAL,,,A1,New Award,1,AGGREGATE RECORD,,,,,,,,,,,https://www.usaspending.gov/award/ASST_AGG_63811_417/,2023-02-22 20:21:53.723553+00,2023-02-22 20:21:53.723553+00,no named recipient ID
5920_-NONE-_63813_45.024_-NONE-,ASST_AGG_63813_417,,,63813,SAI EXEMPT,15000.00,15000.00,,0.00,0.00,0.00,0.00,0.00,0.00,0.00,15000.00,,,,,,2023-02-21,2023,2023-01-01,2023-12-31,417,National Endowment for the Arts,5920,National Endowment for the Arts,593105,NATIONAL ENDOWMENT FOR THE ARTS,417,National Endowment for the Arts,5920,National Endowment for the Arts,593105,NATIONAL ENDOWMENT FOR THE ARTS,,,,,,,MULTIPLE RECIPIENTS,MULTIPLE RECIPIENTS,,,,,USA,UNITED STATES,,,,,36025,DELAWARE,36,NY,NEW YORK,,,NY-11,NY-19,,,,COUNTY-WIDE,USA,UNITED STATES,NY**025,,36025,DELAWARE,36,NEW YORK,,NY-11,NY-19,,45.024,PROMOTION OF THE ARTS GRANTS TO ORGANIZATIONS AND INDIVIDUALS,,,04,PROJECT GRANT (B),,,,,PURPOSE: TO SUPPORT THE TRANSLATION FROM THE UKRAINIAN OF POETRY BY YURI ANDRUKHOVYCH,PURPOSE: TO SUPPORT THE TRANSLATION FROM THE UKRAINIAN OF POETRY BY YURI ANDRUKHOVYCH,NON,NOT RECOVERY ACT,P,INDIVIDUAL,,,A1,New Award,1,AGGREGATE RECORD,,,,,,,,,,,https://www.usaspending.gov/award/ASST_AGG_63813_417/,2023-02-22 20:21:53.723553+00,2023-02-22 20:21:53.723553+00,recipient county outside NYC; no named recipient ID
5920_-NONE-_63815_45.024_-NONE-,ASST_AGG_63815_417,,,63815,SAI EXEMPT,15000.00,15000.00,,0.00,0.00,0.00,0.00,0.00,0.00,0.00,15000.00,,,,,,2023-02-21,2023,2023-01-01,2023-12-31,417,National Endowment for the Arts,5920,National Endowment for the Arts,593105,NATIONAL ENDOWMENT FOR THE ARTS,417,National Endowment for the Arts,5920,National Endowment for the Arts,593105,NATIONAL ENDOWMENT FOR THE ARTS,,,,,,,MULTIPLE RECIPIENTS,MULTIPLE RECIPIENTS,,,,,USA,UNITED STATES,,,,,36025,DELAWARE,36,NY,NEW YORK,,,NY-18,NY-19,,,,COUNTY-WIDE,USA,UNITED STATES,NY**025,,36025,DELAWARE,36,NEW YORK,,NY-18,NY-19,,45.024,PROMOTION OF THE ARTS GRANTS TO ORGANIZATIONS AND INDIVIDUALS,,,04,PROJECT GRANT (B),,,,,PURPOSE: TO SUPPORT THE TRANSLATION FROM THE SPANISH OF THE POETRY COLLECTION POESÍA FANTÁSTICA BY SPANISH POET JUAN ANDRÉS GARCÍA RAMÓN,PURPOSE: TO SUPPORT THE TRANSLATION FROM THE SPANISH OF THE POETRY COLLECTION POESÍA FANTÁSTICA BY SPANISH POET JUAN ANDRÉS GARCÍA RAMÓN,NON,NOT RECOVERY ACT,P,INDIVIDUAL,,,A1,New Award,1,AGGREGATE RECORD,,,,,,,,,,,https://www.usaspending.gov/award/ASST_AGG_63815_417/,2023-02-22 20:21:53.723553+00,2023-02-22 20:21:53.723553+00,recipient county outside NYC; no named recipient ID
5920_-NONE-_63817_45.024_-NONE-,ASST_AGG_63817_417,,,63817,SAI EXEMPT,20000.00,20000.00,,0.00,0.00,0.00,0.00,0.00,0.00,0.00,20000.00,,,,,,2023-02-21,2023,2023-01-01,2023-12-31,417,National Endowment for the Arts,5920,National Endowment for the Arts,593105,NATIONAL ENDOWMENT FOR THE ARTS,417,National Endowment for the Arts,5920,National Endowment for the Arts,593105,NATIONAL ENDOWMENT FOR THE ARTS,,,,,,,MULTIPLE RECIPIENTS,MULTIPLE RECIPIENTS,,,,,USA,UNITED STATES,,,,,36103,SUFFOLK,36,NY,NEW YORK,,,NY-01,NY-90,,,,COUNTY-WIDE,USA,UNITED STATES,NY**103,,36103,SUFFOLK,36,NEW YORK,,NY-01,NY-90,,45.024,PROMOTION OF THE ARTS GRANTS TO ORGANIZATIONS AND INDIVIDUALS,,,04,PROJECT GRANT (B),,,,,PURPOSE: TO SUPPORT THE TRANSLATION FROM THE SPANISH OF THE POETRY COLLECTION VIA CORPORIS BY MEXICAN POET PURA LÓPEZ-COLOMÉ,PURPOSE: TO SUPPORT THE TRANSLATION FROM THE SPANISH OF THE POETRY COLLECTION VIA CORPORIS BY MEXICAN POET PURA LÓPEZ-COLOMÉ,NON,NOT RECOVERY ACT,P,INDIVIDUAL,,,A1,New Award,1,AGGREGATE RECORD,,,,,,,,,,,https://www.usaspending.gov/award/ASST_AGG_63817_417/,2023-02-22 20:21:53.723553+00,2023-02-22 20:21:53.723553+00,recipient county outside NYC; no named recipient ID
5920_-NONE-_64945_45.024_-NONE-,ASST_AGG_64945_417,,,64945,SAI EXEMPT,25000.00,25000.00,,0.00,0.00,0.00,0.00,0.00,0.00,0.00,25000.00,,,,,,2023-02-07,2023,2022-12-01,2023-12-31,417,National Endowment for the Arts,5920,National Endowment for the Arts,593105,NATIONAL ENDOWMENT FOR THE ARTS,417,National Endowment for the Arts,5920,National Endowment for the Arts,593105,NATIONAL ENDOWMENT FOR THE ARTS,,,,,,,MULTIPLE RECIPIENTS,MULTIPLE RECIPIENTS,,,,,USA,UNITED STATES,,,,,36061,NEW YORK,36,NY,NEW YORK,,,NY-13,NY-90,,,,COUNTY-WIDE,USA,UNITED STATES,NY**061,,36061,NEW YORK,36,NEW YORK,,NY-13,NY-90,,45.024,PROMOTION OF THE ARTS GRANTS TO ORGANIZATIONS AND INDIVIDUALS,,,04,PROJECT GRANT (B),,,,,PURPOSE: TO SUPPORT AN NEA NATIONAL HERITAGE FELLOWSHIP FOR MICHAEL A. CUMMINGS  AN AFRICAN AMERICAN QUILTER.,PURPOSE: TO SUPPORT AN NEA NATIONAL HERITAGE FELLOWSHIP FOR MICHAEL A. CUMMINGS  AN AFRICAN AMERICAN QUILTER.,NON,NOT RECOVERY ACT,P,INDIVIDUAL,,,A1,New Award,1,AGGREGATE RECORD,,,,,,,,,,,https://www.usaspending.gov/award/ASST_AGG_64945_417/,2023-02-22 20:21:53.723553+00,2023-02-22 20:21:53.723553+00,no named recipient ID
5920_-NONE-_66051_45.024_-NONE-,ASST_AGG_66051_417,,,66051,SAI EXEMPT,25000.00,25000.00,,0.00,0.00,0.00,0.00,0.00,0.00,0.00,25000.00,,,,,,2023-06-15,2023,2023-04-01,2024-12-31,417,National Endowment for the Arts,5920,National Endowment for the Arts,593105,NATIONAL ENDOWMENT FOR THE ARTS,417,National Endowment for the Arts,5920,National Endowment for the Arts,593105,NATIONAL ENDOWMENT FOR THE ARTS,,,,,,,MULTIPLE RECIPIENTS,MULTIPLE RECIPIENTS,,,,,USA,UNITED STATES,,,,,36061,NEW YORK,36,NY,NEW YORK,,,NY-12,NY-90,,,,COUNTY-WIDE,USA,UNITED STATES,NY**061,,36061,NEW YORK,36,NEW YORK,,NY-12,NY-90,,45.024,PROMOTION OF THE ARTS GRANTS TO ORGANIZATIONS AND INDIVIDUALS,NEAJMF2023,,04,PROJECT GRANT (B),,,,,PURPOSE: TO SUPPORT AN NEA JAZZ MASTERS FELLOWSHIP FOR PIANIST  ORGANIST  VOCALIST  COMPOSER  ARRANGER  AND EDUCATOR AMINA CLAUDINE MYERS.&NBSP;,PURPOSE: TO SUPPORT AN NEA JAZZ MASTERS FELLOWSHIP FOR PIANIST  ORGANIST  VOCALIST  COMPOSER  ARRANGER  AND EDUCATOR AMINA CLAUDINE MYERS.&NBSP;,NON,NOT RECOVERY ACT,P,INDIVIDUAL,,,A1,New Award,1,AGGREGATE RECORD,,,,,,,,,,,https://www.usaspending.gov/award/ASST_AGG_66051_417/,2023-06-27 18:00:19.566518+00,2023-06-27 18:00:19.566518+00,no named recipient ID
5920_-NONE-_67328_45.024_-NONE-,ASST_AGG_67328_417,,,67328,SAI EXEMPT,20000.00,20000.00,,0.00,0.00,0.00,0.00,0.00,0.00,0.00,20000.00,,,,,,2024-02-23,2024,2024-01-01,2025-03-31,417,National Endowment for the Arts,5920,National Endowment for the Arts,593105,NATIONAL ENDOWMENT FOR THE ARTS,417,National Endowment for the Arts,5920,National Endowment for the Arts,593105,NATIONAL ENDOWMENT FOR THE ARTS,,,,,,,MULTIPLE RECIPIENTS,MULTIPLE RECIPIENTS,,,,,USA,UNITED STATES,,,,,36025,DELAWARE,36,NY,NEW YORK,,,NY-09,NY-19,,,,COUNTY-WIDE,USA,UNITED STATES,NY**025,,36025,DELAWARE,36,NEW YORK,,NY-09,NY-19,,45.024,PROMOTION OF THE ARTS GRANTS TO ORGANIZATIONS AND INDIVIDUALS,2023NEA03LFTP,TO ENSURE OPPORTUNITIES FOR THE INTERNATIONAL EXCHANGE OF ARTS AND CULTURAL TRADITIONS THROUGH THE TRANSLATION OF WORKS OF PROSE  POETRY  AND DRAMA FROM OTHER LANGUAGES INTO ENGLISH.,04,PROJECT GRANT (B),,,,,PURPOSE: TO SUPPORT THE TRANSLATION FROM THE SWAHILI OF THE NOVEL WALENISI BY KENYAN WRITER KATAMA MKANGI,PURPOSE: TO SUPPORT THE TRANSLATION FROM THE SWAHILI OF THE NOVEL WALENISI BY KENYAN WRITER KATAMA MKANGI,NON,NOT RECOVERY ACT,P,INDIVIDUAL,,,A1,New Award,1,AGGREGATE RECORD,,,,,,,,,,,https://www.usaspending.gov/award/ASST_AGG_67328_417/,2024-02-28 14:35:32.035384+00,2024-02-28 14:35:32.035384+00,recipient county outside NYC; no named recipient ID
5920_-NONE-_67334_45.024_-NONE-,ASST_AGG_67334_417,,,67334,SAI EXEMPT,20000.00,0.00,,0.00,0.00,0.00,0.00,0.00,0.00,0.00,20000.00,,,,,,2024-02-23,2024,2024-01-01,2025-12-31,417,National Endowment for the Arts,5920,National Endowment for the Arts,593105,NATIONAL ENDOWMENT FOR THE ARTS,417,National Endowment for the Arts,5920,National Endowment for the Arts,593105,NATIONAL ENDOWMENT FOR THE ARTS,,,,,,,MULTIPLE RECIPIENTS,MULTIPLE RECIPIENTS,,,,,USA,UNITED STATES,,,,,36029,ERIE,36,NY,NEW YORK,,,NY-26,NY-90,,,,COUNTY-WIDE,USA,UNITED STATES,NY**029,,36029,ERIE,36,NEW YORK,,NY-26,NY-90,,45.024,PROMOTION OF THE ARTS GRANTS TO ORGANIZATIONS AND INDIVIDUALS,2023NEA03LFTP,TO ENSURE OPPORTUNITIES FOR THE INTERNATIONAL EXCHANGE OF ARTS AND CULTURAL TRADITIONS THROUGH THE TRANSLATION OF WORKS OF PROSE  POETRY  AND DRAMA FROM OTHER LANGUAGES INTO ENGLISH.,04,PROJECT GRANT (B),,,,,PURPOSE: TO SUPPORT THE TRANSLATION FROM THE HUNGARIAN OF THE MEMOIR PRIVATE AFFAIR BY ALÍZ HALDA,PURPOSE: TO SUPPORT THE TRANSLATION FROM THE HUNGARIAN OF THE MEMOIR PRIVATE AFFAIR BY ALÍZ HALDA,NON,NOT RECOVERY ACT,P,INDIVIDUAL,,,A1,New Award,1,AGGREGATE RECORD,,,,,,,,,,,https://www.usaspending.gov/award/ASST_AGG_67334_417/,2024-02-28 14:35:32.035384+00,2024-02-28 14:35:32.035384+00,recipient county outside NYC; no named recipient ID
5920_-NONE-_67334_45.024_1,ASST_AGG_67334_417,,1,67334,SAI EXEMPT,-20000.00,0.00,,0.00,0.00,0.00,0.00,0.00,0.00,0.00,-20000.00,,,,,,2024-10-21,2025,2024-01-01,2025-12-31,417,National Endowment for the Arts,5920,National Endowment for the Arts,593105,NATIONAL ENDOWMENT FOR THE ARTS,417,National Endowment for the Arts,5920,National Endowment for the Arts,593105,NATIONAL ENDOWMENT FOR THE ARTS,,,,,,,MULTIPLE RECIPIENTS,MULTIPLE RECIPIENTS,,,,,USA,UNITED STATES,,,,,36029,ERIE,36,NY,NEW YORK,,,NY-26,NY-90,,,,COUNTY-WIDE,USA,UNITED STATES,NY**029,,36029,ERIE,36,NEW YORK,,NY-26,NY-90,,45.024,PROMOTION OF THE ARTS GRANTS TO ORGANIZATIONS AND INDIVIDUALS,2023NEA03LFTP,TO ENSURE OPPORTUNITIES FOR THE INTERNATIONAL EXCHANGE OF ARTS AND CULTURAL TRADITIONS THROUGH THE TRANSLATION OF WORKS OF PROSE  POETRY  AND DRAMA FROM OTHER LANGUAGES INTO ENGLISH.,04,PROJECT GRANT (B),,,,,PURPOSE: TO SUPPORT THE TRANSLATION FROM THE HUNGARIAN OF THE MEMOIR PRIVATE AFFAIR BY ALÍZ HALDA,PURPOSE: TO SUPPORT THE TRANSLATION FROM THE HUNGARIAN OF THE MEMOIR PRIVATE AFFAIR BY ALÍZ HALDA,NON,NOT RECOVERY ACT,P,INDIVIDUAL,,,A1,New Award,1,AGGREGATE RECORD,,,,,,,,,,,https://www.usaspending.gov/award/ASST_AGG_67334_417/,2024-11-07 14:57:29.992083+00,2024-11-07 14:57:29.992083+00,recipient county outside NYC; no named recipient ID
5920_-NONE-_67337_45.024_-NONE-,ASST_AGG_67337_417,,,67337,SAI EXEMPT,15000.00,15000.00,,0.00,0.00,0.00,0.00,0.00,0.00,0.00,15000.00,,,,,,2024-02-23,2024,2024-01-01,2025-12-31,417,National Endowment for the Arts,5920,National Endowment for the Arts,593105,NATIONAL ENDOWMENT FOR THE ARTS,417,National Endowment for the Arts,5920,National Endowment for the Arts,593105,NATIONAL ENDOWMENT FOR THE ARTS,,,,,,,MULTIPLE RECIPIENTS,MULTIPLE RECIPIENTS,,,,,USA,UNITED STATES,,,,,36081,QUEENS,36,NY,NEW YORK,,,NY-07,NY-90,,,,COUNTY-WIDE,USA,UNITED STATES,NY**081,,36081,QUEENS,36,NEW YORK,,NY-07,NY-90,,45.024,PROMOTION OF THE ARTS GRANTS TO ORGANIZATIONS AND INDIVIDUALS,2023NEA03LFTP,TO ENSURE OPPORTUNITIES FOR THE INTERNATIONAL EXCHANGE OF ARTS AND CULTURAL TRADITIONS THROUGH THE TRANSLATION OF WORKS OF PROSE  POETRY  AND DRAMA FROM OTHER LANGUAGES INTO ENGLISH.,04,PROJECT GRANT (B),,,,,PURPOSE: TO SUPPORT THE TRANSLATION FROM THE KOREAN OF THE POETRY COLLECTION TODAYS MORNING VOCABULARY BY SOUTH KOREAN POET YOO HEEKYUNG,PURPOSE: TO SUPPORT THE TRANSLATION FROM THE KOREAN OF THE POETRY COLLECTION TODAYS MORNING VOCABULARY BY SOUTH KOREAN POET YOO HEEKYUNG,NON,NOT RECOVERY ACT,P,INDIVIDUAL,,,A1,New Award,1,AGGREGATE RECORD,,,,,,,,,,,https://www.usaspending.gov/award/ASST_AGG_67337_417/,2024-02-28 14:35:32.035384+00,2024-02-28 14:35:32.035384+00,no named recipient ID
5920_-NONE-_67341_45.024_-NONE-,ASST_AGG_67341_417,,,67341,SAI EXEMPT,15000.00,15000.00,,0.00,0.00,0.00,0.00,0.00,0.00,0.00,15000.00,,,,,,2024-02-23,2024,2024-06-01,2025-01-31,417,National Endowment for the Arts,5920,National Endowment for the Arts,593105,NATIONAL ENDOWMENT FOR THE ARTS,417,National Endowment for the Arts,5920,National Endowment for the Arts,593105,NATIONAL ENDOWMENT FOR THE ARTS,,,,,,,MULTIPLE RECIPIENTS,MULTIPLE RECIPIENTS,,,,,USA,UNITED STATES,,,,,36025,DELAWARE,36,NY,NEW YORK,,,NY-08,NY-19,,,,COUNTY-WIDE,USA,UNITED STATES,NY**025,,36025,DELAWARE,36,NEW YORK,,NY-08,NY-19,,45.024,PROMOTION OF THE ARTS GRANTS TO ORGANIZATIONS AND INDIVIDUALS,2023NEA03LFTP,TO ENSURE OPPORTUNITIES FOR THE INTERNATIONAL EXCHANGE OF ARTS AND CULTURAL TRADITIONS THROUGH THE TRANSLATION OF WORKS OF PROSE  POETRY  AND DRAMA FROM OTHER LANGUAGES INTO ENGLISH.,04,PROJECT GRANT (B),,,,,PURPOSE: TO SUPPORT THE TRANSLATION FROM THE SPANISH OF A COLLECTION OF POEMS BY ARGENTINIAN POET SUSANA THÉNON,PURPOSE: TO SUPPORT THE TRANSLATION FROM THE SPANISH OF A COLLECTION OF POEMS BY ARGENTINIAN POET SUSANA THÉNON,NON,NOT RECOVERY ACT,P,INDIVIDUAL,,,A1,New Award,1,AGGREGATE RECORD,,,,,,,,,,,https://www.usaspending.gov/award/ASST_AGG_67341_417/,2024-02-28 14:35:32.035384+00,2024-02-28 14:35:32.035384+00,recipient county outside NYC; no named recipient ID
5920_-NONE-_67967_45.024_-NONE-,ASST_AGG_67967_417,,,67967,SAI EXEMPT,25000.00,25000.00,,0.00,0.00,0.00,0.00,0.00,0.00,0.00,25000.00,,,,,,2024-02-23,2024,2024-01-01,2026-01-31,417,National Endowment for the Arts,5920,National Endowment for the Arts,593105,NATIONAL ENDOWMENT FOR THE ARTS,417,National Endowment for the Arts,5920,National Endowment for the Arts,593105,NATIONAL ENDOWMENT FOR THE ARTS,,,,,,,MULTIPLE RECIPIENTS,MULTIPLE RECIPIENTS,,,,,USA,UNITED STATES,,,,,36061,NEW YORK,36,NY,NEW YORK,,,NY-10,NY-90,,,,COUNTY-WIDE,USA,UNITED STATES,NY**061,,36061,NEW YORK,36,NEW YORK,,NY-10,NY-90,,45.024,PROMOTION OF THE ARTS GRANTS TO ORGANIZATIONS AND INDIVIDUALS,2023NEA03LFCW,TO SUPPORT ACTIVITIES THAT CONTRIBUTE TO THE PROFESSIONAL DEVELOPMENT AND ARTISTIC GROWTH OF CREATIVE WRITERS.,04,PROJECT GRANT (B),,,,,PURPOSE: TO SUPPORT A CREATIVE WRITING FELLOWSHIP,PURPOSE: TO SUPPORT A CREATIVE WRITING FELLOWSHIP,NON,NOT RECOVERY ACT,P,INDIVIDUAL,,,A1,New Award,1,AGGREGATE RECORD,,,,,,,,,,,https://www.usaspending.gov/award/ASST_AGG_67967_417/,2024-02-28 14:35:32.035384+00,2024-02-28 14:35:32.035384+00,no named recipient ID
5920_-NONE-_67976_45.024_-NONE-,ASST_AGG_67976_417,,,67976,SAI EXEMPT,25000.00,25000.00,,0.00,0.00,0.00,0.00,0.00,0.00,0.00,25000.00,,,,,,2024-02-23,2024,2024-01-01,2025-01-31,417,National Endowment for the Arts,5920,National Endowment for the Arts,593105,NATIONAL ENDOWMENT FOR THE ARTS,417,National Endowment for the Arts,5920,National Endowment for the Arts,593105,NATIONAL ENDOWMENT FOR THE ARTS,,,,,,,MULTIPLE RECIPIENTS,MULTIPLE RECIPIENTS,,,,,USA,UNITED STATES,,,,,36027,DUTCHESS,36,NY,NEW YORK,,,NY-06,NY-18,,,,COUNTY-WIDE,USA,UNITED STATES,NY**027,,36027,DUTCHESS,36,NEW YORK,,NY-06,NY-18,,45.024,PROMOTION OF THE ARTS GRANTS TO ORGANIZATIONS AND INDIVIDUALS,2023NEA03LFCW,TO SUPPORT ACTIVITIES THAT CONTRIBUTE TO THE PROFESSIONAL DEVELOPMENT AND ARTISTIC GROWTH OF CREATIVE WRITERS.,04,PROJECT GRANT (B),,,,,PURPOSE: TO SUPPORT A CREATIVE WRITING FELLOWSHIP.,PURPOSE: TO SUPPORT A CREATIVE WRITING FELLOWSHIP.,NON,NOT RECOVERY ACT,P,INDIVIDUAL,,,A1,New Award,1,AGGREGATE RECORD,,,,,,,,,,,https://www.usaspending.gov/award/ASST_AGG_67976_417/,2024-02-28 14:35:32.035384+00,2024-02-28 14:35:32.035384+00,recipient county outside NYC; no named recipient ID
5920_-NONE-_67978_45.024_-NONE-,ASST_AGG_67978_417,,,67978,SAI EXEMPT,25000.00,25000.00,,0.00,0.00,0.00,0.00,0.00,0.00,0.00,25000.00,,,,,,2024-02-23,2024,2024-01-01,2024-12-31,417,National Endowment for the Arts,5920,National Endowment for the Arts,593105,NATIONAL ENDOWMENT FOR THE ARTS,417,National Endowment for the Arts,5920,National Endowment for the Arts,593105,NATIONAL ENDOWMENT FOR THE ARTS,,,,,,,MULTIPLE RECIPIENTS,MULTIPLE RECIPIENTS,,,,,USA,UNITED STATES,,,,,,,36,NY,NEW YORK,,,NY-10,,,,,STATE-WIDE,USA,UNITED STATES,NY*****,,,,36,NEW YORK,,NY-10,,,45.024,PROMOTION OF THE ARTS GRANTS TO ORGANIZATIONS AND INDIVIDUALS,2023NEA03LFCW,TO SUPPORT ACTIVITIES THAT CONTRIBUTE TO THE PROFESSIONAL DEVELOPMENT AND ARTISTIC GROWTH OF CREATIVE WRITERS.,04,PROJECT GRANT (B),,,,,PURPOSE: TO SUPPORT A CREATIVE WRITING FELLOWSHIP.,PURPOSE: TO SUPPORT A CREATIVE WRITING FELLOWSHIP.,NON,NOT RECOVERY ACT,P,INDIVIDUAL,,,A1,New Award,1,AGGREGATE RECORD,,,,,,,,,,,https://www.usaspending.gov/award/ASST_AGG_67978_417/,2024-03-04 19:02:39.056573+00,2024-03-04 19:02:39.056573+00,recipient county outside NYC; no named recipient ID
5920_-NONE-_67980_45.024_-NONE-,ASST_AGG_67980_417,,,67980,SAI EXEMPT,25000.00,25000.00,,0.00,0.00,0.00,0.00,0.00,0.00,0.00,25000.00,,,,,,2024-02-23,2024,2024-01-01,2025-01-31,417,National Endowment for the Arts,5920,National Endowment for the Arts,593105,NATIONAL ENDOWMENT FOR THE ARTS,417,National Endowment for the Arts,5920,National Endowment for the Arts,593105,NATIONAL ENDOWMENT FOR THE ARTS,,,,,,,MULTIPLE RECIPIENTS,MULTIPLE RECIPIENTS,,,,,USA,UNITED STATES,,,,,36025,DELAWARE,36,NY,NEW YORK,,,NY-19,NY-19,,,,COUNTY-WIDE,USA,UNITED STATES,NY**025,,36025,DELAWARE,36,NEW YORK,,NY-19,NY-19,,45.024,PROMOTION OF THE ARTS GRANTS TO ORGANIZATIONS AND INDIVIDUALS,2023NEA03LFCW,TO SUPPORT ACTIVITIES THAT CONTRIBUTE TO THE PROFESSIONAL DEVELOPMENT AND ARTISTIC GROWTH OF CREATIVE WRITERS.,04,PROJECT GRANT (B),,,,,PURPOSE: TO SUPPORT A CREATIVE WRITING FELLOWSHIP.,PURPOSE: TO SUPPORT A CREATIVE WRITING FELLOWSHIP.,NON,NOT RECOVERY ACT,P,INDIVIDUAL,,,A1,New Award,1,AGGREGATE RECORD,,,,,,,,,,,https://www.usaspending.gov/award/ASST_AGG_67980_417/,2024-02-28 14:35:32.035384+00,2024-02-28 14:35:32.035384+00,recipient county outside NYC; no named recipient ID
5920_-NONE-_67989_45.024_-NONE-,ASST_AGG_67989_417,,,67989,SAI EXEMPT,25000.00,25000.00,,0.00,0.00,0.00,0.00,0.00,0.00,0.00,25000.00,,,,,,2024-02-23,2024,2024-01-01,2024-12-31,417,National Endowment for the Arts,5920,National Endowment for the Arts,593105,NATIONAL ENDOWMENT FOR THE ARTS,417,National Endowment for the Arts,5920,National Endowment for the Arts,593105,NATIONAL ENDOWMENT FOR THE ARTS,,,,,,,MULTIPLE RECIPIENTS,MULTIPLE RECIPIENTS,,,,,USA,UNITED STATES,,,,,36025,DELAWARE,36,NY,NEW YORK,,,NY-07,NY-19,,,,COUNTY-WIDE,USA,UNITED STATES,NY**025,,36025,DELAWARE,36,NEW YORK,,NY-07,NY-19,,45.024,PROMOTION OF THE ARTS GRANTS TO ORGANIZATIONS AND INDIVIDUALS,2023NEA03LFCW,TO SUPPORT ACTIVITIES THAT CONTRIBUTE TO THE PROFESSIONAL DEVELOPMENT AND ARTISTIC GROWTH OF CREATIVE WRITERS.,04,PROJECT GRANT (B),,,,,PURPOSE: TO SUPPORT A CREATIVE WRITING FELLOWSHIP,PURPOSE: TO SUPPORT A CREATIVE WRITING FELLOWSHIP,NON,NOT RECOVERY ACT,P,INDIVIDUAL,,,A1,New Award,1,AGGREGATE RECORD,,,,,,,,,,,https://www.usaspending.gov/award/ASST_AGG_67989_417/,2024-02-28 14:35:32.035384+00,2024-02-28 14:35:32.035384+00,recipient county outside NYC; no named recipient ID
5920_-NONE-_67990_45.024_-NONE-,ASST_AGG_67990_417,,,67990,SAI EXEMPT,25000.00,25000.00,,0.00,0.00,0.00,0.00,0.00,0.00,0.00,25000.00,,,,,,2024-02-23,2024,2024-01-01,2024-12-31,417,National Endowment for the Arts,5920,National Endowment for the Arts,593105,NATIONAL ENDOWMENT FOR THE ARTS,417,National Endowment for the Arts,5920,National Endowment for the Arts,593105,NATIONAL ENDOWMENT FOR THE ARTS,,,,,,,MULTIPLE RECIPIENTS,MULTIPLE RECIPIENTS,,,,,USA,UNITED STATES,,,,,36061,NEW YORK,36,NY,NEW YORK,,,NY-06,NY-90,,,,COUNTY-WIDE,USA,UNITED STATES,NY**061,,36061,NEW YORK,36,NEW YORK,,NY-06,NY-90,,45.024,PROMOTION OF THE ARTS GRANTS TO ORGANIZATIONS AND INDIVIDUALS,2023NEA03LFCW,TO SUPPORT ACTIVITIES THAT CONTRIBUTE TO THE PROFESSIONAL DEVELOPMENT AND ARTISTIC GROWTH OF CREATIVE WRITERS.,04,PROJECT GRANT (B),,,,,PURPOSE: TO SUPPORT A CREATIVE WRITING FELLOWSHIP,PURPOSE: TO SUPPORT A CREATIVE WRITING FELLOWSHIP,NON,NOT RECOVERY ACT,P,INDIVIDUAL,,,A1,New Award,1,AGGREGATE RECORD,,,,,,,,,,,https://www.usaspending.gov/award/ASST_AGG_67990_417/,2024-02-28 14:35:32.035384+00,2024-02-28 14:35:32.035384+00,no named recipient ID
5920_-NONE-_67992_45.024_-NONE-,ASST_AGG_67992_417,,,67992,SAI EXEMPT,25000.00,25000.00,,0.00,0.00,0.00,0.00,0.00,0.00,0.00,25000.00,,,,,,2024-02-23,2024,2024-01-01,2025-12-31,417,National Endowment for the Arts,5920,National Endowment for the Arts,593105,NATIONAL ENDOWMENT FOR THE ARTS,417,National Endowment for the Arts,5920,National Endowment for the Arts,593105,NATIONAL ENDOWMENT FOR THE ARTS,,,,,,,MULTIPLE RECIPIENTS,MULTIPLE RECIPIENTS,,,,,USA,UNITED STATES,,,,,36061,NEW YORK,36,NY,NEW YORK,,,NY-19,NY-90,,,,COUNTY-WIDE,USA,UNITED STATES,NY**061,,36061,NEW YORK,36,NEW YORK,,NY-19,NY-90,,45.024,PROMOTION OF THE ARTS GRANTS TO ORGANIZATIONS AND INDIVIDUALS,2023NEA03LFCW,TO SUPPORT ACTIVITIES THAT CONTRIBUTE TO THE PROFESSIONAL DEVELOPMENT AND ARTISTIC GROWTH OF CREATIVE WRITERS.,04,PROJECT GRANT (B),,,,,PURPOSE: TO SUPPORT A CREATIVE WRITING FELLOWSHIP,PURPOSE: TO SUPPORT A CREATIVE WRITING FELLOWSHIP,NON,NOT RECOVERY ACT,P,INDIVIDUAL,,,A1,New Award,1,AGGREGATE RECORD,,,,,,,,,,,https://www.usaspending.gov/award/ASST_AGG_67992_417/,2024-02-28 14:35:32.035384+00,2024-02-28 14:35:32.035384+00,no named recipient ID
5920_-NONE-_67997_45.024_-NONE-,ASST_AGG_67997_417,,,67997,SAI EXEMPT,25000.00,25000.00,,0.00,0.00,0.00,0.00,0.00,0.00,0.00,25000.00,,,,,,2024-02-23,2024,2024-01-01,2024-11-30,417,National Endowment for the Arts,5920,National Endowment for the Arts,593105,NATIONAL ENDOWMENT FOR THE ARTS,417,National Endowment for the Arts,5920,National Endowment for the Arts,593105,NATIONAL ENDOWMENT FOR THE ARTS,,,,,,,MULTIPLE RECIPIENTS,MULTIPLE RECIPIENTS,,,,,USA,UNITED STATES,,,,,36119,WESTCHESTER,36,NY,NEW YORK,,,NY-17,NY-90,,,,COUNTY-WIDE,USA,UNITED STATES,NY**119,,36119,WESTCHESTER,36,NEW YORK,,NY-17,NY-90,,45.024,PROMOTION OF THE ARTS GRANTS TO ORGANIZATIONS AND INDIVIDUALS,2023NEA03LFCW,TO SUPPORT ACTIVITIES THAT CONTRIBUTE TO THE PROFESSIONAL DEVELOPMENT AND ARTISTIC GROWTH OF CREATIVE WRITERS.,04,PROJECT GRANT (B),,,,,PURPOSE: TO SUPPORT A CREATIVE WRITING FELLOWSHIP.,PURPOSE: TO SUPPORT A CREATIVE WRITING FELLOWSHIP.,NON,NOT RECOVERY ACT,P,INDIVIDUAL,,,A1,New Award,1,AGGREGATE RECORD,,,,,,,,,,,https://www.usaspending.gov/award/ASST_AGG_67997_417/,2024-02-28 14:35:32.035384+00,2024-02-28 14:35:32.035384+00,recipient county outside NYC; no named recipient ID
5920_-NONE-_70245_45.024_-NONE-,ASST_AGG_70245_417,,,70245,SAI EXEMPT,25000.00,25000.00,,0.00,0.00,0.00,0.00,0.00,0.00,0.00,25000.00,,,,,,2024-06-05,2024,2024-04-01,2025-12-31,417,National Endowment for the Arts,5920,National Endowment for the Arts,593105,NATIONAL ENDOWMENT FOR THE ARTS,417,National Endowment for the Arts,5920,National Endowment for the Arts,593105,NATIONAL ENDOWMENT FOR THE ARTS,,,,,,,MULTIPLE RECIPIENTS,MULTIPLE RECIPIENTS,,,,,USA,UNITED STATES,,,,,,,36,NY,NEW YORK,,,NY-19,,,,,STATE-WIDE,USA,UNITED STATES,NY*****,,,,36,NEW YORK,,NY-19,,,45.024,PROMOTION OF THE ARTS GRANTS TO ORGANIZATIONS AND INDIVIDUALS,NEAJMF2024,TO HONOR MUSICIANS AND ADVOCATES WHO HAVE MADE EXCEPTIONAL CONTRUTIONS TO THE ADVANCEMENT OF JAZZ.,04,PROJECT GRANT (B),,,,,PURPOSE: TO SUPPORT AN NEA JAZZ MASTERS FELLOWSHIP FOR PIANIST AND COMPOSER MARILYN CRISPELL.,PURPOSE: TO SUPPORT AN NEA JAZZ MASTERS FELLOWSHIP FOR PIANIST AND COMPOSER MARILYN CRISPELL.,NON,NOT RECOVERY ACT,P,INDIVIDUAL,,,A1,New Award,1,AGGREGATE RECORD,,,,,,,,,,,https://www.usaspending.gov/award/ASST_AGG_70245_417/,2024-06-27 18:42:57.433877+00,2024-06-27 18:42:57.433877+00,recipient county outside NYC; no named recipient ID
5920_-NONE-_70246_45.024_-NONE-,ASST_AGG_70246_417,,,70246,SAI EXEMPT,25000.00,25000.00,,0.00,0.00,0.00,0.00,0.00,0.00,0.00,25000.00,,,,,,2024-06-05,2024,2024-04-01,2025-12-31,417,National Endowment for the Arts,5920,National Endowment for the Arts,593105,NATIONAL ENDOWMENT FOR THE ARTS,417,National Endowment for the Arts,5920,National Endowment for the Arts,593105,NATIONAL ENDOWMENT FOR THE ARTS,,,,,,,MULTIPLE RECIPIENTS,MULTIPLE RECIPIENTS,,,,,USA,UNITED STATES,,,,,,,36,NY,NEW YORK,,,NY-12,,,,,STATE-WIDE,USA,UNITED STATES,NY*****,,,,36,NEW YORK,,NY-12,,,45.024,PROMOTION OF THE ARTS GRANTS TO ORGANIZATIONS AND INDIVIDUALS,NEAJMF2024,TO HONOR MUSICIANS AND ADVOCATES WHO HAVE MADE EXCEPTIONAL CONTRUTIONS TO THE ADVANCEMENT OF JAZZ.,04,PROJECT GRANT (B),,,,,PURPOSE: TO SUPPORT AN NEA JAZZ MASTERS FELLOWSHIP FOR JAZZ ADVOCATE GARY GIDDINS.,PURPOSE: TO SUPPORT AN NEA JAZZ MASTERS FELLOWSHIP FOR JAZZ ADVOCATE GARY GIDDINS.,NON,NOT RECOVERY ACT,P,INDIVIDUAL,,,A1,New Award,1,AGGREGATE RECORD,,,,,,,,,,,https://www.usaspending.gov/award/ASST_AGG_70246_417/,2024-06-27 18:42:57.433877+00,2024-06-27 18:42:57.433877+00,recipient county outside NYC; no named recipient ID
5920_-NONE-_70521_45.024_-NONE-,ASST_AGG_70521_417,,,70521,SAI EXEMPT,10000.00,10000.00,,0.00,0.00,0.00,0.00,0.00,0.00,0.00,10000.00,,,,,,2025-01-17,2025,2025-01-01,2025-12-31,417,National Endowment for the Arts,5920,National Endowment for the Arts,593105,NATIONAL ENDOWMENT FOR THE ARTS,417,National Endowment for the Arts,5920,National Endowment for the Arts,593105,NATIONAL ENDOWMENT FOR THE ARTS,,,,,,,MULTIPLE RECIPIENTS,MULTIPLE RECIPIENTS,,,,,USA,UNITED STATES,,,,,36025,DELAWARE,36,NY,NEW YORK,,,NY-09,NY-19,,,,COUNTY-WIDE,USA,UNITED STATES,NY**025,,36025,DELAWARE,36,NEW YORK,,NY-09,NY-19,,45.024,PROMOTION OF THE ARTS GRANTS TO ORGANIZATIONS AND INDIVIDUALS,2024NEA03LFTP,TO ENSURE OPPORTUNITIES FOR THE INTERNATIONAL EXCHANGE OF ARTS AND CULTURAL TRADITIONS THROUGH THE TRANSLATION OF WORKS OF PROSE  POETRY  AND DRAMA FROM OTHER LANGUAGES INTO ENGLISH.,04,PROJECT GRANT (B),,,,,PURPOSE: TO SUPPORT THE TRANSLATION OF THE NOVEL THE CHILL OF THE APRIL SUN&NBSP;BY ELÍSABET JÖKULSDÓTTIR FROM THE ICELANDIC.,PURPOSE: TO SUPPORT THE TRANSLATION OF THE NOVEL THE CHILL OF THE APRIL SUN&NBSP;BY ELÍSABET JÖKULSDÓTTIR FROM THE ICELANDIC.,NON,NOT RECOVERY ACT,P,INDIVIDUAL,,,A1,New Award,1,AGGREGATE RECORD,,,,,,,,,,,https://www.usaspending.gov/award/ASST_AGG_70521_417/,2025-01-30 14:45:38.261828+00,2025-01-30 14:45:38.261828+00,recipient county outside NYC; no named recipient ID
5920_-NONE-_70524_45.024_-NONE-,ASST_AGG_70524_417,,,70524,SAI EXEMPT,15000.00,15000.00,,0.00,0.00,0.00,0.00,0.00,0.00,0.00,15000.00,,,,,,2025-01-17,2025,2025-01-01,2026-11-30,417,National Endowment for the Arts,5920,National Endowment for the Arts,593105,NATIONAL ENDOWMENT FOR THE ARTS,417,National Endowment for the Arts,5920,National Endowment for the Arts,593105,NATIONAL ENDOWMENT FOR THE ARTS,,,,,,,MULTIPLE RECIPIENTS,MULTIPLE RECIPIENTS,,,,,USA,UNITED STATES,,,,,36025,DELAWARE,36,NY,NEW YORK,,,NY-08,NY-19,,,,COUNTY-WIDE,USA,UNITED STATES,NY**025,,36025,DELAWARE,36,NEW YORK,,NY-08,NY-19,,45.024,PROMOTION OF THE ARTS GRANTS TO ORGANIZATIONS AND INDIVIDUALS,2024NEA03LFTP,TO ENSURE OPPORTUNITIES FOR THE INTERNATIONAL EXCHANGE OF ARTS AND CULTURAL TRADITIONS THROUGH THE TRANSLATION OF WORKS OF PROSE  POETRY  AND DRAMA FROM OTHER LANGUAGES INTO ENGLISH.,04,PROJECT GRANT (B),,,,,PURPOSE: TO SUPPORT THE TRANSLATION OF THE NOVEL BIOGRAPHY OF A BLACK-AND-WHITE LAMB&NBSP;BY TOMÁŠ ZMEŠKAL FROM THE CZECH.,PURPOSE: TO SUPPORT THE TRANSLATION OF THE NOVEL BIOGRAPHY OF A BLACK-AND-WHITE LAMB&NBSP;BY TOMÁŠ ZMEŠKAL FROM THE CZECH.,NON,NOT RECOVERY ACT,P,INDIVIDUAL,,,A1,New Award,1,AGGREGATE RECORD,,,,,,,,,,,https://www.usaspending.gov/award/ASST_AGG_70524_417/,2025-01-30 14:45:38.261828+00,2025-01-30 14:45:38.261828+00,recipient county outside NYC; no named recipient ID
5920_-NONE-_70526_45.024_-NONE-,ASST_AGG_70526_417,,,70526,SAI EXEMPT,20000.00,20000.00,,0.00,0.00,0.00,0.00,0.00,0.00,0.00,20000.00,,,,,,2025-01-17,2025,2025-01-01,2025-12-31,417,National Endowment for the Arts,5920,National Endowment for the Arts,593105,NATIONAL ENDOWMENT FOR THE ARTS,417,National Endowment for the Arts,5920,National Endowment for the Arts,593105,NATIONAL ENDOWMENT FOR THE ARTS,,,,,,,MULTIPLE RECIPIENTS,MULTIPLE RECIPIENTS,,,,,USA,UNITED STATES,,,,,36119,WESTCHESTER,36,NY,NEW YORK,,,NY-16,NY-90,,,,COUNTY-WIDE,USA,UNITED STATES,NY**119,,36119,WESTCHESTER,36,NEW YORK,,NY-16,NY-90,,45.024,PROMOTION OF THE ARTS GRANTS TO ORGANIZATIONS AND INDIVIDUALS,2024NEA03LFTP,TO ENSURE OPPORTUNITIES FOR THE INTERNATIONAL EXCHANGE OF ARTS AND CULTURAL TRADITIONS THROUGH THE TRANSLATION OF WORKS OF PROSE  POETRY  AND DRAMA FROM OTHER LANGUAGES INTO ENGLISH.,04,PROJECT GRANT (B),,,,,PURPOSE: TO SUPPORT THE TRANSLATION OF THE NOVEL THIS TIMEWORN LAND&NBSP;BY LI ZI SHU FROM THE CHINESE.,PURPOSE: TO SUPPORT THE TRANSLATION OF THE NOVEL THIS TIMEWORN LAND&NBSP;BY LI ZI SHU FROM THE CHINESE.,NON,NOT RECOVERY ACT,P,INDIVIDUAL,,,A1,New Award,1,AGGREGATE RECORD,,,,,,,,,,,https://www.usaspending.gov/award/ASST_AGG_70526_417/,2025-01-30 14:45:38.261828+00,2025-01-30 14:45:38.261828+00,recipient county outside NYC; no named recipient ID
5920_-NONE-_70528_45.024_-NONE-,ASST_AGG_70528_417,,,70528,SAI EXEMPT,20000.00,20000.00,,0.00,0.00,0.00,0.00,0.00,0.00,0.00,20000.00,,,,,,2025-01-17,2025,2025-01-01,2026-05-31,417,National Endowment for the Arts,5920,National Endowment for the Arts,593105,NATIONAL ENDOWMENT FOR THE ARTS,417,National Endowment for the Arts,5920,National Endowment for the Arts,593105,NATIONAL ENDOWMENT FOR THE ARTS,,,,,,,MULTIPLE RECIPIENTS,MULTIPLE RECIPIENTS,,,,,USA,UNITED STATES,,,,,36025,DELAWARE,36,NY,NEW YORK,,,NY-10,NY-19,,,,COUNTY-WIDE,USA,UNITED STATES,NY**025,,36025,DELAWARE,36,NEW YORK,,NY-10,NY-19,,45.024,PROMOTION OF THE ARTS GRANTS TO ORGANIZATIONS AND INDIVIDUALS,2024NEA03LFTP,TO ENSURE OPPORTUNITIES FOR THE INTERNATIONAL EXCHANGE OF ARTS AND CULTURAL TRADITIONS THROUGH THE TRANSLATION OF WORKS OF PROSE  POETRY  AND DRAMA FROM OTHER LANGUAGES INTO ENGLISH.,04,PROJECT GRANT (B),,,,,PURPOSE: TO SUPPORT THE TRANSLATION OF THE SHORT STORY COLLECTION MY PERSONAL FAVORITES&NBSP;BY PERE CALDERS FROM THE CATALAN.,PURPOSE: TO SUPPORT THE TRANSLATION OF THE SHORT STORY COLLECTION MY PERSONAL FAVORITES&NBSP;BY PERE CALDERS FROM THE CATALAN.,NON,NOT RECOVERY ACT,P,INDIVIDUAL,,,A1,New Award,1,AGGREGATE RECORD,,,,,,,,,,,https://www.usaspending.gov/award/ASST_AGG_70528_417/,2025-03-10 16:07:02.585227+00,2025-03-10 16:07:02.585227+00,recipient county outside NYC; no named recipient ID
5920_-NONE-_70529_45.024_-NONE-,ASST_AGG_70529_417,,,70529,SAI EXEMPT,15000.00,15000.00,,0.00,0.00,0.00,0.00,0.00,0.00,0.00,15000.00,,,,,,2025-01-17,2025,2025-07-01,2027-06-30,417,National Endowment for the Arts,5920,National Endowment for the Arts,593105,NATIONAL ENDOWMENT FOR THE ARTS,417,National Endowment for the Arts,5920,National Endowment for the Arts,593105,NATIONAL ENDOWMENT FOR THE ARTS,,,,,,,MULTIPLE RECIPIENTS,MULTIPLE RECIPIENTS,,,,,USA,UNITED STATES,,,,,36055,MONROE,36,NY,NEW YORK,,,NY-25,NY-25,,,,COUNTY-WIDE,USA,UNITED STATES,NY**055,,36055,MONROE,36,NEW YORK,,NY-25,NY-25,,45.024,PROMOTION OF THE ARTS GRANTS TO ORGANIZATIONS AND INDIVIDUALS,2024NEA03LFTP,TO ENSURE OPPORTUNITIES FOR THE INTERNATIONAL EXCHANGE OF ARTS AND CULTURAL TRADITIONS THROUGH THE TRANSLATION OF WORKS OF PROSE  POETRY  AND DRAMA FROM OTHER LANGUAGES INTO ENGLISH.,04,PROJECT GRANT (B),,,,,PURPOSE: TO SUPPORT THE TRANSLATION OF THE NOVEL FLOWER IN A SEA OF RETRIBUTION&NBSP;BY JIN SONGCEN AND ZENG PU FROM THE CHINESE.,PURPOSE: TO SUPPORT THE TRANSLATION OF THE NOVEL FLOWER IN A SEA OF RETRIBUTIONBY JIN SONGCEN AND ZENG PU FROM THE CHINESE.,NON,NOT RECOVERY ACT,P,INDIVIDUAL,,,A1,New Award,1,AGGREGATE RECORD,,,,,,,,,,,https://www.usaspending.gov/award/ASST_AGG_70529_417/,2025-01-30 14:45:38.261828+00,2025-01-30 14:45:38.261828+00,recipient county outside NYC; no named recipient ID
5920_-NONE-_70529_45.024_1,ASST_AGG_70529_417,,1,70529,SAI EXEMPT,0.00,15000.00,,0.00,0.00,0.00,0.00,0.00,0.00,0.00,0.00,,,,,,2025-01-17,2025,2025-01-01,2026-12-31,417,National Endowment for the Arts,5920,National Endowment for the Arts,593105,NATIONAL ENDOWMENT FOR THE ARTS,417,National Endowment for the Arts,5920,National Endowment for the Arts,593105,NATIONAL ENDOWMENT FOR THE ARTS,,,,,,,MULTIPLE RECIPIENTS,MULTIPLE RECIPIENTS,,,,,USA,UNITED STATES,,,,,36055,MONROE,36,NY,NEW YORK,,,NY-25,NY-25,,,,COUNTY-WIDE,USA,UNITED STATES,NY**055,,36055,MONROE,36,NEW YORK,,NY-25,NY-25,,45.024,PROMOTION OF THE ARTS GRANTS TO ORGANIZATIONS AND INDIVIDUALS,2024NEA03LFTP,"TO ENSURE OPPORTUNITIES FOR THE INTERNATIONAL EXCHANGE OF ARTS AND CULTURAL TRADITIONS THROUGH THE TRANSLATION OF WORKS OF PROSE, POETRY, AND DRAMA FROM OTHER LANGUAGES INTO ENGLISH.",04,PROJECT GRANT (B),,,,,PURPOSE: TO SUPPORT THE TRANSLATION OF THE NOVEL FLOWER IN A SEA OF RETRIBUTIONBY JIN SONGCEN AND ZENG PU FROM THE CHINESE.,PURPOSE: TO SUPPORT THE TRANSLATION OF THE NOVEL FLOWER IN A SEA OF RETRIBUTIONBY JIN SONGCEN AND ZENG PU FROM THE CHINESE.,NON,NOT RECOVERY ACT,P,INDIVIDUAL,,,A1,New Award,1,AGGREGATE RECORD,,,,,,,,,,,https://www.usaspending.gov/award/ASST_AGG_70529_417/,2025-02-03 19:54:39.47619+00,2025-02-03 19:54:39.47619+00,recipient county outside NYC; no named recipient ID
5920_-NONE-_70533_45.024_-NONE-,ASST_AGG_70533_417,,,70533,SAI EXEMPT,15000.00,15000.00,,0.00,0.00,0.00,0.00,0.00,0.00,0.00,15000.00,,,,,,2025-01-17,2025,2025-08-01,2026-01-31,417,National Endowment for the Arts,5920,National Endowment for the Arts,593105,NATIONAL ENDOWMENT FOR THE ARTS,417,National Endowment for the Arts,5920,National Endowment for the Arts,593105,NATIONAL ENDOWMENT FOR THE ARTS,,,,,,,MULTIPLE RECIPIENTS,MULTIPLE RECIPIENTS,,,,,USA,UNITED STATES,,,,,36061,NEW YORK,36,NY,NEW YORK,,,NY-10,NY-90,,,,COUNTY-WIDE,USA,UNITED STATES,NY**061,,36061,NEW YORK,36,NEW YORK,,NY-10,NY-90,,45.024,PROMOTION OF THE ARTS GRANTS TO ORGANIZATIONS AND INDIVIDUALS,2024NEA03LFTP,TO ENSURE OPPORTUNITIES FOR THE INTERNATIONAL EXCHANGE OF ARTS AND CULTURAL TRADITIONS THROUGH THE TRANSLATION OF WORKS OF PROSE  POETRY  AND DRAMA FROM OTHER LANGUAGES INTO ENGLISH.,04,PROJECT GRANT (B),,,,,PURPOSE: TO SUPPORT THE TRANSLATION OF A SELECTION OF POEMS BY JAMIL BUTHAYNAH FROM THE ARABIC.,PURPOSE:TO SUPPORT THE TRANSLATION OF A SELECTION OF POEMS BY JAMIL BUTHAYNAH FROM THE ARABIC.,NON,NOT RECOVERY ACT,P,INDIVIDUAL,,,A1,New Award,1,AGGREGATE RECORD,,,,,,,,,,,https://www.usaspending.gov/award/ASST_AGG_70533_417/,2025-01-30 14:45:38.261828+00,2025-01-30 14:45:38.261828+00,no named recipient ID
5920_-NONE-_70533_45.024_1,ASST_AGG_70533_417,,1,70533,SAI EXEMPT,0.00,15000.00,,0.00,0.00,0.00,0.00,0.00,0.00,0.00,0.00,,,,,,2025-01-17,2025,2025-02-01,2025-07-31,417,National Endowment for the Arts,5920,National Endowment for the Arts,593105,NATIONAL ENDOWMENT FOR THE ARTS,417,National Endowment for the Arts,5920,National Endowment for the Arts,593105,NATIONAL ENDOWMENT FOR THE ARTS,,,,,,,MULTIPLE RECIPIENTS,MULTIPLE RECIPIENTS,,,,,USA,UNITED STATES,,,,,36061,NEW YORK,36,NY,NEW YORK,,,NY-10,NY-90,,,,COUNTY-WIDE,USA,UNITED STATES,NY**061,,36061,NEW YORK,36,NEW YORK,,NY-10,NY-90,,45.024,PROMOTION OF THE ARTS GRANTS TO ORGANIZATIONS AND INDIVIDUALS,2024NEA03LFTP,"TO ENSURE OPPORTUNITIES FOR THE INTERNATIONAL EXCHANGE OF ARTS AND CULTURAL TRADITIONS THROUGH THE TRANSLATION OF WORKS OF PROSE, POETRY, AND DRAMA FROM OTHER LANGUAGES INTO ENGLISH.",04,PROJECT GRANT (B),,,,,PURPOSE:TO SUPPORT THE TRANSLATION OF A SELECTION OF POEMS BY JAMIL BUTHAYNAH FROM THE ARABIC.,PURPOSE:TO SUPPORT THE TRANSLATION OF A SELECTION OF POEMS BY JAMIL BUTHAYNAH FROM THE ARABIC.,NON,NOT RECOVERY ACT,P,INDIVIDUAL,,,A1,New Award,1,AGGREGATE RECORD,,,,,,,,,,,https://www.usaspending.gov/award/ASST_AGG_70533_417/,2025-02-20 18:52:56.548894+00,2025-02-20 18:52:56.548894+00,no named recipient ID
5920_-NONE-_70534_45.024_-NONE-,ASST_AGG_70534_417,,,70534,SAI EXEMPT,15000.00,15000.00,,0.00,0.00,0.00,0.00,0.00,0.00,0.00,15000.00,,,,,,2025-01-17,2025,2025-01-01,2026-12-31,417,National Endowment for the Arts,5920,National Endowment for the Arts,593105,NATIONAL ENDOWMENT FOR THE ARTS,417,National Endowment for the Arts,5920,National Endowment for the Arts,593105,NATIONAL ENDOWMENT FOR THE ARTS,,,,,,,MULTIPLE RECIPIENTS,MULTIPLE RECIPIENTS,,,,,USA,UNITED STATES,,,,,,,36,NY,NEW YORK,,,NY-13,,,,,STATE-WIDE,USA,UNITED STATES,NY*****,,,,36,NEW YORK,,NY-13,,,45.024,PROMOTION OF THE ARTS GRANTS TO ORGANIZATIONS AND INDIVIDUALS,2024NEA03LFTP,TO ENSURE OPPORTUNITIES FOR THE INTERNATIONAL EXCHANGE OF ARTS AND CULTURAL TRADITIONS THROUGH THE TRANSLATION OF WORKS OF PROSE  POETRY  AND DRAMA FROM OTHER LANGUAGES INTO ENGLISH.,04,PROJECT GRANT (B),,,,,PURPOSE: TO SUPPORT THE TRANSLATION OF THE NOVEL EDEN AT DAWN&NBSP;BY KARIM KATTAN FROM THE FRENCH.,PURPOSE: TO SUPPORT THE TRANSLATION OF THE NOVEL EDEN AT DAWN&NBSP;BY KARIM KATTAN FROM THE FRENCH.,NON,NOT RECOVERY ACT,P,INDIVIDUAL,,,A1,New Award,1,AGGREGATE RECORD,,,,,,,,,,,https://www.usaspending.gov/award/ASST_AGG_70534_417/,2025-01-30 14:45:38.261828+00,2025-01-30 14:45:38.261828+00,recipient county outside NYC; no named recipient ID
5920_-NONE-_70535_45.024_-NONE-,ASST_AGG_70535_417,,,70535,SAI EXEMPT,15000.00,15000.00,,0.00,0.00,0.00,0.00,0.00,0.00,0.00,15000.00,,,,,,2025-01-17,2025,2025-01-01,2026-01-31,417,National Endowment for the Arts,5920,National Endowment for the Arts,593105,NATIONAL ENDOWMENT FOR THE ARTS,417,National Endowment for the Arts,5920,National Endowment for the Arts,593105,NATIONAL ENDOWMENT FOR THE ARTS,,,,,,,MULTIPLE RECIPIENTS,MULTIPLE RECIPIENTS,,,,,USA,UNITED STATES,,,,,36025,DELAWARE,36,NY,NEW YORK,,,NY-10,NY-19,,,,COUNTY-WIDE,USA,UNITED STATES,NY**025,,36025,DELAWARE,36,NEW YORK,,NY-10,NY-19,,45.024,PROMOTION OF THE ARTS GRANTS TO ORGANIZATIONS AND INDIVIDUALS,2024NEA03LFTP,TO ENSURE OPPORTUNITIES FOR THE INTERNATIONAL EXCHANGE OF ARTS AND CULTURAL TRADITIONS THROUGH THE TRANSLATION OF WORKS OF PROSE  POETRY  AND DRAMA FROM OTHER LANGUAGES INTO ENGLISH.,04,PROJECT GRANT (B),,,,,PURPOSE: TO SUPPORT THE TRANSLATION OF TAVERN AND OTHER PLACES AND A SLIGHTLY ODIOUS BOOK&NBSP;BY SALVADORAN WRITER ROQUE DALTON FROM THE SPANISH.,PURPOSE: TO SUPPORT THE TRANSLATION OF TAVERN AND OTHER PLACES AND A SLIGHTLY ODIOUS BOOK&NBSP;BY SALVADORAN WRITER ROQUE DALTON FROM THE SPANISH.,NON,NOT RECOVERY ACT,P,INDIVIDUAL,,,A1,New Award,1,AGGREGATE RECORD,,,,,,,,,,,https://www.usaspending.gov/award/ASST_AGG_70535_417/,2025-01-30 14:45:38.261828+00,2025-01-30 14:45:38.261828+00,recipient county outside NYC; no named recipient ID
5920_-NONE-_70539_45.024_-NONE-,ASST_AGG_70539_417,,,70539,SAI EXEMPT,10000.00,10000.00,,0.00,0.00,0.00,0.00,0.00,0.00,0.00,10000.00,,,,,,2025-01-17,2025,2025-01-01,2025-12-31,417,National Endowment for the Arts,5920,National Endowment for the Arts,593105,NATIONAL ENDOWMENT FOR THE ARTS,417,National Endowment for the Arts,5920,National Endowment for the Arts,593105,NATIONAL ENDOWMENT FOR THE ARTS,,,,,,,MULTIPLE RECIPIENTS,MULTIPLE RECIPIENTS,,,,,USA,UNITED STATES,,,,,36025,DELAWARE,36,NY,NEW YORK,,,NY-09,NY-19,,,,COUNTY-WIDE,USA,UNITED STATES,NY**025,,36025,DELAWARE,36,NEW YORK,,NY-09,NY-19,,45.024,PROMOTION OF THE ARTS GRANTS TO ORGANIZATIONS AND INDIVIDUALS,2024NEA03LFTP,TO ENSURE OPPORTUNITIES FOR THE INTERNATIONAL EXCHANGE OF ARTS AND CULTURAL TRADITIONS THROUGH THE TRANSLATION OF WORKS OF PROSE  POETRY  AND DRAMA FROM OTHER LANGUAGES INTO ENGLISH.,04,PROJECT GRANT (B),,,,,PURPOSE: TO SUPPORT THE TRANSLATION OF THE NOVEL THE BARBARIANS LAUGHTER&NBSP;BY SEMA KAYGUSUZ FROM THE TURKISH.,PURPOSE: TO SUPPORT THE TRANSLATION OF THE NOVEL THE BARBARIANS LAUGHTER&NBSP;BY SEMA KAYGUSUZ FROM THE TURKISH.,NON,NOT RECOVERY ACT,P,INDIVIDUAL,,,A1,New Award,1,AGGREGATE RECORD,,,,,,,,,,,https://www.usaspending.gov/award/ASST_AGG_70539_417/,2025-01-30 14:45:38.261828+00,2025-01-30 14:45:38.261828+00,recipient county outside NYC; no named recipient ID
5920_-NONE-_70541_45.024_-NONE-,ASST_AGG_70541_417,,,70541,SAI EXEMPT,15000.00,15000.00,,0.00,0.00,0.00,0.00,0.00,0.00,0.00,15000.00,,,,,,2025-01-17,2025,2025-01-01,2025-12-31,417,National Endowment for the Arts,5920,National Endowment for the Arts,593105,NATIONAL ENDOWMENT FOR THE ARTS,417,National Endowment for the Arts,5920,National Endowment for the Arts,593105,NATIONAL ENDOWMENT FOR THE ARTS,,,,,,,MULTIPLE RECIPIENTS,MULTIPLE RECIPIENTS,,,,,USA,UNITED STATES,,,,,36025,DELAWARE,36,NY,NEW YORK,,,NY-09,NY-19,,,,COUNTY-WIDE,USA,UNITED STATES,NY**025,,36025,DELAWARE,36,NEW YORK,,NY-09,NY-19,,45.024,PROMOTION OF THE ARTS GRANTS TO ORGANIZATIONS AND INDIVIDUALS,2024NEA03LFTP,TO ENSURE OPPORTUNITIES FOR THE INTERNATIONAL EXCHANGE OF ARTS AND CULTURAL TRADITIONS THROUGH THE TRANSLATION OF WORKS OF PROSE  POETRY  AND DRAMA FROM OTHER LANGUAGES INTO ENGLISH.,04,PROJECT GRANT (B),,,,,PURPOSE: TO SUPPORT THE TRANSLATION OF THE NOVEL STEPPE BY OKSANA VASYAKINA FROM THE RUSSIAN.,PURPOSE: TO SUPPORT THE TRANSLATION OF THE NOVEL STEPPE BY OKSANA VASYAKINA FROM THE RUSSIAN.,NON,NOT RECOVERY ACT,P,INDIVIDUAL,,,A1,New Award,1,AGGREGATE RECORD,,,,,,,,,,,https://www.usaspending.gov/award/ASST_AGG_70541_417/,2025-01-30 14:45:38.261828+00,2025-01-30 14:45:38.261828+00,recipient county outside NYC; no named recipient ID
5920_-NONE-_70967_45.024_-NONE-,ASST_AGG_70967_417,,,70967,SAI EXEMPT,25000.00,25000.00,,0.00,0.00,0.00,0.00,0.00,0.00,0.00,25000.00,,,,,,2025-03-24,2025,2025-01-01,2025-12-31,417,National Endowment for the Arts,5920,National Endowment for the Arts,593105,NATIONAL ENDOWMENT FOR THE ARTS,417,National Endowment for the Arts,5920,National Endowment for the Arts,593105,NATIONAL ENDOWMENT FOR THE ARTS,,,,,,,MULTIPLE RECIPIENTS,MULTIPLE RECIPIENTS,,,,,USA,UNITED STATES,,,,,36061,NEW YORK,36,NY,NEW YORK,,,NY-10,NY-90,,,,COUNTY-WIDE,USA,UNITED STATES,NY**061,,36061,NEW YORK,36,NEW YORK,,NY-10,NY-90,,45.024,PROMOTION OF THE ARTS GRANTS TO ORGANIZATIONS AND INDIVIDUALS,2024NEA03LFCW,TO SUPPORT ACTIVITIES THAT CONTRIBUTE TO THE PROFESSIONAL DEVELOPMENT AND ARTISTIC GROWTH OF CREATIVE WRITERS.,04,PROJECT GRANT (B),,,,,PURPOSE: TO SUPPORT A CREATIVE WRITING FELLOWSHIP.,PURPOSE: TO SUPPORT A CREATIVE WRITING FELLOWSHIP.,NON,NOT RECOVERY ACT,P,INDIVIDUAL,,,A1,New Award,1,AGGREGATE RECORD,,,,,,,,,,,https://www.usaspending.gov/award/ASST_AGG_70967_417/,2025-03-26 14:12:55.759117+00,2025-03-26 14:12:55.759117+00,no named recipient ID
5920_-NONE-_70972_45.024_-NONE-,ASST_AGG_70972_417,,,70972,SAI EXEMPT,25000.00,25000.00,,0.00,0.00,0.00,0.00,0.00,0.00,0.00,25000.00,,,,,,2025-03-24,2025,2025-01-01,2025-12-31,417,National Endowment for the Arts,5920,National Endowment for the Arts,593105,NATIONAL ENDOWMENT FOR THE ARTS,417,National Endowment for the Arts,5920,National Endowment for the Arts,593105,NATIONAL ENDOWMENT FOR THE ARTS,,,,,,,MULTIPLE RECIPIENTS,MULTIPLE RECIPIENTS,,,,,USA,UNITED STATES,,,,,36025,DELAWARE,36,NY,NEW YORK,,,NY-08,NY-19,,,,COUNTY-WIDE,USA,UNITED STATES,NY**025,,36025,DELAWARE,36,NEW YORK,,NY-08,NY-19,,45.024,PROMOTION OF THE ARTS GRANTS TO ORGANIZATIONS AND INDIVIDUALS,2024NEA03LFCW,TO SUPPORT ACTIVITIES THAT CONTRIBUTE TO THE PROFESSIONAL DEVELOPMENT AND ARTISTIC GROWTH OF CREATIVE WRITERS.,04,PROJECT GRANT (B),,,,,PURPOSE: TO SUPPORT A CREATIVE WRITING FELLOWSHIP.,PURPOSE: TO SUPPORT A CREATIVE WRITING FELLOWSHIP.,NON,NOT RECOVERY ACT,P,INDIVIDUAL,,,A1,New Award,1,AGGREGATE RECORD,,,,,,,,,,,https://www.usaspending.gov/award/ASST_AGG_70972_417/,2025-03-26 14:12:55.759117+00,2025-03-26 14:12:55.759117+00,recipient county outside NYC; no named recipient ID
5920_-NONE-_70986_45.024_-NONE-,ASST_AGG_70986_417,,,70986,SAI EXEMPT,25000.00,25000.00,,0.00,0.00,0.00,0.00,0.00,0.00,0.00,25000.00,,,,,,2025-03-24,2025,2025-01-01,2025-12-31,417,National Endowment for the Arts,5920,National Endowment for the Arts,593105,NATIONAL ENDOWMENT FOR THE ARTS,417,National Endowment for the Arts,5920,National Endowment for the Arts,593105,NATIONAL ENDOWMENT FOR THE ARTS,,,,,,,MULTIPLE RECIPIENTS,MULTIPLE RECIPIENTS,,,,,USA,UNITED STATES,,,,,,,36,NY,NEW YORK,,,NY-06,,,,,STATE-WIDE,USA,UNITED STATES,NY*****,,,,36,NEW YORK,,NY-06,,,45.024,PROMOTION OF THE ARTS GRANTS TO ORGANIZATIONS AND INDIVIDUALS,2024NEA03LFCW,TO SUPPORT ACTIVITIES THAT CONTRIBUTE TO THE PROFESSIONAL DEVELOPMENT AND ARTISTIC GROWTH OF CREATIVE WRITERS.,04,PROJECT GRANT (B),,,,,PURPOSE: TO SUPPORT A CREATIVE WRITING FELLOWSHIP.,PURPOSE: TO SUPPORT A CREATIVE WRITING FELLOWSHIP.,NON,NOT RECOVERY ACT,P,INDIVIDUAL,,,A1,New Award,1,AGGREGATE RECORD,,,,,,,,,,,https://www.usaspending.gov/award/ASST_AGG_70986_417/,2025-03-26 14:12:55.759117+00,2025-03-26 14:12:55.759117+00,recipient county outside NYC; no named recipient ID
5920_-NONE-_73568_45.024_-NONE-,ASST_AGG_73568_417,,,73568,SAI EXEMPT,25000.00,25000.00,,0.00,0.00,0.00,0.00,0.00,0.00,0.00,25000.00,,,,,,2025-04-08,2025,2024-12-01,2025-12-31,417,National Endowment for the Arts,5920,National Endowment for the Arts,593105,NATIONAL ENDOWMENT FOR THE ARTS,417,National Endowment for the Arts,5920,National Endowment for the Arts,593105,NATIONAL ENDOWMENT FOR THE ARTS,,,,,,,MULTIPLE RECIPIENTS,MULTIPLE RECIPIENTS,,,,,USA,UNITED STATES,,,,,36081,QUEENS,36,NY,NEW YORK,,,NY-14,NY-90,,,,COUNTY-WIDE,USA,UNITED STATES,NY**081,,36081,QUEENS,36,NEW YORK,,NY-14,NY-90,,45.024,PROMOTION OF THE ARTS GRANTS TO ORGANIZATIONS AND INDIVIDUALS,NEANHF2021,TO HONOR AND SUSTAIN FOLK AND TRADITIONAL ARTISTS AND THEIR COMMUNITIES.,04,PROJECT GRANT (B),,,,,PURPOSE: TO SUPPORT A NEA NATIONAL HERITAGE FELLOWSHIP FOR PENIEL GUERRIER  HAITIAN DANCER.,PURPOSE: TO SUPPORT A NEA NATIONAL HERITAGE FELLOWSHIP FOR PENIEL GUERRIER  HAITIAN DANCER.,NON,NOT RECOVERY ACT,P,INDIVIDUAL,,,A1,New Award,1,AGGREGATE RECORD,,,,,,,,,,,https://www.usaspending.gov/award/ASST_AGG_73568_417/,2025-04-17 18:55:41.638722+00,2025-04-17 18:55:41.638722+00,no named recipient ID
5920_1855310-41-19_-NONE-_45.024_1,ASST_NON_1855310-41-19_417,1855310-41-19,1,,SAI EXEMPT,-618.00,19382.00,19382.00,13133.00,0.00,0.00,0.00,0.00,0.00,0.00,-618.00,Q: Not Designated Nonemergency/Emergency/Disaster/Wildfire Suppression,,,,,2022-10-19,2023,2019-06-01,2022-05-31,417,National Endowment for the Arts,5920,National Endowment for the Arts,593105,NATIONAL ENDOWMENT FOR THE ARTS,417,National Endowment for the Arts,5920,National Endowment for the Arts,593105,NATIONAL ENDOWMENT FOR THE ARTS,417-X-0100-000,417-0100,"41.0: Grants, subsidies, and contributions",0001: PROMOTION OF THE ARTS,LMCJKRFW5R81,,THE RESEARCH FOUNDATION FOR THE STATE UNIVERSITY OF NEW YORK,RESEARCH FOUNDATION FOR THE STATE UNIVERSITY OF NEW YORK  SUNY AT BUFFALO,GMZUKXFDJMA9,,THE RESEARCH FOUNDATION FOR THE STATE UNIVERSITY OF NEW YORK,THE RESEARCH FOUNDATION FOR THE STATE UNIVERSITY OF NEW YORK,USA,UNITED STATES,520 LEE ENTRANCE STE 211,,11000,BUFFALO,36029,ERIE,36,NY,NEW YORK,14228,2577,NY-26,NY-26,,,,STATE-WIDE,USA,UNITED STATES,NY*****,,,,36,NEW YORK,,NY-26,,,45.024,PROMOTION OF THE ARTS GRANTS TO ORGANIZATIONS AND INDIVIDUALS,,,04,PROJECT GRANT (B),,,,,TO SUPPORT A RESIDENCY AND MENTORSHIP PROGRAM FOR ARTISTS TO DEVELOP PROJECTS WORKING DIRECTLY WITH SCIENTISTS AND TECHNOLOGISTS.,TO SUPPORT A RESIDENCY AND MENTORSHIP PROGRAM FOR ARTISTS TO DEVELOP PROJECTS WORKING DIRECTLY WITH SCIENTISTS AND TECHNOLOGISTS.,NON,NOT RECOVERY ACT,A,STATE GOVERNMENT,,,A1,New Award,2,NON-AGGREGATE RECORD,,,,,,,,,,,https://www.usaspending.gov/award/ASST_NON_1855310-41-19_417/,2022-10-20 13:20:14.208191+00,2022-10-20 13:20:14.208191+00,recipient county outside NYC
5920_1856068-38-19_-NONE-_45.024_-NONE-,ASST_NON_1856068-38-19_417,1856068-38-19,,,SAI EXEMPT,-20710.27,41727.21,41727.21,,0.00,0.00,0.00,0.00,0.00,0.00,-20710.27,Q: Not Designated Nonemergency/Emergency/Disaster/Wildfire Suppression,,,,,2021-10-18,2022,2019-05-01,2021-04-30,417,National Endowment for the Arts,5920,National Endowment for the Arts,593105,NATIONAL ENDOWMENT FOR THE ARTS,417,National Endowment for the Arts,5920,National Endowment for the Arts,593105,NATIONAL ENDOWMENT FOR THE ARTS,417-X-0100-000,417-0100,"41.0: Grants, subsidies, and contributions",0001: PROMOTION OF THE ARTS,E7K5XSFYLYG5,074013590,BUFFALO FINE ARTS ACADEMY,BUFFALO FINE ARTS ACADEMY,,,,,USA,UNITED STATES,1285 ELMWOOD AVE,,11000,BUFFALO,36029,ERIE,36,NY,NEW YORK,14222,1003,NY-26,NY-26,,,,STATE-WIDE,USA,UNITED STATES,NY*****,,,,36,NEW YORK,,NY-26,,,45.024,PROMOTION OF THE ARTS GRANTS TO ORGANIZATIONS AND INDIVIDUALS,,,04,PROJECT GRANT (B),,,,,TO SUPPORT A&NBSP;CORRELATIONAL&NBSP;STUDY TESTING WHETHER VISUAL ART TRAINING&NBSP;IS RELATED TO&NBSP;VISUAL ABILITIES IN NON-ART DOMAINS.&NBSP;,TO SUPPORT A STUDY TESTING WHETHER VISUAL ART TRAINING CAN ENHANCE VISUAL PERCEPTION AND VISUAL COGNITION IN NON-ART DOMAINS.,NON,NOT RECOVERY ACT,M,NONPROFIT WITH 501C3 IRS STATUS (OTHER THAN AN INSTITUTION OF HIGHER EDUCATION),,,A1,New Award,2,NON-AGGREGATE RECORD,,,,,,,,,,,https://www.usaspending.gov/award/ASST_NON_1856068-38-19_417/,2021-10-22 14:31:49.42673+00,2021-10-22 14:31:49.42673+00,recipient county outside NYC
5920_1856068-38-19_-NONE-_45.024_1.1,ASST_NON_1856068-38-19_417,1856068-38-19,1.1,,SAI EXEMPT,-22562.52,41727.21,41727.21,,0.00,0.00,0.00,0.00,0.00,0.00,-22562.52,Q: Not Designated Nonemergency/Emergency/Disaster/Wildfire Suppression,,,,,2021-12-14,2022,2019-05-01,2021-04-30,417,National Endowment for the Arts,5920,National Endowment for the Arts,593105,NATIONAL ENDOWMENT FOR THE ARTS,417,National Endowment for the Arts,5920,National Endowment for the Arts,593105,NATIONAL ENDOWMENT FOR THE ARTS,417-X-0100-000,417-0100,"41.0: Grants, subsidies, and contributions",0001: PROMOTION OF THE ARTS,E7K5XSFYLYG5,074013590,BUFFALO FINE ARTS ACADEMY,BUFFALO FINE ARTS ACADEMY,,,,,USA,UNITED STATES,1285 ELMWOOD AVE,,11000,BUFFALO,36029,ERIE,36,NY,NEW YORK,14222,1003,NY-26,NY-26,,,,STATE-WIDE,USA,UNITED STATES,NY*****,,,,36,NEW YORK,,NY-26,,,45.024,PROMOTION OF THE ARTS GRANTS TO ORGANIZATIONS AND INDIVIDUALS,,,04,PROJECT GRANT (B),,,,,TO SUPPORT A&NBSP;CORRELATIONAL&NBSP;STUDY TESTING WHETHER VISUAL ART TRAINING&NBSP;IS RELATED TO&NBSP;VISUAL ABILITIES IN NON-ART DOMAINS.&NBSP;,TO SUPPORT A STUDY TESTING WHETHER VISUAL ART TRAINING CAN ENHANCE VISUAL PERCEPTION AND VISUAL COGNITION IN NON-ART DOMAINS.,NON,NOT RECOVERY ACT,M,NONPROFIT WITH 501C3 IRS STATUS (OTHER THAN AN INSTITUTION OF HIGHER EDUCATION),,,A1,New Award,2,NON-AGGREGATE RECORD,,,,,,,,,,,https://www.usaspending.gov/award/ASST_NON_1856068-38-19_417/,2021-12-15 16:46:23.888707+00,2021-12-15 16:46:23.888707+00,recipient county outside NYC
5920_1858365-54-20_-NONE-_45.024_1.1,ASST_NON_1858365-54-20_417,1858365-54-20,1.1,,SAI EXEMPT,-5.80,24994.20,24994.20,,0.00,0.00,0.00,0.00,0.00,0.00,-5.80,Q: Not Designated Nonemergency/Emergency/Disaster/Wildfire Suppression,,,,,2021-10-18,2022,2020-01-01,2021-06-30,417,National Endowment for the Arts,5920,National Endowment for the Arts,593105,NATIONAL ENDOWMENT FOR THE ARTS,417,National Endowment for the Arts,5920,National Endowment for the Arts,593105,NATIONAL ENDOWMENT FOR THE ARTS,417-X-0100-000,417-0100,"41.0: Grants, subsidies, and contributions",0001: PROMOTION OF THE ARTS,U5WBFKEBLMX3,002430742,RENSSELAER POLYTECHNIC INSTITUTE,RENSSELAER POLYTECHNIC INSTITUTE,U5WBFKEBLMX3,002430742,RENSSELAER POLYTECHNIC INSTITUTE,RENSSELAER POLYTECHNIC INSTITUTE,USA,UNITED STATES,110 8TH ST,,75484,TROY,36083,RENSSELAER,36,NY,NEW YORK,12180,3522,NY-20,NY-20,,,,STATE-WIDE,USA,UNITED STATES,NY*****,,,,36,NEW YORK,,NY-20,,,45.024,PROMOTION OF THE ARTS GRANTS TO ORGANIZATIONS AND INDIVIDUALS,,,04,PROJECT GRANT (B),,,,,TO SUPPORT AN ARTIST RESIDENCY AND COMMISSIONING PROGRAM AT THE EXPERIMENTAL MEDIA AND PERFORMING ARTS CENTER (EMPAC).,TO SUPPORT AN ARTIST RESIDENCY AND COMMISSIONING PROGRAM AT THE EXPERIMENTAL MEDIA AND PERFORMING ARTS CENTER (EMPAC).,NON,NOT RECOVERY ACT,M,NONPROFIT WITH 501C3 IRS STATUS (OTHER THAN AN INSTITUTION OF HIGHER EDUCATION),,,A1,New Award,2,NON-AGGREGATE RECORD,,,,,,,,,,,https://www.usaspending.gov/award/ASST_NON_1858365-54-20_417/,2021-10-22 14:31:49.42673+00,2021-10-22 14:31:49.42673+00,recipient county outside NYC
5920_1863454-61-20_-NONE-_45.025_1,ASST_NON_1863454-61-20_417,1863454-61-20,1,,SAI EXEMPT,-102652.00,1728178.00,1728178.00,0.00,0.00,0.00,0.00,0.00,0.00,0.00,-102652.00,Q: Not Designated Nonemergency/Emergency/Disaster/Wildfire Suppression;V: Non-emergency P.L. 117-2,935248.00,935248.00,,,2024-06-17,2024,2020-07-01,2023-06-30,417,National Endowment for the Arts,5920,National Endowment for the Arts,593105,NATIONAL ENDOWMENT FOR THE ARTS,417,National Endowment for the Arts,5920,National Endowment for the Arts,593105,NATIONAL ENDOWMENT FOR THE ARTS,417-X-0100-000,417-0100,"41.0: Grants, subsidies, and contributions",0001: PROMOTION OF THE ARTS,QCK4L4K7G3F3,,NEW YORK STATE COUNCIL ON THE ARTS,NEW YORK STATE COUNCIL ON THE ARTS,,,,,USA,UNITED STATES,411 5TH AVE RM 700,,51000,NEW YORK,36061,NEW YORK,36,NY,NEW YORK,10016,2268,NY-12,NY-12,,,,STATE-WIDE,USA,UNITED STATES,NY*****,,,,36,NEW YORK,,NY-12,,,45.025,PROMOTION OF THE ARTS PARTNERSHIP AGREEMENTS,2020NEA04PA,TO SUPPORT ARTS PROGRAMS  SERVICES  AND ACTIVITIES ASSOCIATED WITH CARRYING OUT THE STATE ARTS AGENCYS NATIONAL ENDOWMENT FOR THE ARTS-APPROVED STRATEGIC PLAN.,04,PROJECT GRANT (B),,,,,TO SUPPORT ARTS PROGRAMS  SERVICES  AND ACTIVITIES ASSOCIATED WITH CARRYING OUT THE AGENCY’S NATIONAL ENDOWMENT FOR THE ARTS-APPROVED STRATEGIC PLAN &NBSP;AND SUBGRANTING TO THE NONPROFIT ARTS SECTOR IN ORDER TO PRESERVE JOBS AND MAINTAIN OPERATIONS TO FUEL THE RECOVERY OF THE NATION’S ARTS SECTOR FROM THE DEVASTATING ECONOMIC AND HEALTH EFFECTS OF THE COVID-19 PANDEMIC.&NBSP;,TO SUPPORT ARTS PROGRAMS  SERVICES  AND ACTIVITIES ASSOCIATED WITH CARRYING OUT THE AGENCY’S NATIONAL ENDOWMENT FOR THE ARTS-APPROVED STRATEGIC PLAN.,NON,NOT RECOVERY ACT,A,STATE GOVERNMENT,,,B1,Continuation,2,NON-AGGREGATE RECORD,,,,,,,,,,,https://www.usaspending.gov/award/ASST_NON_1863454-61-20_417/,2024-06-26 18:10:15.696621+00,2024-06-26 18:10:15.696621+00,not listing 45.024
5920_1863565-59-20_-NONE-_45.024_1,ASST_NON_1863565-59-20_417,1863565-59-20,1,,SAI EXEMPT,-800.00,9200.00,9200.00,0.00,0.00,0.00,0.00,0.00,0.00,0.00,-800.00,Q: Not Designated Nonemergency/Emergency/Disaster/Wildfire Suppression,,,,,2022-06-15,2022,2020-04-01,2021-12-31,417,National Endowment for the Arts,5920,National Endowment for the Arts,593105,NATIONAL ENDOWMENT FOR THE ARTS,417,National Endowment for the Arts,5920,National Endowment for the Arts,593105,NATIONAL ENDOWMENT FOR THE ARTS,417-X-0100-000,417-0100,"41.0: Grants, subsidies, and contributions",0001: PROMOTION OF THE ARTS,KWMWKNVMHFT7,,"ISLIP ARTS COUNCIL, INC",ISLIP ARTS COUNCIL,,,,,USA,UNITED STATES,50 IRISH LN,,22315,EAST ISLIP,36103,SUFFOLK,36,NY,NEW YORK,11730,2003,NY-02,NY-02,,,,STATE-WIDE,USA,UNITED STATES,NY*****,,,,36,NEW YORK,,NY-02,,,45.024,PROMOTION OF THE ARTS GRANTS TO ORGANIZATIONS AND INDIVIDUALS,,,04,PROJECT GRANT (B),,,,,TO SUPPORT PLANNING AND MARKETING COSTS FOR THE PHOTOGRAPHY EXHIBIT SECOND CHANCES AT THE ISLIP ART MUSEUM.&NBSP; WORK WILL BE CREATED BY YOUTH ON JUVENILE PROBATION.,TO SUPPORT A PHOTOGRAPHY EXHIBIT OF WORK CREATED BY YOUTH ON JUVENILE PROBATION  WITH ASSOCIATED CLASSES  WORKSHOP  AND A SYMPOSIUM AT THE ISLIP ART MUSEUM.,NON,NOT RECOVERY ACT,M,NONPROFIT WITH 501C3 IRS STATUS (OTHER THAN AN INSTITUTION OF HIGHER EDUCATION),,,A1,New Award,2,NON-AGGREGATE RECORD,,,,,,,,,,,https://www.usaspending.gov/award/ASST_NON_1863565-59-20_417/,2022-06-27 19:04:01.967142+00,2022-06-27 19:04:01.967142+00,recipient county outside NYC
5920_1864268-55-21_-NONE-_45.024_1.1,ASST_NON_1864268-55-21_417,1864268-55-21,1.1,,SAI EXEMPT,-4532.86,9217.14,9217.14,4438.00,0.00,0.00,0.00,0.00,0.00,0.00,-4532.86,Q: Not Designated Nonemergency/Emergency/Disaster/Wildfire Suppression,,,,,2022-04-18,2022,2021-01-01,2021-11-30,417,National Endowment for the Arts,5920,National Endowment for the Arts,593105,NATIONAL ENDOWMENT FOR THE ARTS,417,National Endowment for the Arts,5920,National Endowment for the Arts,593105,NATIONAL ENDOWMENT FOR THE ARTS,417-X-0100-000,417-0100,"41.0: Grants, subsidies, and contributions",0001: PROMOTION OF THE ARTS,G9GLDN3W57D1,,SAINT REGIS MOHAWK TRIBE,SAINT REGIS MOHAWK TRIBE,,,,,USA,UNITED STATES,71 MARGARET TERRANCE MEMORIAL WAY,,35034,HOGANSBURG,36033,FRANKLIN,36,NY,NEW YORK,13655,3236,NY-21,NY-21,,,,STATE-WIDE,USA,UNITED STATES,NY*****,,,,36,NEW YORK,,NY-21,,,45.024,PROMOTION OF THE ARTS GRANTS TO ORGANIZATIONS AND INDIVIDUALS,,,04,PROJECT GRANT (B),,,,,TO SUPPORT THE CREATION OF IROQUOIS SMOKE DANCER SCULPTURES&NBSP;FOR PUBLIC DISPLAY AT THE TRIBE’S HERITAGE COMPLEX.,TO SUPPORT THE CREATION OF IROQUOIS SMOKE DANCER SCULPTURESFOR PUBLIC DISPLAY AT THE TRIBEÂ€™S HERITAGE COMPLEX.,NON,NOT RECOVERY ACT,M,NONPROFIT WITH 501C3 IRS STATUS (OTHER THAN AN INSTITUTION OF HIGHER EDUCATION),,,A1,New Award,2,NON-AGGREGATE RECORD,,,,,,,,,,,https://www.usaspending.gov/award/ASST_NON_1864268-55-21_417/,2022-04-27 15:31:29.01266+00,2022-04-27 15:31:29.01266+00,recipient county outside NYC
5920_1865261-54-21_-NONE-_45.024_1,ASST_NON_1865261-54-21_417,1865261-54-21,1,,SAI EXEMPT,-0.40,14999.60,14999.60,17372.00,0.00,0.00,0.00,0.00,0.00,0.00,-0.40,Q: Not Designated Nonemergency/Emergency/Disaster/Wildfire Suppression,,,,,2022-06-15,2022,2021-01-01,2021-12-31,417,National Endowment for the Arts,5920,National Endowment for the Arts,593105,NATIONAL ENDOWMENT FOR THE ARTS,417,National Endowment for the Arts,5920,National Endowment for the Arts,593105,NATIONAL ENDOWMENT FOR THE ARTS,417-X-0100-000,417-0100,"41.0: Grants, subsidies, and contributions",0001: PROMOTION OF THE ARTS,U5WBFKEBLMX3,,RENSSELAER POLYTECHNIC INSTITUTE,RENSSELAER POLYTECHNIC INSTITUTE,,,RENSSELAER POLYTECHNIC INSTITUTE,RENSSELAER POLYTECHNIC INSTITUTE,USA,UNITED STATES,110 8TH ST,,75484,TROY,36083,RENSSELAER,36,NY,NEW YORK,12180,3522,NY-20,NY-20,,,,STATE-WIDE,USA,UNITED STATES,NY*****,,,,36,NEW YORK,,NY-20,,,45.024,PROMOTION OF THE ARTS GRANTS TO ORGANIZATIONS AND INDIVIDUALS,,,04,PROJECT GRANT (B),,,,,TO SUPPORT ARTIST&NBSP;FEES AND ADMINISTRATIVE COSTS&NBSP;FOR AN&NBSP;ARTIST RESIDENCY AND COMMISSIONING PROGRAM AT THE EXPERIMENTAL MEDIA AND PERFORMING ARTS CENTER.,TO SUPPORT ARTIST&NBSP;FEES AND ADMINISTRATIVE COSTS&NBSP;FOR AN&NBSP;ARTIST RESIDENCY AND COMMISSIONING PROGRAM AT THE EXPERIMENTAL MEDIA AND PERFORMING ARTS CENTER.,NON,NOT RECOVERY ACT,M,NONPROFIT WITH 501C3 IRS STATUS (OTHER THAN AN INSTITUTION OF HIGHER EDUCATION),,,A1,New Award,2,NON-AGGREGATE RECORD,,,,,,,,,,,https://www.usaspending.gov/award/ASST_NON_1865261-54-21_417/,2022-06-27 19:04:01.967142+00,2022-06-27 19:04:01.967142+00,recipient county outside NYC
5920_1884043-44-21_-NONE-_45.024_1.1,ASST_NON_1884043-44-21_417,1884043-44-21,1.1,,SAI EXEMPT,-4.00,24996.00,24996.00,18789.00,0.00,0.00,0.00,0.00,0.00,0.00,-4.00,Q: Not Designated Nonemergency/Emergency/Disaster/Wildfire Suppression,,,,,2022-04-18,2022,2021-06-01,2021-12-31,417,National Endowment for the Arts,5920,National Endowment for the Arts,593105,NATIONAL ENDOWMENT FOR THE ARTS,417,National Endowment for the Arts,5920,National Endowment for the Arts,593105,NATIONAL ENDOWMENT FOR THE ARTS,417-X-0100-000,417-0100,"41.0: Grants, subsidies, and contributions",0001: PROMOTION OF THE ARTS,SSLNDEA6SHT6,,THE RESEARCH FOUNDATION FOR THE STATE UNIVERSITY OF NEW YORK,RESEARCH FOUNDATION FOR THE STATE UNIVERSITY OF NEW YORK AT NEW PALTZ,GMZUKXFDJMA9,,THE RESEARCH FOUNDATION FOR THE STATE UNIVERSITY OF NEW YORK,"RESEARCH FOUNDATION FOR THE STATE UNIVERSITY OF NEW YORK, THE",USA,UNITED STATES,75 S MANHEIM BLVD,,50551,NEW PALTZ,36111,ULSTER,36,NY,NEW YORK,12561,2407,NY-19,NY-18,,,,STATE-WIDE,USA,UNITED STATES,NY*****,,,,36,NEW YORK,,NY-19,,,45.024,PROMOTION OF THE ARTS GRANTS TO ORGANIZATIONS AND INDIVIDUALS,,,04,PROJECT GRANT (B),,,,,TO SUPPORT AN EXHIBITION OF WORKS BY KATE MILLETT AND OTHER FEMINIST ARTISTS.,TO SUPPORT AN EXHIBITION OF WORKS BY KATE MILLETT AND OTHER FEMINIST ARTISTS.,NON,NOT RECOVERY ACT,A,STATE GOVERNMENT,,,A1,New Award,2,NON-AGGREGATE RECORD,,,,,,,,,,,https://www.usaspending.gov/award/ASST_NON_1884043-44-21_417/,2022-04-27 15:31:29.01266+00,2022-04-27 15:31:29.01266+00,recipient county outside NYC
5920_1887209-41-22_-NONE-_45.024_-NONE-,ASST_NON_1887209-41-22_417,1887209-41-22,,,SAI EXEMPT,25000.00,25000.00,25000.00,0.00,0.00,0.00,0.00,0.00,0.00,0.00,25000.00,Q: Not Designated Nonemergency/Emergency/Disaster/Wildfire Suppression,,,,,2022-05-10,2022,2022-07-01,2023-06-30,417,National Endowment for the Arts,5920,National Endowment for the Arts,593105,NATIONAL ENDOWMENT FOR THE ARTS,417,National Endowment for the Arts,5920,National Endowment for the Arts,593105,NATIONAL ENDOWMENT FOR THE ARTS,417-X-0100-000,417-0100,"41.0: Grants, subsidies, and contributions",0001: PROMOTION OF THE ARTS,GVGGMU5JLN15,,LIGHT WORK VISUAL STUDIES INC,LIGHT WORK VISUAL STUDIES  INC.,,,,,USA,UNITED STATES,316 WAVERLY AVE,,73000,SYRACUSE,36067,ONONDAGA,36,NY,NEW YORK,13210,2437,NY-24,NY-22,,,,STATE-WIDE,USA,UNITED STATES,NY*****,,,,36,NEW YORK,,NY-24,,,45.024,PROMOTION OF THE ARTS GRANTS TO ORGANIZATIONS AND INDIVIDUALS,,,04,PROJECT GRANT (B),,,,,PURPOSE: TO SUPPORT A RESIDENCY PROGRAM FOR PHOTOGRAPHERS.,PURPOSE: TO SUPPORT A RESIDENCY PROGRAM FOR PHOTOGRAPHERS.,NON,NOT RECOVERY ACT,M,NONPROFIT WITH 501C3 IRS STATUS (OTHER THAN AN INSTITUTION OF HIGHER EDUCATION),,,A1,New Award,2,NON-AGGREGATE RECORD,,,,,,,,,,,https://www.usaspending.gov/award/ASST_NON_1887209-41-22_417/,2022-05-19 17:17:17.004314+00,2022-05-19 17:17:17.004314+00,recipient county outside NYC
5920_1887455-36-22_-NONE-_45.024_-NONE-,ASST_NON_1887455-36-22_417,1887455-36-22,,,SAI EXEMPT,15000.00,15000.00,15000.00,0.00,0.00,0.00,0.00,0.00,0.00,0.00,15000.00,Q: Not Designated Nonemergency/Emergency/Disaster/Wildfire Suppression,,,,,2022-06-02,2022,2022-04-01,2022-12-31,417,National Endowment for the Arts,5920,National Endowment for the Arts,593105,NATIONAL ENDOWMENT FOR THE ARTS,417,National Endowment for the Arts,5920,National Endowment for the Arts,593105,NATIONAL ENDOWMENT FOR THE ARTS,417-X-0100-000,417-0100,"41.0: Grants, subsidies, and contributions",0001: PROMOTION OF THE ARTS,LXK2LCD5U196,,OPERA ITHACA INCORPORATED,OPERA ITHACA INCORPORATED,,,,,USA,UNITED STATES,314 BOICEVILLE RD,,10077,BROOKTONDALE,36109,TOMPKINS,36,NY,NEW YORK,14817,9551,NY-23,NY-19,,,,STATE-WIDE,USA,UNITED STATES,NY*****,,,,36,NEW YORK,,NY-23,,,45.024,PROMOTION OF THE ARTS GRANTS TO ORGANIZATIONS AND INDIVIDUALS,,,04,PROJECT GRANT (B),,,,,PURPOSE: TO SUPPORT THE CREATION OF A FILMED PRODUCTION OF VERDIS NABUCCO&NBSP;AND ACCOMPANYING LIVE PUBLIC EVENTS.,PURPOSE: TO SUPPORT THE CREATION OF A FILMED PRODUCTION OF VERDIS NABUCCO&NBSP;AND ACCOMPANYING LIVE PUBLIC EVENTS.,NON,NOT RECOVERY ACT,M,NONPROFIT WITH 501C3 IRS STATUS (OTHER THAN AN INSTITUTION OF HIGHER EDUCATION),,,A1,New Award,2,NON-AGGREGATE RECORD,,,,,,,,,,,https://www.usaspending.gov/award/ASST_NON_1887455-36-22_417/,2022-06-14 13:20:19.425828+00,2022-06-14 13:20:19.425828+00,recipient county outside NYC
5920_1887577-31-22_-NONE-_45.024_-NONE-,ASST_NON_1887577-31-22_417,1887577-31-22,,,SAI EXEMPT,25000.00,25000.00,25000.00,0.00,0.00,0.00,0.00,0.00,0.00,0.00,25000.00,Q: Not Designated Nonemergency/Emergency/Disaster/Wildfire Suppression,,,,,2022-04-19,2022,2022-01-01,2022-06-30,417,National Endowment for the Arts,5920,National Endowment for the Arts,593105,NATIONAL ENDOWMENT FOR THE ARTS,417,National Endowment for the Arts,5920,National Endowment for the Arts,593105,NATIONAL ENDOWMENT FOR THE ARTS,417-X-0100-000,417-0100,"41.0: Grants, subsidies, and contributions",0001: PROMOTION OF THE ARTS,FC6TDXEV5M29,,ALBANY SYMPHONY ORCHESTRA,ALBANY SYMPHONY ORCHESTRA  INC.,,,,,USA,UNITED STATES,19 CLINTON AVE,,01000,ALBANY,36001,ALBANY,36,NY,NEW YORK,12207,2211,NY-20,NY-20,,,,STATE-WIDE,USA,UNITED STATES,NY*****,,,,36,NEW YORK,,NY-20,,,45.024,PROMOTION OF THE ARTS GRANTS TO ORGANIZATIONS AND INDIVIDUALS,,,04,PROJECT GRANT (B),,,,,PURPOSE:&NBSP;TO SUPPORT THE AMERICAN MUSIC FESTIVAL  INCLUDING COMMISSIONS OF NEW WORKS.,PURPOSE:&NBSP;TO SUPPORT THE AMERICAN MUSIC FESTIVAL  INCLUDING COMMISSIONS OF NEW WORKS.,NON,NOT RECOVERY ACT,M,NONPROFIT WITH 501C3 IRS STATUS (OTHER THAN AN INSTITUTION OF HIGHER EDUCATION),,,A1,New Award,2,NON-AGGREGATE RECORD,,,,,,,,,,,https://www.usaspending.gov/award/ASST_NON_1887577-31-22_417/,2022-04-27 15:31:29.01266+00,2022-04-27 15:31:29.01266+00,recipient county outside NYC
5920_1887683-52-22_-NONE-_45.024_-NONE-,ASST_NON_1887683-52-22_417,1887683-52-22,,,SAI EXEMPT,10000.00,10000.00,10000.00,,0.00,0.00,0.00,0.00,0.00,0.00,10000.00,Q: Not Designated Nonemergency/Emergency/Disaster/Wildfire Suppression,,,,,2021-12-13,2022,2022-01-01,2022-12-31,417,National Endowment for the Arts,5920,National Endowment for the Arts,593105,NATIONAL ENDOWMENT FOR THE ARTS,417,National Endowment for the Arts,5920,National Endowment for the Arts,593105,NATIONAL ENDOWMENT FOR THE ARTS,417-X-0100-000,417-0100,"41.0: Grants, subsidies, and contributions",0001: PROMOTION OF THE ARTS,G9FJBKK4JG79,011992869,WHITE PINE PRESS,WHITE PINE INC.,,,,,USA,UNITED STATES,5783 PINEHURST CT,,40981,LAKE VIEW,36029,ERIE,36,NY,NEW YORK,14085,9719,NY-27,NY-23,,,,STATE-WIDE,USA,UNITED STATES,NY*****,,,,36,NEW YORK,,NY-27,,,45.024,PROMOTION OF THE ARTS GRANTS TO ORGANIZATIONS AND INDIVIDUALS,,,04,PROJECT GRANT (B),,,,,PURPOSE: TO SUPPORT THE PUBLICATION AND PROMOTION OF BOOKS OF POETRY  INCLUDING WORK IN TRANSLATION.,PURPOSE: TO SUPPORT THE PUBLICATION AND PROMOTION OF BOOKS OF POETRY  INCLUDING WORK IN TRANSLATION.,NON,NOT RECOVERY ACT,M,NONPROFIT WITH 501C3 IRS STATUS (OTHER THAN AN INSTITUTION OF HIGHER EDUCATION),,,A1,New Award,2,NON-AGGREGATE RECORD,,,,,,,,,,,https://www.usaspending.gov/award/ASST_NON_1887683-52-22_417/,2021-12-15 16:46:23.888707+00,2021-12-15 16:46:23.888707+00,recipient county outside NYC
5920_1887690-52-22_-NONE-_45.024_-NONE-,ASST_NON_1887690-52-22_417,1887690-52-22,,,SAI EXEMPT,30000.00,30000.00,30000.00,0.00,0.00,0.00,0.00,0.00,0.00,0.00,30000.00,Q: Not Designated Nonemergency/Emergency/Disaster/Wildfire Suppression,,,,,2022-02-15,2022,2022-01-01,2022-12-31,417,National Endowment for the Arts,5920,National Endowment for the Arts,593105,NATIONAL ENDOWMENT FOR THE ARTS,417,National Endowment for the Arts,5920,National Endowment for the Arts,593105,NATIONAL ENDOWMENT FOR THE ARTS,417-X-0100-000,417-0100,"41.0: Grants, subsidies, and contributions",0001: PROMOTION OF THE ARTS,EHM7Y612AXJ3,166542613,BOA EDITIONS LTD,BOA EDITIONS  LTD.,EHM7Y612AXJ3,166542613,BOA EDITIONS LTD,"BOA EDITIONS, LTD.",USA,UNITED STATES,250 N GOODMAN ST STE 306,,63000,ROCHESTER,36055,MONROE,36,NY,NEW YORK,14607,1198,NY-25,NY-25,,,,STATE-WIDE,USA,UNITED STATES,NY*****,,,,36,NEW YORK,,NY-25,,,45.024,PROMOTION OF THE ARTS GRANTS TO ORGANIZATIONS AND INDIVIDUALS,,,04,PROJECT GRANT (B),,,,,PURPOSE: TO SUPPORT THE PUBLICATION AND PROMOTION OF BOOKS OF POETRY.,PURPOSE: TO SUPPORT THE PUBLICATION AND PROMOTION OF BOOKS OF POETRY.,NON,NOT RECOVERY ACT,M,NONPROFIT WITH 501C3 IRS STATUS (OTHER THAN AN INSTITUTION OF HIGHER EDUCATION),,,A1,New Award,2,NON-AGGREGATE RECORD,,,,,,,,,,,https://www.usaspending.gov/award/ASST_NON_1887690-52-22_417/,2022-02-23 17:45:25.065667+00,2022-02-23 17:45:25.065667+00,recipient county outside NYC
5920_1887960-31-22_-NONE-_45.024_-NONE-,ASST_NON_1887960-31-22_417,1887960-31-22,,,SAI EXEMPT,20000.00,20000.00,20000.00,0.00,0.00,0.00,0.00,0.00,0.00,0.00,20000.00,Q: Not Designated Nonemergency/Emergency/Disaster/Wildfire Suppression,,,,,2022-02-02,2022,2022-01-01,2022-12-31,417,National Endowment for the Arts,5920,National Endowment for the Arts,593105,NATIONAL ENDOWMENT FOR THE ARTS,417,National Endowment for the Arts,5920,National Endowment for the Arts,593105,NATIONAL ENDOWMENT FOR THE ARTS,417-X-0100-000,417-0100,"41.0: Grants, subsidies, and contributions",0001: PROMOTION OF THE ARTS,JNBDDCCK3MV6,013036083,"GATEWAYS MUSIC FESTIVAL, INC.",GATEWAYS MUSIC FESTIVAL  INC.,,,,,USA,UNITED STATES,26 GIBBS ST,,63000,ROCHESTER,36055,MONROE,36,NY,NEW YORK,14604,2505,NY-25,NY-25,,,,STATE-WIDE,USA,UNITED STATES,NY*****,,,,36,NEW YORK,,NY-25,,,45.024,PROMOTION OF THE ARTS GRANTS TO ORGANIZATIONS AND INDIVIDUALS,,,04,PROJECT GRANT (B),,,,,PURPOSE: TO SUPPORT STAFF SALARIES AND TRANSPORTATION COSTS FOR THE GATEWAYS MUSIC FESTIVAL.,PURPOSE: TO SUPPORT STAFF SALARIES AND TRANSPORTATION COSTS FOR THE GATEWAYS MUSIC FESTIVAL.,NON,NOT RECOVERY ACT,M,NONPROFIT WITH 501C3 IRS STATUS (OTHER THAN AN INSTITUTION OF HIGHER EDUCATION),,,A1,New Award,2,NON-AGGREGATE RECORD,,,,,,,,,,,https://www.usaspending.gov/award/ASST_NON_1887960-31-22_417/,2022-02-11 17:39:51.529096+00,2022-02-11 17:39:51.529096+00,recipient county outside NYC
5920_1888018-55-22_-NONE-_45.024_-NONE-,ASST_NON_1888018-55-22_417,1888018-55-22,,,SAI EXEMPT,40000.00,40000.00,40000.00,0.00,0.00,0.00,0.00,0.00,0.00,0.00,40000.00,Q: Not Designated Nonemergency/Emergency/Disaster/Wildfire Suppression,,,,,2022-03-22,2022,2022-01-01,2022-12-31,417,National Endowment for the Arts,5920,National Endowment for the Arts,593105,NATIONAL ENDOWMENT FOR THE ARTS,417,National Endowment for the Arts,5920,National Endowment for the Arts,593105,NATIONAL ENDOWMENT FOR THE ARTS,417-X-0100-000,417-0100,"41.0: Grants, subsidies, and contributions",0001: PROMOTION OF THE ARTS,FTXFG8UEMVH3,799954685,"NEW YORK FOLKLORE SOCIETY, INC",NEW YORK FOLKLORE SOCIETY  INC.,,,,,USA,UNITED STATES,129 JAY ST,,65508,SCHENECTADY,36093,SCHENECTADY,36,NY,NEW YORK,12305,1903,NY-20,NY-20,,,,STATE-WIDE,USA,UNITED STATES,NY*****,,,,36,NEW YORK,,NY-20,,,45.024,PROMOTION OF THE ARTS GRANTS TO ORGANIZATIONS AND INDIVIDUALS,,,04,PROJECT GRANT (B),,,,,PURPOSE: TO SUPPORT THE DOCUMENTATION AND PUBLIC PRESENTATION OF FOLK ARTS IN THE CAPITAL DISTRICT OF NEW YORK.,PURPOSE: TO SUPPORT THE DOCUMENTATION AND PUBLIC PRESENTATION OF FOLK ARTS IN THE CAPITAL DISTRICT OF NEW YORK.,NON,NOT RECOVERY ACT,M,NONPROFIT WITH 501C3 IRS STATUS (OTHER THAN AN INSTITUTION OF HIGHER EDUCATION),,,A1,New Award,2,NON-AGGREGATE RECORD,,,,,,,,,,,https://www.usaspending.gov/award/ASST_NON_1888018-55-22_417/,2022-03-24 13:23:44.895784+00,2022-03-24 13:23:44.895784+00,recipient county outside NYC
5920_1888118-54-22_-NONE-_45.024_-NONE-,ASST_NON_1888118-54-22_417,1888118-54-22,,,SAI EXEMPT,40000.00,40000.00,40000.00,0.00,0.00,0.00,0.00,0.00,0.00,0.00,40000.00,Q: Not Designated Nonemergency/Emergency/Disaster/Wildfire Suppression,,,,,2022-04-13,2022,2022-01-01,2022-12-31,417,National Endowment for the Arts,5920,National Endowment for the Arts,593105,NATIONAL ENDOWMENT FOR THE ARTS,417,National Endowment for the Arts,5920,National Endowment for the Arts,593105,NATIONAL ENDOWMENT FOR THE ARTS,417-X-0100-000,417-0100,"41.0: Grants, subsidies, and contributions",0001: PROMOTION OF THE ARTS,NV89S27ZCF58,,ARTPARK & CO INC,ARTPARK & COMPANY  INC.,,,,,USA,UNITED STATES,450 S 4TH ST,,42147,LEWISTON,36063,NIAGARA,36,NY,NEW YORK,14092,1528,NY-27,NY-24,,,,STATE-WIDE,USA,UNITED STATES,NY*****,,,,36,NEW YORK,,NY-27,,,45.024,PROMOTION OF THE ARTS GRANTS TO ORGANIZATIONS AND INDIVIDUALS,,,04,PROJECT GRANT (B),,,,,PURPOSE: TO SUPPORT MULTIDISCIPLINARY ARTIST RESIDENCIES  PRESENTATIONS  AND COMMUNITY ENGAGEMENT ACTIVITIES.,PURPOSE: TO SUPPORT MULTIDISCIPLINARY ARTIST RESIDENCIES  PRESENTATIONS  AND COMMUNITY ENGAGEMENT ACTIVITIES.,NON,NOT RECOVERY ACT,M,NONPROFIT WITH 501C3 IRS STATUS (OTHER THAN AN INSTITUTION OF HIGHER EDUCATION),,,A1,New Award,2,NON-AGGREGATE RECORD,,,,,,,,,,,https://www.usaspending.gov/award/ASST_NON_1888118-54-22_417/,2022-04-27 15:31:29.01266+00,2022-04-27 15:31:29.01266+00,recipient county outside NYC
5920_1888122-32-22_-NONE-_45.024_-NONE-,ASST_NON_1888122-32-22_417,1888122-32-22,,,SAI EXEMPT,20000.00,20000.00,20000.00,0.00,0.00,0.00,0.00,0.00,0.00,0.00,20000.00,Q: Not Designated Nonemergency/Emergency/Disaster/Wildfire Suppression,,,,,2022-04-19,2022,2022-01-01,2023-12-31,417,National Endowment for the Arts,5920,National Endowment for the Arts,593105,NATIONAL ENDOWMENT FOR THE ARTS,417,National Endowment for the Arts,5920,National Endowment for the Arts,593105,NATIONAL ENDOWMENT FOR THE ARTS,417-X-0100-000,417-0100,"41.0: Grants, subsidies, and contributions",0001: PROMOTION OF THE ARTS,HMLSSSE6A358,,SU THEATRE CORP,SU THEATRE CORPORATION,,,,,USA,UNITED STATES,820 E GENESEE ST,,73000,SYRACUSE,36067,ONONDAGA,36,NY,NEW YORK,13210,1508,NY-24,NY-22,,,,STATE-WIDE,USA,UNITED STATES,NY*****,,,,36,NEW YORK,,NY-24,,,45.024,PROMOTION OF THE ARTS GRANTS TO ORGANIZATIONS AND INDIVIDUALS,,,04,PROJECT GRANT (B),,,,,PURPOSE: TO SUPPORT SYRACUSE STAGES DEVELOPMENT AND PRODUCTION OF A NEW THEATER PIECE CREATED THROUGH COMMUNITY WORKSHOPS THAT WILL EXAMINE THE HOUSING CRISIS IN SYRACUSE.,PURPOSE: TO SUPPORT SYRACUSE STAGES DEVELOPMENT AND PRODUCTION OF A NEW THEATER PIECE CREATED THROUGH COMMUNITY WORKSHOPS THAT WILL EXAMINE THE HOUSING CRISIS IN SYRACUSE.,NON,NOT RECOVERY ACT,M,NONPROFIT WITH 501C3 IRS STATUS (OTHER THAN AN INSTITUTION OF HIGHER EDUCATION),,,A1,New Award,2,NON-AGGREGATE RECORD,,,,,,,,,,,https://www.usaspending.gov/award/ASST_NON_1888122-32-22_417/,2022-04-27 15:31:29.01266+00,2022-04-27 15:31:29.01266+00,recipient county outside NYC
5920_1888129-28-22_-NONE-_45.024_-NONE-,ASST_NON_1888129-28-22_417,1888129-28-22,,,SAI EXEMPT,10000.00,10000.00,10000.00,0.00,0.00,0.00,0.00,0.00,0.00,0.00,10000.00,Q: Not Designated Nonemergency/Emergency/Disaster/Wildfire Suppression,,,,,2022-05-06,2022,2022-01-01,2022-12-31,417,National Endowment for the Arts,5920,National Endowment for the Arts,593105,NATIONAL ENDOWMENT FOR THE ARTS,417,National Endowment for the Arts,5920,National Endowment for the Arts,593105,NATIONAL ENDOWMENT FOR THE ARTS,417-X-0100-000,417-0100,"41.0: Grants, subsidies, and contributions",0001: PROMOTION OF THE ARTS,ZG6GAL2GFN93,,"RHINEBECK WRITERS RETREAT, INC.",RHINEBECK WRITERS RETREAT INC,,,,,USA,UNITED STATES,7 HUMMINGBIRD WAY,,70552,STAATSBURG,36027,DUTCHESS,36,NY,NEW YORK,12580,6230,NY-19,NY-18,,,,STATE-WIDE,USA,UNITED STATES,NY*****,,,,36,NEW YORK,,NY-19,,,45.024,PROMOTION OF THE ARTS GRANTS TO ORGANIZATIONS AND INDIVIDUALS,,,04,PROJECT GRANT (B),,,,,PURPOSE: TO SUPPORT DEVELOPMENTAL RESIDENCIES FOR MUSICAL THEATER WRITING TEAMS IN RHINEBECK  NEW YORK  AND DEVELOPMENTAL READINGS IN NEW YORK CITY.,PURPOSE: TO SUPPORT DEVELOPMENTAL RESIDENCIES FOR MUSICAL THEATER WRITING TEAMS IN RHINEBECK  NEW YORK  AND DEVELOPMENTAL READINGS IN NEW YORK CITY.,NON,NOT RECOVERY ACT,M,NONPROFIT WITH 501C3 IRS STATUS (OTHER THAN AN INSTITUTION OF HIGHER EDUCATION),,,A1,New Award,2,NON-AGGREGATE RECORD,,,,,,,,,,,https://www.usaspending.gov/award/ASST_NON_1888129-28-22_417/,2022-05-19 17:17:17.004314+00,2022-05-19 17:17:17.004314+00,recipient county outside NYC
5920_1888134-34-22_-NONE-_45.024_-NONE-,ASST_NON_1888134-34-22_417,1888134-34-22,,,SAI EXEMPT,20000.00,20000.00,20000.00,,0.00,0.00,0.00,0.00,0.00,0.00,20000.00,Q: Not Designated Nonemergency/Emergency/Disaster/Wildfire Suppression,,,,,2021-12-09,2022,2022-01-01,2022-12-31,417,National Endowment for the Arts,5920,National Endowment for the Arts,593105,NATIONAL ENDOWMENT FOR THE ARTS,417,National Endowment for the Arts,5920,National Endowment for the Arts,593105,NATIONAL ENDOWMENT FOR THE ARTS,417-X-0100-000,417-0100,"41.0: Grants, subsidies, and contributions",0001: PROMOTION OF THE ARTS,G9ALLQ9MX1K8,128241465,"JACOB BURNS FILM CENTER, INC",JACOB BURNS FILM CENTER  INC.,,154926427,"JACOB BURNS FILM CENTER, INC.",,USA,UNITED STATES,405 MANVILLE RD OFC,,58728,PLEASANTVILLE,36119,WESTCHESTER,36,NY,NEW YORK,10570,2846,NY-17,NY-17,,,,STATE-WIDE,USA,UNITED STATES,NY*****,,,,36,NEW YORK,,NY-17,,,45.024,PROMOTION OF THE ARTS GRANTS TO ORGANIZATIONS AND INDIVIDUALS,,,04,PROJECT GRANT (B),,,,,PURPOSE: TO SUPPORT A SERIES OF CURATED FILM SCREENINGS AND ASSOCIATED PUBLIC PROGRAMMING.,PURPOSE: TO SUPPORT A SERIES OF CURATED FILM SCREENINGS AND ASSOCIATED PUBLIC PROGRAMMING.,NON,NOT RECOVERY ACT,M,NONPROFIT WITH 501C3 IRS STATUS (OTHER THAN AN INSTITUTION OF HIGHER EDUCATION),,,A1,New Award,2,NON-AGGREGATE RECORD,,,,,,,,,,,https://www.usaspending.gov/award/ASST_NON_1888134-34-22_417/,2021-12-15 16:46:23.888707+00,2021-12-15 16:46:23.888707+00,recipient county outside NYC
5920_1888253-51-22_-NONE-_45.024_-NONE-,ASST_NON_1888253-51-22_417,1888253-51-22,,,SAI EXEMPT,15000.00,15000.00,15000.00,,0.00,0.00,0.00,0.00,0.00,0.00,15000.00,Q: Not Designated Nonemergency/Emergency/Disaster/Wildfire Suppression,,,,,2021-12-16,2022,2022-01-01,2022-12-31,417,National Endowment for the Arts,5920,National Endowment for the Arts,593105,NATIONAL ENDOWMENT FOR THE ARTS,417,National Endowment for the Arts,5920,National Endowment for the Arts,593105,NATIONAL ENDOWMENT FOR THE ARTS,417-X-0100-000,417-0100,"41.0: Grants, subsidies, and contributions",0001: PROMOTION OF THE ARTS,Q6CVFVXB6P74,058771586,BUFFALO STRING WORKS INC,BUFFALO STRING WORKS  INC.,,,,,USA,UNITED STATES,187 ANDERSON PLACE,,11000,BUFFALO,36029,ERIE,36,NY,NEW YORK,14222,1803,NY-26,NY-26,,,,STATE-WIDE,USA,UNITED STATES,NY*****,,,,36,NEW YORK,,NY-26,,,45.024,PROMOTION OF THE ARTS GRANTS TO ORGANIZATIONS AND INDIVIDUALS,,,04,PROJECT GRANT (B),,,,,PURPOSE: TO SUPPORT TEACHING ARTIST FEES FOR A FREE ORCHESTRA PROGRAM FOR YOUTH.,PURPOSE: TO SUPPORT TEACHING ARTIST FEES FOR A FREE ORCHESTRA PROGRAM FOR YOUTH.,NON,NOT RECOVERY ACT,M,NONPROFIT WITH 501C3 IRS STATUS (OTHER THAN AN INSTITUTION OF HIGHER EDUCATION),,,A1,New Award,2,NON-AGGREGATE RECORD,,,,,,,,,,,https://www.usaspending.gov/award/ASST_NON_1888253-51-22_417/,2021-12-21 14:34:49.858651+00,2021-12-21 14:34:49.858651+00,recipient county outside NYC
5920_1888281-31-22_-NONE-_45.024_-NONE-,ASST_NON_1888281-31-22_417,1888281-31-22,,,SAI EXEMPT,20000.00,20000.00,20000.00,0.00,0.00,0.00,0.00,0.00,0.00,0.00,20000.00,Q: Not Designated Nonemergency/Emergency/Disaster/Wildfire Suppression,,,,,2022-01-18,2022,2022-01-01,2022-05-31,417,National Endowment for the Arts,5920,National Endowment for the Arts,593105,NATIONAL ENDOWMENT FOR THE ARTS,417,National Endowment for the Arts,5920,National Endowment for the Arts,593105,NATIONAL ENDOWMENT FOR THE ARTS,417-X-0100-000,417-0100,"41.0: Grants, subsidies, and contributions",0001: PROMOTION OF THE ARTS,L62KHYWSQQE5,030230445,BUFFALO PHILHARMONIC ORCHESTRA SOCIETY INC,BUFFALO PHILHARMONIC ORCHESTRA SOCIETY  INC.,L62KHYWSQQE5,030230445,BUFFALO PHILHARMONIC ORCHESTRA SOCIETY INC,"BUFFALO PHILHARMONIC ORCHESTRA SOCIETY, INC.",USA,UNITED STATES,786 DELAWARE AVE # 2,,11000,BUFFALO,36029,ERIE,36,NY,NEW YORK,14209,2006,NY-26,NY-26,,,,STATE-WIDE,USA,UNITED STATES,NY*****,,,,36,NEW YORK,,NY-26,,,45.024,PROMOTION OF THE ARTS GRANTS TO ORGANIZATIONS AND INDIVIDUALS,,,04,PROJECT GRANT (B),,,,,PURPOSE:&NBSP;TO SUPPORT WEST SIDE CONNECTION  A VIRTUAL COMMUNITY ENGAGEMENT PROGRAM AND CONCERT.,PURPOSE:&NBSP;TO SUPPORT WEST SIDE CONNECTION  A VIRTUAL COMMUNITY ENGAGEMENT PROGRAM AND CONCERT.,NON,NOT RECOVERY ACT,M,NONPROFIT WITH 501C3 IRS STATUS (OTHER THAN AN INSTITUTION OF HIGHER EDUCATION),,,A1,New Award,2,NON-AGGREGATE RECORD,,,,,,,,,,,https://www.usaspending.gov/award/ASST_NON_1888281-31-22_417/,2022-01-25 14:06:08.604662+00,2022-01-25 14:06:08.604662+00,recipient county outside NYC
5920_1888315-51-22_-NONE-_45.024_-NONE-,ASST_NON_1888315-51-22_417,1888315-51-22,,,SAI EXEMPT,15000.00,15000.00,15000.00,0.00,0.00,0.00,0.00,0.00,0.00,0.00,15000.00,Q: Not Designated Nonemergency/Emergency/Disaster/Wildfire Suppression,,,,,2022-03-03,2022,2022-01-01,2022-12-31,417,National Endowment for the Arts,5920,National Endowment for the Arts,593105,NATIONAL ENDOWMENT FOR THE ARTS,417,National Endowment for the Arts,5920,National Endowment for the Arts,593105,NATIONAL ENDOWMENT FOR THE ARTS,417-X-0100-000,417-0100,"41.0: Grants, subsidies, and contributions",0001: PROMOTION OF THE ARTS,P2DWYD3PFAK7,101288983,THE ART EFFECT OF THE HUDSON VALLEY INC.,ART EFFECT OF THE HUDSON VALLEY INC.,P2DWYD3PFAK7,101288983,THE ART EFFECT OF THE HUDSON VALLEY INC.,"ART EFFECT OF THE HUDSON VALLEY INC., THE",USA,UNITED STATES,45 PERSHING AVENUE,,59641,POUGHKEEPSIE,36027,DUTCHESS,36,NY,NEW YORK,12601,2729,NY-18,NY-18,,,,STATE-WIDE,USA,UNITED STATES,NY*****,,,,36,NEW YORK,,NY-18,,,45.024,PROMOTION OF THE ARTS GRANTS TO ORGANIZATIONS AND INDIVIDUALS,,,04,PROJECT GRANT (B),,,,,PURPOSE: TO SUPPORT A YEAR-LONG  PRE-COLLEGE PORTFOLIO DEVELOPMENT PROGRAM IN THE VISUAL AND MEDIA ARTS FOR HIGH SCHOOL STUDENTS IN THE HUDSON VALLEY.,PURPOSE: TO SUPPORT A YEAR-LONG  PRE-COLLEGE PORTFOLIO DEVELOPMENT PROGRAM IN THE VISUAL AND MEDIA ARTS FOR HIGH SCHOOL STUDENTS IN THE HUDSON VALLEY.,NON,NOT RECOVERY ACT,M,NONPROFIT WITH 501C3 IRS STATUS (OTHER THAN AN INSTITUTION OF HIGHER EDUCATION),,,A1,New Award,2,NON-AGGREGATE RECORD,,,,,,,,,,,https://www.usaspending.gov/award/ASST_NON_1888315-51-22_417/,2022-03-14 16:05:42.623762+00,2022-03-14 16:05:42.623762+00,recipient county outside NYC
5920_1888363-52-22_-NONE-_45.024_-NONE-,ASST_NON_1888363-52-22_417,1888363-52-22,,,SAI EXEMPT,10000.00,10000.00,10000.00,,0.00,0.00,0.00,0.00,0.00,0.00,10000.00,Q: Not Designated Nonemergency/Emergency/Disaster/Wildfire Suppression,,,,,2021-12-16,2022,2022-01-01,2022-12-31,417,National Endowment for the Arts,5920,National Endowment for the Arts,593105,NATIONAL ENDOWMENT FOR THE ARTS,417,National Endowment for the Arts,5920,National Endowment for the Arts,593105,NATIONAL ENDOWMENT FOR THE ARTS,417-X-0100-000,417-0100,"41.0: Grants, subsidies, and contributions",0001: PROMOTION OF THE ARTS,PCWWUCWEV363,082282989,BARD COLLEGE,BARD COLLEGE,PCWWUCWEV363,082282989,BARD COLLEGE,BARD COLLEGE,USA,UNITED STATES,30 CAMPUS RD,,,ANNANDALE ON HUDSON,36027,DUTCHESS,36,NY,NEW YORK,12504,9800,NY-19,NY-18,,,,STATE-WIDE,USA,UNITED STATES,NY*****,,,,36,NEW YORK,,NY-19,,,45.024,PROMOTION OF THE ARTS GRANTS TO ORGANIZATIONS AND INDIVIDUALS,,,04,PROJECT GRANT (B),,,,,PURPOSE: TO SUPPORT THE PUBLICATION AND PROMOTION OF THE JOURNAL CONJUNCTIONS.,PURPOSE: TO SUPPORT THE PUBLICATION AND PROMOTION OF THE JOURNAL CONJUNCTIONS.,NON,NOT RECOVERY ACT,M,NONPROFIT WITH 501C3 IRS STATUS (OTHER THAN AN INSTITUTION OF HIGHER EDUCATION),,,A1,New Award,2,NON-AGGREGATE RECORD,,,,,,,,,,,https://www.usaspending.gov/award/ASST_NON_1888363-52-22_417/,2021-12-21 14:34:49.858651+00,2021-12-21 14:34:49.858651+00,recipient county outside NYC
5920_1888441-54-22_-NONE-_45.024_-NONE-,ASST_NON_1888441-54-22_417,1888441-54-22,,,SAI EXEMPT,30000.00,30000.00,30000.00,0.00,0.00,0.00,0.00,0.00,0.00,0.00,30000.00,Q: Not Designated Nonemergency/Emergency/Disaster/Wildfire Suppression,,,,,2022-04-13,2022,2022-01-01,2022-12-31,417,National Endowment for the Arts,5920,National Endowment for the Arts,593105,NATIONAL ENDOWMENT FOR THE ARTS,417,National Endowment for the Arts,5920,National Endowment for the Arts,593105,NATIONAL ENDOWMENT FOR THE ARTS,417-X-0100-000,417-0100,"41.0: Grants, subsidies, and contributions",0001: PROMOTION OF THE ARTS,ZELPDU4P2NC6,,"BETHANY ARTS COMMUNITY, INC.",BETHANY ARTS COMMUNITY INC.,,,,,USA,UNITED STATES,40 SOMERSTOWN RD,,55530,OSSINING,36119,WESTCHESTER,36,NY,NEW YORK,10562,3107,NY-17,NY-17,,,,STATE-WIDE,USA,UNITED STATES,NY*****,,,,36,NEW YORK,,NY-17,,,45.024,PROMOTION OF THE ARTS GRANTS TO ORGANIZATIONS AND INDIVIDUALS,,,04,PROJECT GRANT (B),,,,,PURPOSE: TO SUPPORT ARTIST RESIDENCIES  AS WELL AS ASSOCIATED PUBLIC PERFORMANCES AND COMMUNITY ENGAGEMENT ACTIVITIES.,PURPOSE: TO SUPPORT ARTIST RESIDENCIES  AS WELL AS ASSOCIATED PUBLIC PERFORMANCES AND COMMUNITY ENGAGEMENT ACTIVITIES.,NON,NOT RECOVERY ACT,M,NONPROFIT WITH 501C3 IRS STATUS (OTHER THAN AN INSTITUTION OF HIGHER EDUCATION),,,A1,New Award,2,NON-AGGREGATE RECORD,,,,,,,,,,,https://www.usaspending.gov/award/ASST_NON_1888441-54-22_417/,2022-04-27 15:31:29.01266+00,2022-04-27 15:31:29.01266+00,recipient county outside NYC
5920_1888483-44-22_-NONE-_45.024_-NONE-,ASST_NON_1888483-44-22_417,1888483-44-22,,,SAI EXEMPT,20000.00,20000.00,20000.00,0.00,0.00,0.00,0.00,0.00,0.00,0.00,20000.00,Q: Not Designated Nonemergency/Emergency/Disaster/Wildfire Suppression,,,,,2022-03-11,2022,2022-01-01,2023-12-31,417,National Endowment for the Arts,5920,National Endowment for the Arts,593105,NATIONAL ENDOWMENT FOR THE ARTS,417,National Endowment for the Arts,5920,National Endowment for the Arts,593105,NATIONAL ENDOWMENT FOR THE ARTS,417-X-0100-000,417-0100,"41.0: Grants, subsidies, and contributions",0001: PROMOTION OF THE ARTS,KDMEBYLMJZM1,877971853,WOODSTOCK ARTISTS ASSOCIATION INC,WOODSTOCK ARTISTS ASSOCIATION  INC.,,,,,USA,UNITED STATES,28 TINKER ST,,83041,WOODSTOCK,36111,ULSTER,36,NY,NEW YORK,12498,1233,NY-19,NY-18,,,,STATE-WIDE,USA,UNITED STATES,NY*****,,,,36,NEW YORK,,NY-19,,,45.024,PROMOTION OF THE ARTS GRANTS TO ORGANIZATIONS AND INDIVIDUALS,,,04,PROJECT GRANT (B),,,,,PURPOSE: TO SUPPORT AN EXHIBITION FEATURING THE WORKS OF NORMA MORGAN (1928-2017) AND AN ACCOMPANYING CATALOGUE.,PURPOSE: TO SUPPORT AN EXHIBITION FEATURING THE WORKS OF NORMA MORGAN (1928-2017) AND AN ACCOMPANYING CATALOGUE.,NON,NOT RECOVERY ACT,M,NONPROFIT WITH 501C3 IRS STATUS (OTHER THAN AN INSTITUTION OF HIGHER EDUCATION),,,A1,New Award,2,NON-AGGREGATE RECORD,,,,,,,,,,,https://www.usaspending.gov/award/ASST_NON_1888483-44-22_417/,2022-03-14 16:05:42.623762+00,2022-03-14 16:05:42.623762+00,recipient county outside NYC
5920_1888500-72-22_-NONE-_45.024_-NONE-,ASST_NON_1888500-72-22_417,1888500-72-22,,,SAI EXEMPT,10000.00,10000.00,10000.00,0.00,0.00,0.00,0.00,0.00,0.00,0.00,10000.00,Q: Not Designated Nonemergency/Emergency/Disaster/Wildfire Suppression,,,,,2022-05-06,2022,2022-01-01,2022-12-31,417,National Endowment for the Arts,5920,National Endowment for the Arts,593105,NATIONAL ENDOWMENT FOR THE ARTS,417,National Endowment for the Arts,5920,National Endowment for the Arts,593105,NATIONAL ENDOWMENT FOR THE ARTS,417-X-0100-000,417-0100,"41.0: Grants, subsidies, and contributions",0001: PROMOTION OF THE ARTS,C9CTV3YCDBZ3,,"GUILD HALL OF EAST HAMPTON, INC.",GUILD HALL OF EAST HAMPTON  INC.,,,,,USA,UNITED STATES,158 MAIN ST,,22183,EAST HAMPTON,36103,SUFFOLK,36,NY,NEW YORK,11937,2721,NY-01,NY-01,,,,STATE-WIDE,USA,UNITED STATES,NY*****,,,,36,NEW YORK,,NY-01,,,45.024,PROMOTION OF THE ARTS GRANTS TO ORGANIZATIONS AND INDIVIDUALS,,,04,PROJECT GRANT (B),,,,,PURPOSE: TO SUPPORT AN IN-SCHOOL ARTIST RESIDENCY PROGRAM.,PURPOSE: TO SUPPORT AN IN-SCHOOL ARTIST RESIDENCY PROGRAM.,NON,NOT RECOVERY ACT,M,NONPROFIT WITH 501C3 IRS STATUS (OTHER THAN AN INSTITUTION OF HIGHER EDUCATION),,,A1,New Award,2,NON-AGGREGATE RECORD,,,,,,,,,,,https://www.usaspending.gov/award/ASST_NON_1888500-72-22_417/,2022-05-19 17:17:17.004314+00,2022-05-19 17:17:17.004314+00,recipient county outside NYC
5920_1888554-54-22_-NONE-_45.024_-NONE-,ASST_NON_1888554-54-22_417,1888554-54-22,,,SAI EXEMPT,30000.00,30000.00,30000.00,0.00,0.00,0.00,0.00,0.00,0.00,0.00,30000.00,Q: Not Designated Nonemergency/Emergency/Disaster/Wildfire Suppression,,,,,2022-04-11,2022,2022-01-01,2022-12-31,417,National Endowment for the Arts,5920,National Endowment for the Arts,593105,NATIONAL ENDOWMENT FOR THE ARTS,417,National Endowment for the Arts,5920,National Endowment for the Arts,593105,NATIONAL ENDOWMENT FOR THE ARTS,417-X-0100-000,417-0100,"41.0: Grants, subsidies, and contributions",0001: PROMOTION OF THE ARTS,U5WBFKEBLMX3,,RENSSELAER POLYTECHNIC INSTITUTE,RENSSELAER POLYTECHNIC INSTITUTE,U5WBFKEBLMX3,,RENSSELAER POLYTECHNIC INSTITUTE,RENSSELAER POLYTECHNIC INSTITUTE,USA,UNITED STATES,110 8TH ST,,75484,TROY,36083,RENSSELAER,36,NY,NEW YORK,12180,3522,NY-20,NY-20,,,,STATE-WIDE,USA,UNITED STATES,NY*****,,,,36,NEW YORK,,NY-20,,,45.024,PROMOTION OF THE ARTS GRANTS TO ORGANIZATIONS AND INDIVIDUALS,,,04,PROJECT GRANT (B),,,,,PURPOSE: TO SUPPORT THE COMMISSION OF NEW WORKS OF VISUAL ART  PERFORMANCE ART  AND MUSIC AT THE&NBSP;EXPERIMENTAL MEDIA AND PERFORMING ARTS CENTER.,PURPOSE: TO SUPPORT THE COMMISSION OF NEW WORKS OF VISUAL ART  PERFORMANCE ART  AND MUSIC AT THE&NBSP;EXPERIMENTAL MEDIA AND PERFORMING ARTS CENTER.,NON,NOT RECOVERY ACT,M,NONPROFIT WITH 501C3 IRS STATUS (OTHER THAN AN INSTITUTION OF HIGHER EDUCATION),,,A1,New Award,2,NON-AGGREGATE RECORD,,,,,,,,,,,https://www.usaspending.gov/award/ASST_NON_1888554-54-22_417/,2022-04-12 17:23:17.289606+00,2022-04-12 17:23:17.289606+00,recipient county outside NYC
5920_1888643-55-22_-NONE-_45.024_-NONE-,ASST_NON_1888643-55-22_417,1888643-55-22,,,SAI EXEMPT,20000.00,20000.00,20000.00,0.00,0.00,0.00,0.00,0.00,0.00,0.00,20000.00,Q: Not Designated Nonemergency/Emergency/Disaster/Wildfire Suppression,,,,,2022-04-06,2022,2022-01-01,2023-12-31,417,National Endowment for the Arts,5920,National Endowment for the Arts,593105,NATIONAL ENDOWMENT FOR THE ARTS,417,National Endowment for the Arts,5920,National Endowment for the Arts,593105,NATIONAL ENDOWMENT FOR THE ARTS,417-X-0100-000,417-0100,"41.0: Grants, subsidies, and contributions",0001: PROMOTION OF THE ARTS,G7T9C1SJD273,,SCHOHARIE RIVER CENTER INC,SCHOHARIE RIVER CENTER,,,,,USA,UNITED STATES,2047 BURTONVILLE RD,,24713,ESPERANCE,36057,MONTGOMERY,36,NY,NEW YORK,12066,2415,NY-20,NY-21,,,,STATE-WIDE,USA,UNITED STATES,NY*****,,,,36,NEW YORK,,NY-20,,,45.024,PROMOTION OF THE ARTS GRANTS TO ORGANIZATIONS AND INDIVIDUALS,,,04,PROJECT GRANT (B),,,,,PURPOSE: TO SUPPORT FOLK ARTS RESIDENCIES AND PROGRAMMING IN THE MIDDLEBURGH SCHOOL DISTRICTS AFTER-SCHOOL PROGRAM.,PURPOSE: TO SUPPORT FOLK ARTS RESIDENCIES AND PROGRAMMING IN THE MIDDLEBURGH SCHOOL DISTRICTS AFTER-SCHOOL PROGRAM.,NON,NOT RECOVERY ACT,M,NONPROFIT WITH 501C3 IRS STATUS (OTHER THAN AN INSTITUTION OF HIGHER EDUCATION),,,A1,New Award,2,NON-AGGREGATE RECORD,,,,,,,,,,,https://www.usaspending.gov/award/ASST_NON_1888643-55-22_417/,2022-04-12 17:23:17.289606+00,2022-04-12 17:23:17.289606+00,recipient county outside NYC
5920_1888679-62-22_-NONE-_45.024_-NONE-,ASST_NON_1888679-62-22_417,1888679-62-22,,,SAI EXEMPT,35000.00,35000.00,35000.00,0.00,0.00,0.00,0.00,0.00,0.00,0.00,35000.00,Q: Not Designated Nonemergency/Emergency/Disaster/Wildfire Suppression,,,,,2022-02-10,2022,2022-01-01,2023-12-31,417,National Endowment for the Arts,5920,National Endowment for the Arts,593105,NATIONAL ENDOWMENT FOR THE ARTS,417,National Endowment for the Arts,5920,National Endowment for the Arts,593105,NATIONAL ENDOWMENT FOR THE ARTS,417-X-0100-000,417-0100,"41.0: Grants, subsidies, and contributions",0001: PROMOTION OF THE ARTS,SN9QMKJQ1YY4,838862969,GENESEE VALLEY COUNCIL ON THE ARTS INC,GENESEE VALLEY COUNCIL ON THE ARTS,,,,,USA,UNITED STATES,BUILDING 4APT 1 LIVINGSTON COUNTY CAMPUS,,48945,MOUNT MORRIS,36051,LIVINGSTON,36,NY,NEW YORK,14510,1153,NY-27,NY-24,,,,STATE-WIDE,USA,UNITED STATES,NY*****,,,,36,NEW YORK,,NY-27,,,45.024,PROMOTION OF THE ARTS GRANTS TO ORGANIZATIONS AND INDIVIDUALS,,,04,PROJECT GRANT (B),,,,,PURPOSE: TO SUPPORT ARTS PROGRAMMING IN RURAL LIVINGSTON AND MONROE COUNTIES  NEW YORK.,"PURPOSE: TO SUPPORT ARTS PROGRAMMING IN RURAL LIVINGSTON AND MONROE COUNTIES, NEW YORK.",NON,NOT RECOVERY ACT,M,NONPROFIT WITH 501C3 IRS STATUS (OTHER THAN AN INSTITUTION OF HIGHER EDUCATION),,,A1,New Award,2,NON-AGGREGATE RECORD,,,,,,,,,,,https://www.usaspending.gov/award/ASST_NON_1888679-62-22_417/,2022-02-11 17:39:51.529096+00,2022-02-11 17:39:51.529096+00,recipient county outside NYC
5920_1888679-62-22_-NONE-_45.024_1,ASST_NON_1888679-62-22_417,1888679-62-22,1,,SAI EXEMPT,0.00,35000.00,35000.00,0.00,0.00,0.00,0.00,0.00,0.00,0.00,0.00,Q: Not Designated Nonemergency/Emergency/Disaster/Wildfire Suppression,,,,,2022-02-10,2022,2022-01-01,2024-03-31,417,National Endowment for the Arts,5920,National Endowment for the Arts,593105,NATIONAL ENDOWMENT FOR THE ARTS,417,National Endowment for the Arts,5920,National Endowment for the Arts,593105,NATIONAL ENDOWMENT FOR THE ARTS,417-X-0100-000,417-0100,"41.0: Grants, subsidies, and contributions",0001: PROMOTION OF THE ARTS,SN9QMKJQ1YY4,,GENESEE VALLEY COUNCIL ON THE ARTS INC,GENESEE VALLEY COUNCIL ON THE ARTS,,,,,USA,UNITED STATES,BUILDING 4APT 1 LIVINGSTON COUNTY CAMPUS,,48945,MOUNT MORRIS,36051,LIVINGSTON,36,NY,NEW YORK,14510,1153,NY-24,NY-24,,,,STATE-WIDE,USA,UNITED STATES,NY*****,,,,36,NEW YORK,,NY-24,,,45.024,PROMOTION OF THE ARTS GRANTS TO ORGANIZATIONS AND INDIVIDUALS,2021NEA01GAP1,,04,PROJECT GRANT (B),,,,,"PURPOSE: TO SUPPORT ARTS PROGRAMMING IN RURAL LIVINGSTON AND MONROE COUNTIES, NEW YORK.","PURPOSE: TO SUPPORT ARTS PROGRAMMING IN RURAL LIVINGSTON AND MONROE COUNTIES, NEW YORK.",NON,NOT RECOVERY ACT,M,NONPROFIT WITH 501C3 IRS STATUS (OTHER THAN AN INSTITUTION OF HIGHER EDUCATION),,,A1,New Award,2,NON-AGGREGATE RECORD,,,,,,,,,,,https://www.usaspending.gov/award/ASST_NON_1888679-62-22_417/,2023-09-08 17:53:18.915563+00,2023-09-08 17:53:18.915563+00,recipient county outside NYC
5920_1888679-62-22_-NONE-_45.024_2,ASST_NON_1888679-62-22_417,1888679-62-22,2,,SAI EXEMPT,0.00,35000.00,35000.00,0.00,0.00,0.00,0.00,0.00,0.00,0.00,0.00,Q: Not Designated Nonemergency/Emergency/Disaster/Wildfire Suppression,,,,,2022-02-10,2022,2022-01-01,2024-09-30,417,National Endowment for the Arts,5920,National Endowment for the Arts,593105,NATIONAL ENDOWMENT FOR THE ARTS,417,National Endowment for the Arts,5920,National Endowment for the Arts,593105,NATIONAL ENDOWMENT FOR THE ARTS,417-X-0100-000,417-0100,"41.0: Grants, subsidies, and contributions",0001: PROMOTION OF THE ARTS,SN9QMKJQ1YY4,,GENESEE VALLEY COUNCIL ON THE ARTS INC,GENESEE VALLEY COUNCIL ON THE ARTS,,,,,USA,UNITED STATES,4 MURRAY HILL DR APT 1,,48945,MOUNT MORRIS,36051,LIVINGSTON,36,NY,NEW YORK,14510,1122,NY-24,NY-24,,,,STATE-WIDE,USA,UNITED STATES,NY*****,,,,36,NEW YORK,,NY-24,,,45.024,PROMOTION OF THE ARTS GRANTS TO ORGANIZATIONS AND INDIVIDUALS,2021NEA01GAP1,,04,PROJECT GRANT (B),,,,,"PURPOSE: TO SUPPORT ARTS PROGRAMMING IN RURAL LIVINGSTON AND MONROE COUNTIES, NEW YORK.","PURPOSE: TO SUPPORT ARTS PROGRAMMING IN RURAL LIVINGSTON AND MONROE COUNTIES, NEW YORK.",NON,NOT RECOVERY ACT,M,NONPROFIT WITH 501C3 IRS STATUS (OTHER THAN AN INSTITUTION OF HIGHER EDUCATION),,,A1,New Award,2,NON-AGGREGATE RECORD,,,,,,,,,,,https://www.usaspending.gov/award/ASST_NON_1888679-62-22_417/,2024-05-07 18:54:36.014817+00,2024-05-07 18:54:36.014817+00,recipient county outside NYC
5920_1888789-54-22_-NONE-_45.024_-NONE-,ASST_NON_1888789-54-22_417,1888789-54-22,,,SAI EXEMPT,26000.00,26000.00,26000.00,0.00,0.00,0.00,0.00,0.00,0.00,0.00,26000.00,Q: Not Designated Nonemergency/Emergency/Disaster/Wildfire Suppression,,,,,2022-03-22,2022,2022-01-01,2022-12-31,417,National Endowment for the Arts,5920,National Endowment for the Arts,593105,NATIONAL ENDOWMENT FOR THE ARTS,417,National Endowment for the Arts,5920,National Endowment for the Arts,593105,NATIONAL ENDOWMENT FOR THE ARTS,417-X-0100-000,417-0100,"41.0: Grants, subsidies, and contributions",0001: PROMOTION OF THE ARTS,HTXKJJBJS433,015385977,"PUSH PHYSICAL THEATRE, INC",PUSH PHYSICAL THEATRE  INC.,,,,,USA,UNITED STATES,50 N PLYMOUTH AVE,,63000,ROCHESTER,36055,MONROE,36,NY,NEW YORK,14614,1221,NY-25,NY-25,,,,STATE-WIDE,USA,UNITED STATES,NY*****,,,,36,NEW YORK,,NY-25,,,45.024,PROMOTION OF THE ARTS GRANTS TO ORGANIZATIONS AND INDIVIDUALS,,,04,PROJECT GRANT (B),,,,,PURPOSE: TO SUPPORT THE MULTIDISCIPLINARY PERFORMING ARTS SHOW SOMEONE NO ONE CAN SEE.,PURPOSE: TO SUPPORT THE MULTIDISCIPLINARY PERFORMING ARTS SHOW SOMEONE NO ONE CAN SEE.,NON,NOT RECOVERY ACT,M,NONPROFIT WITH 501C3 IRS STATUS (OTHER THAN AN INSTITUTION OF HIGHER EDUCATION),,,A1,New Award,2,NON-AGGREGATE RECORD,,,,,,,,,,,https://www.usaspending.gov/award/ASST_NON_1888789-54-22_417/,2022-03-24 13:23:44.895784+00,2022-03-24 13:23:44.895784+00,recipient county outside NYC
5920_1888895-41-22_-NONE-_45.024_-NONE-,ASST_NON_1888895-41-22_417,1888895-41-22,,,SAI EXEMPT,25000.00,25000.00,25000.00,0.00,0.00,0.00,0.00,0.00,0.00,0.00,25000.00,Q: Not Designated Nonemergency/Emergency/Disaster/Wildfire Suppression,,,,,2022-06-06,2022,2022-01-01,2022-12-31,417,National Endowment for the Arts,5920,National Endowment for the Arts,593105,NATIONAL ENDOWMENT FOR THE ARTS,417,National Endowment for the Arts,5920,National Endowment for the Arts,593105,NATIONAL ENDOWMENT FOR THE ARTS,417-X-0100-000,417-0100,"41.0: Grants, subsidies, and contributions",0001: PROMOTION OF THE ARTS,XXZQTQAUG5M4,,CENTER FOR PHOTOGRAPHY AT WOODSTOCK,CENTER FOR PHOTOGRAPHY AT WOODSTOCK  INC.,,,,,USA,UNITED STATES,59 TINKER ST,,83041,WOODSTOCK,36111,ULSTER,36,NY,NEW YORK,12498,1236,NY-19,NY-18,,,,STATE-WIDE,USA,UNITED STATES,NY*****,,,,36,NEW YORK,,NY-19,,,45.024,PROMOTION OF THE ARTS GRANTS TO ORGANIZATIONS AND INDIVIDUALS,,,04,PROJECT GRANT (B),,,,,PURPOSE: TO SUPPORT A PHOTOGRAPHY RESIDENCY PROGRAM WITH A FOCUS ON ARTISTS OF COLOR.,PURPOSE: TO SUPPORT A PHOTOGRAPHY RESIDENCY PROGRAM WITH A FOCUS ON ARTISTS OF COLOR.,NON,NOT RECOVERY ACT,M,NONPROFIT WITH 501C3 IRS STATUS (OTHER THAN AN INSTITUTION OF HIGHER EDUCATION),,,A1,New Award,2,NON-AGGREGATE RECORD,,,,,,,,,,,https://www.usaspending.gov/award/ASST_NON_1888895-41-22_417/,2022-06-14 13:20:19.425828+00,2022-06-14 13:20:19.425828+00,recipient county outside NYC
5920_1888896-42-22_-NONE-_45.024_-NONE-,ASST_NON_1888896-42-22_417,1888896-42-22,,,SAI EXEMPT,40000.00,40000.00,40000.00,0.00,0.00,0.00,0.00,0.00,0.00,0.00,40000.00,Q: Not Designated Nonemergency/Emergency/Disaster/Wildfire Suppression,,,,,2022-02-02,2022,2022-01-01,2022-12-31,417,National Endowment for the Arts,5920,National Endowment for the Arts,593105,NATIONAL ENDOWMENT FOR THE ARTS,417,National Endowment for the Arts,5920,National Endowment for the Arts,593105,NATIONAL ENDOWMENT FOR THE ARTS,417-X-0100-000,417-0100,"41.0: Grants, subsidies, and contributions",0001: PROMOTION OF THE ARTS,SFMKMBJHG733,045721472,OPEN STYLE LAB INC,OPEN STYLE LAB  INC,,,,,USA,UNITED STATES,8 LINKS DRIVE,,30169,GREAT NECK,36059,NASSAU,36,NY,NEW YORK,11020,1145,NY-03,NY-03,,,,STATE-WIDE,USA,UNITED STATES,NY*****,,,,36,NEW YORK,,NY-03,,,45.024,PROMOTION OF THE ARTS GRANTS TO ORGANIZATIONS AND INDIVIDUALS,,,04,PROJECT GRANT (B),,,,,PURPOSE:&NBSP;TO SUPPORT A YEAR-LONG SERIES OF DIGITAL EDUCATIONAL PROGRAMMING FOCUSED ON INCLUSIVE FASHION DESIGN.,PURPOSE:&NBSP;TO SUPPORT A YEAR-LONG SERIES OF DIGITAL EDUCATIONAL PROGRAMMING FOCUSED ON INCLUSIVE FASHION DESIGN.,NON,NOT RECOVERY ACT,M,NONPROFIT WITH 501C3 IRS STATUS (OTHER THAN AN INSTITUTION OF HIGHER EDUCATION),,,A1,New Award,2,NON-AGGREGATE RECORD,,,,,,,,,,,https://www.usaspending.gov/award/ASST_NON_1888896-42-22_417/,2022-02-11 17:39:51.529096+00,2022-02-11 17:39:51.529096+00,recipient county outside NYC
5920_1888925-72-22_-NONE-_45.024_-NONE-,ASST_NON_1888925-72-22_417,1888925-72-22,,,SAI EXEMPT,25000.00,25000.00,25000.00,9000.00,0.00,0.00,0.00,0.00,0.00,0.00,25000.00,Q: Not Designated Nonemergency/Emergency/Disaster/Wildfire Suppression,,,,,2022-05-04,2022,2022-01-01,2022-10-31,417,National Endowment for the Arts,5920,National Endowment for the Arts,593105,NATIONAL ENDOWMENT FOR THE ARTS,417,National Endowment for the Arts,5920,National Endowment for the Arts,593105,NATIONAL ENDOWMENT FOR THE ARTS,417-X-0100-000,417-0100,"41.0: Grants, subsidies, and contributions",0001: PROMOTION OF THE ARTS,HKL7FEJNB7W7,,CONSTANCE SALTONSTALL FOUNDATION FOR,CONSTANCE SALTONSTALL FOUNDATION FOR THE ARTS  INC.,,,,,USA,UNITED STATES,435 ELLIS HOLLOW CREEK RD,,38077,ITHACA,36109,TOMPKINS,36,NY,NEW YORK,14850,9677,NY-23,NY-19,,,,STATE-WIDE,USA,UNITED STATES,NY*****,,,,36,NEW YORK,,NY-23,,,45.024,PROMOTION OF THE ARTS GRANTS TO ORGANIZATIONS AND INDIVIDUALS,,,04,PROJECT GRANT (B),,,,,PURPOSE: TO SUPPORT AN ARTIST RESIDENCY PROGRAM.,PURPOSE: TO SUPPORT AN ARTIST RESIDENCY PROGRAM.,NON,NOT RECOVERY ACT,M,NONPROFIT WITH 501C3 IRS STATUS (OTHER THAN AN INSTITUTION OF HIGHER EDUCATION),,,A1,New Award,2,NON-AGGREGATE RECORD,,,,,,,,,,,https://www.usaspending.gov/award/ASST_NON_1888925-72-22_417/,2022-05-19 17:17:17.004314+00,2022-05-19 17:17:17.004314+00,recipient county outside NYC
5920_1888947-72-22_-NONE-_45.024_-NONE-,ASST_NON_1888947-72-22_417,1888947-72-22,,,SAI EXEMPT,25000.00,25000.00,25000.00,0.00,0.00,0.00,0.00,0.00,0.00,0.00,25000.00,Q: Not Designated Nonemergency/Emergency/Disaster/Wildfire Suppression,,,,,2022-06-02,2022,2022-07-01,2023-06-30,417,National Endowment for the Arts,5920,National Endowment for the Arts,593105,NATIONAL ENDOWMENT FOR THE ARTS,417,National Endowment for the Arts,5920,National Endowment for the Arts,593105,NATIONAL ENDOWMENT FOR THE ARTS,417-X-0100-000,417-0100,"41.0: Grants, subsidies, and contributions",0001: PROMOTION OF THE ARTS,PN4LBCGBL8P7,,"VISUAL STUDIES WORKSHOP, INC.",VISUAL STUDIES WORKSHOP  INC.,,,,,USA,UNITED STATES,31 PRINCE ST,,63000,ROCHESTER,36055,MONROE,36,NY,NEW YORK,14607,1405,NY-25,NY-25,,,,STATE-WIDE,USA,UNITED STATES,NY*****,,,,36,NEW YORK,,NY-25,,,45.024,PROMOTION OF THE ARTS GRANTS TO ORGANIZATIONS AND INDIVIDUALS,,,04,PROJECT GRANT (B),,,,,PURPOSE: TO SUPPORT AN ARTIST RESIDENCY PROGRAM.,PURPOSE: TO SUPPORT AN ARTIST RESIDENCY PROGRAM.,NON,NOT RECOVERY ACT,M,NONPROFIT WITH 501C3 IRS STATUS (OTHER THAN AN INSTITUTION OF HIGHER EDUCATION),,,A1,New Award,2,NON-AGGREGATE RECORD,,,,,,,,,,,https://www.usaspending.gov/award/ASST_NON_1888947-72-22_417/,2022-06-14 13:20:19.425828+00,2022-06-14 13:20:19.425828+00,recipient county outside NYC
5920_1888952-44-22_-NONE-_45.024_-NONE-,ASST_NON_1888952-44-22_417,1888952-44-22,,,SAI EXEMPT,35000.00,35000.00,35000.00,0.00,0.00,0.00,0.00,0.00,0.00,0.00,35000.00,Q: Not Designated Nonemergency/Emergency/Disaster/Wildfire Suppression,,,,,2022-05-19,2022,2022-01-01,2022-12-31,417,National Endowment for the Arts,5920,National Endowment for the Arts,593105,NATIONAL ENDOWMENT FOR THE ARTS,417,National Endowment for the Arts,5920,National Endowment for the Arts,593105,NATIONAL ENDOWMENT FOR THE ARTS,417-X-0100-000,417-0100,"41.0: Grants, subsidies, and contributions",0001: PROMOTION OF THE ARTS,HLBJUVV4AFJ6,,STORM KING ART CENTER,STORM KING ART CENTER,,,,,USA,UNITED STATES,1 MUSEUM RD,,50837,NEW WINDSOR,36071,ORANGE,36,NY,NEW YORK,12553,8883,NY-18,NY-18,,,,STATE-WIDE,USA,UNITED STATES,NY*****,,,,36,NEW YORK,,NY-18,,,45.024,PROMOTION OF THE ARTS GRANTS TO ORGANIZATIONS AND INDIVIDUALS,,,04,PROJECT GRANT (B),,,,,PURPOSE: TO SUPPORT AN EXHIBITION OF SCULPTURAL WORKS BY KENYAN-AMERICAN ARTIST WANGECHI MUTU (B. 1972).,PURPOSE: TO SUPPORT AN EXHIBITION OF SCULPTURAL WORKS BY KENYAN-AMERICAN ARTIST WANGECHI MUTU (B. 1972).,NON,NOT RECOVERY ACT,M,NONPROFIT WITH 501C3 IRS STATUS (OTHER THAN AN INSTITUTION OF HIGHER EDUCATION),,,A1,New Award,2,NON-AGGREGATE RECORD,,,,,,,,,,,https://www.usaspending.gov/award/ASST_NON_1888952-44-22_417/,2022-05-19 17:17:17.004314+00,2022-05-19 17:17:17.004314+00,recipient county outside NYC
5920_1889061-59-21_-NONE-_45.024_1,ASST_NON_1889061-59-21_417,1889061-59-21,1,,SAI EXEMPT,-10000.00,0.00,,0.00,0.00,0.00,0.00,0.00,0.00,0.00,-10000.00,Q: Not Designated Nonemergency/Emergency/Disaster/Wildfire Suppression,,,,,2023-02-15,2023,2021-07-01,2022-08-31,417,National Endowment for the Arts,5920,National Endowment for the Arts,593105,NATIONAL ENDOWMENT FOR THE ARTS,417,National Endowment for the Arts,5920,National Endowment for the Arts,593105,NATIONAL ENDOWMENT FOR THE ARTS,417-X-0100-000,417-0100,"41.0: Grants, subsidies, and contributions",0001: PROMOTION OF THE ARTS,FYLNG1M2ENM5,,"MASSAPEQUA PHILHARMONIC ORCHESTRA, INC., THE",MASSAPEQUA PHILHARMONIC ORCHESTRA INC.,,,,,USA,UNITED STATES,30 GOLD PL,,44787,MALVERNE,36059,NASSAU,36,NY,NEW YORK,11565,1019,NY-04,NY-04,,,,STATE-WIDE,USA,UNITED STATES,NY*****,,,,36,NEW YORK,,NY-03,,,45.024,PROMOTION OF THE ARTS GRANTS TO ORGANIZATIONS AND INDIVIDUALS,,,04,PROJECT GRANT (B),,,,,TO SUPPORT AN OUTDOOR SUMMER CONCERT SERIES.,TO SUPPORT AN OUTDOOR SUMMER CONCERT SERIES.,NON,NOT RECOVERY ACT,M,NONPROFIT WITH 501C3 IRS STATUS (OTHER THAN AN INSTITUTION OF HIGHER EDUCATION),,,A1,New Award,2,NON-AGGREGATE RECORD,,,,,,,,,,,https://www.usaspending.gov/award/ASST_NON_1889061-59-21_417/,2023-02-22 20:21:53.723553+00,2023-02-22 20:21:53.723553+00,recipient county outside NYC
5920_1889261-62-22_-NONE-_45.024_-NONE-,ASST_NON_1889261-62-22_417,1889261-62-22,,,SAI EXEMPT,25000.00,0.00,,0.00,0.00,0.00,0.00,0.00,0.00,0.00,25000.00,Q: Not Designated Nonemergency/Emergency/Disaster/Wildfire Suppression,,,,,2022-05-04,2022,2022-01-01,2023-12-31,417,National Endowment for the Arts,5920,National Endowment for the Arts,593105,NATIONAL ENDOWMENT FOR THE ARTS,417,National Endowment for the Arts,5920,National Endowment for the Arts,593105,NATIONAL ENDOWMENT FOR THE ARTS,417-X-0100-000,417-0100,"41.0: Grants, subsidies, and contributions",0001: PROMOTION OF THE ARTS,SAPVWUFNVL22,,CITY OF NEWBURGH,CITY OF NEWBURGH  NEW YORK,N3Y4U3N18LJ9,,"NEWBURGH, CITY OF",CITY OF NEWBURGH,USA,UNITED STATES,83 BROADWAY,,50034,NEWBURGH,36071,ORANGE,36,NY,NEW YORK,12550,5617,NY-18,NY-18,,,,STATE-WIDE,USA,UNITED STATES,NY*****,,,,36,NEW YORK,,NY-18,,,45.024,PROMOTION OF THE ARTS GRANTS TO ORGANIZATIONS AND INDIVIDUALS,,,04,PROJECT GRANT (B),,,,,PURPOSE: TO SUPPORT TECHNICAL ASSISTANCE STRATEGIES DESIGNED TO PROVIDE GREATER ACCESS TO THE CITYS ARTS PROJECTS AND RESOURCES.,PURPOSE: TO SUPPORT TECHNICAL ASSISTANCE STRATEGIES DESIGNED TO PROVIDE GREATER ACCESS TO THE CITYS ARTS PROJECTS AND RESOURCES.,NON,NOT RECOVERY ACT,A,STATE GOVERNMENT,,,A1,New Award,2,NON-AGGREGATE RECORD,,,,,,,,,,,https://www.usaspending.gov/award/ASST_NON_1889261-62-22_417/,2022-05-19 17:17:17.004314+00,2022-05-19 17:17:17.004314+00,recipient county outside NYC
5920_1889261-62-22_-NONE-_45.024_1,ASST_NON_1889261-62-22_417,1889261-62-22,1,,SAI EXEMPT,-25000.00,0.00,,0.00,0.00,0.00,0.00,0.00,0.00,0.00,-25000.00,Q: Not Designated Nonemergency/Emergency/Disaster/Wildfire Suppression,,,,,2022-11-21,2023,2022-01-01,2023-12-31,417,National Endowment for the Arts,5920,National Endowment for the Arts,593105,NATIONAL ENDOWMENT FOR THE ARTS,417,National Endowment for the Arts,5920,National Endowment for the Arts,593105,NATIONAL ENDOWMENT FOR THE ARTS,417-X-0100-000,417-0100,"41.0: Grants, subsidies, and contributions",0001: PROMOTION OF THE ARTS,SAPVWUFNVL22,,CITY OF NEWBURGH,CITY OF NEWBURGH  NEW YORK,N3Y4U3N18LJ9,,"NEWBURGH, CITY OF",CITY OF NEWBURGH,USA,UNITED STATES,83 BROADWAY,,50034,NEWBURGH,36071,ORANGE,36,NY,NEW YORK,12550,5617,NY-18,NY-18,,,,STATE-WIDE,USA,UNITED STATES,NY*****,,,,36,NEW YORK,,NY-18,,,45.024,PROMOTION OF THE ARTS GRANTS TO ORGANIZATIONS AND INDIVIDUALS,,,04,PROJECT GRANT (B),,,,,PURPOSE: TO SUPPORT TECHNICAL ASSISTANCE STRATEGIES DESIGNED TO PROVIDE GREATER ACCESS TO THE CITYS ARTS PROJECTS AND RESOURCES.,PURPOSE: TO SUPPORT TECHNICAL ASSISTANCE STRATEGIES DESIGNED TO PROVIDE GREATER ACCESS TO THE CITYS ARTS PROJECTS AND RESOURCES.,NON,NOT RECOVERY ACT,A,STATE GOVERNMENT,,,A1,New Award,2,NON-AGGREGATE RECORD,,,,,,,,,,,https://www.usaspending.gov/award/ASST_NON_1889261-62-22_417/,2022-11-22 19:55:17.838498+00,2022-11-22 19:55:17.838498+00,recipient county outside NYC
5920_1889273-44-22_-NONE-_45.024_-NONE-,ASST_NON_1889273-44-22_417,1889273-44-22,,,SAI EXEMPT,30000.00,30000.00,30000.00,11286.00,0.00,0.00,0.00,0.00,0.00,0.00,30000.00,Q: Not Designated Nonemergency/Emergency/Disaster/Wildfire Suppression,,,,,2022-05-04,2022,2022-07-01,2023-06-30,417,National Endowment for the Arts,5920,National Endowment for the Arts,593105,NATIONAL ENDOWMENT FOR THE ARTS,417,National Endowment for the Arts,5920,National Endowment for the Arts,593105,NATIONAL ENDOWMENT FOR THE ARTS,417-X-0100-000,417-0100,"41.0: Grants, subsidies, and contributions",0001: PROMOTION OF THE ARTS,SR22RUJJ11H2,,HOFSTRA UNIVERSITY,HOFSTRA UNIVERSITY,SR22RUJJ11H2,,HOFSTRA UNIVERSITY,HOFSTRA UNIVERSITY,USA,UNITED STATES,100 HOFSTRA UNIVERSITY,,33139,HEMPSTEAD,36059,NASSAU,36,NY,NEW YORK,11549,1000,NY-04,NY-04,,,,STATE-WIDE,USA,UNITED STATES,NY*****,,,,36,NEW YORK,,NY-04,,,45.024,PROMOTION OF THE ARTS GRANTS TO ORGANIZATIONS AND INDIVIDUALS,,,04,PROJECT GRANT (B),,,,,PURPOSE: TO SUPPORT STAFF SALARIES AND ADMINISTRATIVE COSTS FOR AN EDUCATIONAL PROGRAM AT THE UNIVERSITY ART MUSEUM.,PURPOSE: TO SUPPORT STAFF SALARIES AND ADMINISTRATIVE COSTS FOR AN EDUCATIONAL PROGRAM AT THE UNIVERSITY ART MUSEUM.,NON,NOT RECOVERY ACT,M,NONPROFIT WITH 501C3 IRS STATUS (OTHER THAN AN INSTITUTION OF HIGHER EDUCATION),,,A1,New Award,2,NON-AGGREGATE RECORD,,,,,,,,,,,https://www.usaspending.gov/award/ASST_NON_1889273-44-22_417/,2022-05-19 17:17:17.004314+00,2022-05-19 17:17:17.004314+00,recipient county outside NYC
5920_1889387-41-22_-NONE-_45.024_-NONE-,ASST_NON_1889387-41-22_417,1889387-41-22,,,SAI EXEMPT,20000.00,20000.00,20000.00,0.00,0.00,0.00,0.00,0.00,0.00,0.00,20000.00,Q: Not Designated Nonemergency/Emergency/Disaster/Wildfire Suppression,,,,,2022-03-16,2022,2022-01-01,2022-12-31,417,National Endowment for the Arts,5920,National Endowment for the Arts,593105,NATIONAL ENDOWMENT FOR THE ARTS,417,National Endowment for the Arts,5920,National Endowment for the Arts,593105,NATIONAL ENDOWMENT FOR THE ARTS,417-X-0100-000,417-0100,"41.0: Grants, subsidies, and contributions",0001: PROMOTION OF THE ARTS,KM8QEPJ4NJG1,080003787,ENSLAVED AFRICANS RAIN GARDEN INC,ENSLAVED AFRICANS RAIN GARDEN INC,,,,,USA,UNITED STATES,92 MAIN ST LOFT 204,,84000,YONKERS,36119,WESTCHESTER,36,NY,NEW YORK,10701,,NY-16,NY-16,,,,STATE-WIDE,USA,UNITED STATES,NY*****,,,,36,NEW YORK,,NY-16,,,45.024,PROMOTION OF THE ARTS GRANTS TO ORGANIZATIONS AND INDIVIDUALS,,,04,PROJECT GRANT (B),,,,,PURPOSE: TO SUPPORT THE CREATION OF A SITE-SPECIFIC PUBLIC ART PROJECT TO COMMEMORATE THE LEGACY OF ENSLAVED AFRICANS.,PURPOSE: TO SUPPORT THE CREATION OF A SITE-SPECIFIC PUBLIC ART PROJECT TO COMMEMORATE THE LEGACY OF ENSLAVED AFRICANS.,NON,NOT RECOVERY ACT,M,NONPROFIT WITH 501C3 IRS STATUS (OTHER THAN AN INSTITUTION OF HIGHER EDUCATION),,,A1,New Award,2,NON-AGGREGATE RECORD,,,,,,,,,,,https://www.usaspending.gov/award/ASST_NON_1889387-41-22_417/,2022-03-24 13:23:44.895784+00,2022-03-24 13:23:44.895784+00,recipient county outside NYC
5920_1889424-31-22_-NONE-_45.024_-NONE-,ASST_NON_1889424-31-22_417,1889424-31-22,,,SAI EXEMPT,15000.00,15000.00,15000.00,6750.00,0.00,0.00,0.00,0.00,0.00,0.00,15000.00,Q: Not Designated Nonemergency/Emergency/Disaster/Wildfire Suppression,,,,,2022-02-02,2022,2022-01-01,2023-05-31,417,National Endowment for the Arts,5920,National Endowment for the Arts,593105,NATIONAL ENDOWMENT FOR THE ARTS,417,National Endowment for the Arts,5920,National Endowment for the Arts,593105,NATIONAL ENDOWMENT FOR THE ARTS,417-X-0100-000,417-0100,"41.0: Grants, subsidies, and contributions",0001: PROMOTION OF THE ARTS,F27KDXZMF9Y8,041294109,UNIVERSITY OF ROCHESTER,UNIVERSITY OF ROCHESTER,F27KDXZMF9Y8,041294109,UNIVERSITY OF ROCHESTER,UNIVERSITY OF ROCHESTER,USA,UNITED STATES,500 JOSEPH C WILSON BLVD,,63000,ROCHESTER,36055,MONROE,36,NY,NEW YORK,14627,0001,NY-25,NY-25,,,,STATE-WIDE,USA,UNITED STATES,NY*****,,,,36,NEW YORK,,NY-25,,,45.024,PROMOTION OF THE ARTS GRANTS TO ORGANIZATIONS AND INDIVIDUALS,,,04,PROJECT GRANT (B),,,,,PURPOSE: TO SUPPORT A COMMISSIONING AND PERFORMANCE PROJECT FEATURING A NEW ORCHESTRAL WORK BY NATIVE AMERICAN COMPOSER ANTHONY DAVIS BASED ON NATIVE AMERICAN WRITINGS  TO BE NARRATED BY THE 23RD POET LAUREATE JOY HARJO.,PURPOSE: TO SUPPORT A COMMISSIONING AND PERFORMANCE PROJECT FEATURING A NEW ORCHESTRAL WORK BY NATIVE AMERICAN COMPOSER ANTHONY DAVIS BASED ON NATIVE AMERICAN WRITINGS  TO BE NARRATED BY THE 23RD POET LAUREATE JOY HARJO.,NON,NOT RECOVERY ACT,M,NONPROFIT WITH 501C3 IRS STATUS (OTHER THAN AN INSTITUTION OF HIGHER EDUCATION),,,A1,New Award,2,NON-AGGREGATE RECORD,,,,,,,,,,,https://www.usaspending.gov/award/ASST_NON_1889424-31-22_417/,2022-02-11 17:39:51.529096+00,2022-02-11 17:39:51.529096+00,recipient county outside NYC
5920_1889439-62-22_-NONE-_45.024_-NONE-,ASST_NON_1889439-62-22_417,1889439-62-22,,,SAI EXEMPT,40000.00,40000.00,40000.00,0.00,0.00,0.00,0.00,0.00,0.00,0.00,40000.00,Q: Not Designated Nonemergency/Emergency/Disaster/Wildfire Suppression,,,,,2022-02-17,2022,2022-01-01,2023-12-31,417,National Endowment for the Arts,5920,National Endowment for the Arts,593105,NATIONAL ENDOWMENT FOR THE ARTS,417,National Endowment for the Arts,5920,National Endowment for the Arts,593105,NATIONAL ENDOWMENT FOR THE ARTS,417-X-0100-000,417-0100,"41.0: Grants, subsidies, and contributions",0001: PROMOTION OF THE ARTS,QVRUL3PAQEK1,101383578,"ARTSWESTCHESTER, INC",ARTSWESTCHESTER,,,,,USA,UNITED STATES,31 MAMARONECK AVE FL 3,,81677,WHITE PLAINS,36119,WESTCHESTER,36,NY,NEW YORK,10601,3328,NY-17,NY-16,,,,STATE-WIDE,USA,UNITED STATES,NY*****,,,,36,NEW YORK,,NY-17,,,45.024,PROMOTION OF THE ARTS GRANTS TO ORGANIZATIONS AND INDIVIDUALS,,,04,PROJECT GRANT (B),,,,,PURPOSE: TO SUPPORT A GROUP EXHIBITION OF NEW WORKS BY LOCAL VISUAL ARTISTS AND RELATED PROGRAMMING.,PURPOSE: TO SUPPORT A GROUP EXHIBITION OF NEW WORKS BY LOCAL VISUAL ARTISTS AND RELATED PROGRAMMING.,NON,NOT RECOVERY ACT,M,NONPROFIT WITH 501C3 IRS STATUS (OTHER THAN AN INSTITUTION OF HIGHER EDUCATION),,,A1,New Award,2,NON-AGGREGATE RECORD,,,,,,,,,,,https://www.usaspending.gov/award/ASST_NON_1889439-62-22_417/,2022-02-23 17:45:25.065667+00,2022-02-23 17:45:25.065667+00,recipient county outside NYC
5920_1889483-52-22_-NONE-_45.024_-NONE-,ASST_NON_1889483-52-22_417,1889483-52-22,,,SAI EXEMPT,30000.00,30000.00,30000.00,4500.00,0.00,0.00,0.00,0.00,0.00,0.00,30000.00,Q: Not Designated Nonemergency/Emergency/Disaster/Wildfire Suppression,,,,,2022-07-12,2022,2022-01-01,2023-06-30,417,National Endowment for the Arts,5920,National Endowment for the Arts,593105,NATIONAL ENDOWMENT FOR THE ARTS,417,National Endowment for the Arts,5920,National Endowment for the Arts,593105,NATIONAL ENDOWMENT FOR THE ARTS,417-X-0100-000,417-0100,"41.0: Grants, subsidies, and contributions",0001: PROMOTION OF THE ARTS,F27KDXZMF9Y8,,UNIVERSITY OF ROCHESTER,UNIVERSITY OF ROCHESTER,F27KDXZMF9Y8,,UNIVERSITY OF ROCHESTER,UNIVERSITY OF ROCHESTER,USA,UNITED STATES,500 JOSEPH C WILSON BLVD,,63000,ROCHESTER,36055,MONROE,36,NY,NEW YORK,14627,0001,NY-25,NY-25,,,,STATE-WIDE,USA,UNITED STATES,NY*****,,,,36,NEW YORK,,NY-25,,,45.024,PROMOTION OF THE ARTS GRANTS TO ORGANIZATIONS AND INDIVIDUALS,,,04,PROJECT GRANT (B),,,,,PURPOSE: TO SUPPORT OPEN LETTER BOOKS’ PUBLICATION AND PROMOTION OF INTERNATIONAL LITERATURE.,PURPOSE: TO SUPPORT OPEN LETTER BOOKS’ PUBLICATION AND PROMOTION OF INTERNATIONAL LITERATURE.,NON,NOT RECOVERY ACT,M,NONPROFIT WITH 501C3 IRS STATUS (OTHER THAN AN INSTITUTION OF HIGHER EDUCATION),,,A1,New Award,2,NON-AGGREGATE RECORD,,,,,,,,,,,https://www.usaspending.gov/award/ASST_NON_1889483-52-22_417/,2022-07-26 18:58:46.518912+00,2022-07-26 18:58:46.518912+00,recipient county outside NYC
5920_1889495-34-22_-NONE-_45.024_-NONE-,ASST_NON_1889495-34-22_417,1889495-34-22,,,SAI EXEMPT,15000.00,15000.00,15000.00,0.00,0.00,0.00,0.00,0.00,0.00,0.00,15000.00,Q: Not Designated Nonemergency/Emergency/Disaster/Wildfire Suppression,,,,,2022-02-16,2022,2022-01-01,2022-12-31,417,National Endowment for the Arts,5920,National Endowment for the Arts,593105,NATIONAL ENDOWMENT FOR THE ARTS,417,National Endowment for the Arts,5920,National Endowment for the Arts,593105,NATIONAL ENDOWMENT FOR THE ARTS,417-X-0100-000,417-0100,"41.0: Grants, subsidies, and contributions",0001: PROMOTION OF THE ARTS,UNSKFTUAQEC4,602735383,"NEW YORK WOMEN IN FILM & TELEVISION, INC.",NEW YORK WOMEN IN FILM & TELEVISION,,,,,USA,UNITED STATES,760 OLD DOCK RD,,39672,KINGS PARK,36103,SUFFOLK,36,NY,NEW YORK,11754,1105,NY-12,NY-01,,,,STATE-WIDE,USA,UNITED STATES,NY*****,,,,36,NEW YORK,,NY-12,,,45.024,PROMOTION OF THE ARTS GRANTS TO ORGANIZATIONS AND INDIVIDUALS,,,04,PROJECT GRANT (B),,,,,PURPOSE: TO SUPPORT A CREATIVE WORKFORCE SUMMIT AND SCREENING SERIES FOCUSING ON FEMALE LEADERS IN SCIENCE AND FILM.,"PURPOSE: TO SUPPORT A CREATIVE WORKFORCE SUMMIT AND SCREENING
SERIES FOCUSING ON FEMALE LEADERS IN SCIENCE AND FILM.",NON,NOT RECOVERY ACT,M,NONPROFIT WITH 501C3 IRS STATUS (OTHER THAN AN INSTITUTION OF HIGHER EDUCATION),,,A1,New Award,2,NON-AGGREGATE RECORD,,,,,,,,,,,https://www.usaspending.gov/award/ASST_NON_1889495-34-22_417/,2022-02-23 17:45:25.065667+00,2022-02-23 17:45:25.065667+00,recipient county outside NYC
5920_1889532-31-22_-NONE-_45.024_-NONE-,ASST_NON_1889532-31-22_417,1889532-31-22,,,SAI EXEMPT,20000.00,20000.00,20000.00,0.00,0.00,0.00,0.00,0.00,0.00,0.00,20000.00,Q: Not Designated Nonemergency/Emergency/Disaster/Wildfire Suppression,,,,,2022-02-09,2022,2022-01-01,2022-12-31,417,National Endowment for the Arts,5920,National Endowment for the Arts,593105,NATIONAL ENDOWMENT FOR THE ARTS,417,National Endowment for the Arts,5920,National Endowment for the Arts,593105,NATIONAL ENDOWMENT FOR THE ARTS,417-X-0100-000,417-0100,"41.0: Grants, subsidies, and contributions",0001: PROMOTION OF THE ARTS,VYUDKWXMN928,101285021,MAVERICK CONCERTS INC,MAVERICK CONCERTS  INC.,,,,,USA,UNITED STATES,120 MAVERICK RD,,83041,WOODSTOCK,36111,ULSTER,36,NY,NEW YORK,12498,,NY-19,NY-18,,,,STATE-WIDE,USA,UNITED STATES,NY*****,,,,36,NEW YORK,,NY-19,,,45.024,PROMOTION OF THE ARTS GRANTS TO ORGANIZATIONS AND INDIVIDUALS,,,04,PROJECT GRANT (B),,,,,PURPOSE: TO SUPPORT A CHAMBER MUSIC PERFORMANCE AND ENGAGEMENT PROJECT.,PURPOSE: TO SUPPORT A CHAMBER MUSIC PERFORMANCE AND ENGAGEMENT PROJECT.,NON,NOT RECOVERY ACT,M,NONPROFIT WITH 501C3 IRS STATUS (OTHER THAN AN INSTITUTION OF HIGHER EDUCATION),,,A1,New Award,2,NON-AGGREGATE RECORD,,,,,,,,,,,https://www.usaspending.gov/award/ASST_NON_1889532-31-22_417/,2022-02-11 17:39:51.529096+00,2022-02-11 17:39:51.529096+00,recipient county outside NYC
5920_1889532-31-22_-NONE-_45.024_1,ASST_NON_1889532-31-22_417,1889532-31-22,1,,SAI EXEMPT,0.00,20000.00,20000.00,0.00,0.00,0.00,0.00,0.00,0.00,0.00,0.00,Q: Not Designated Nonemergency/Emergency/Disaster/Wildfire Suppression,,,,,2022-02-09,2022,2022-01-01,2022-12-31,417,National Endowment for the Arts,5920,National Endowment for the Arts,593105,NATIONAL ENDOWMENT FOR THE ARTS,417,National Endowment for the Arts,5920,National Endowment for the Arts,593105,NATIONAL ENDOWMENT FOR THE ARTS,417-X-0100-000,417-0100,"41.0: Grants, subsidies, and contributions",0001: PROMOTION OF THE ARTS,VYUDKWXMN928,,MAVERICK CONCERTS INC,"MAVERICK CONCERTS, INC.",,,,,USA,UNITED STATES,MAVERICK RD,,83041,WOODSTOCK,36111,ULSTER,36,NY,NEW YORK,12498,,NY-19,NY-18,,,,STATE-WIDE,USA,UNITED STATES,NY*****,,,,36,NEW YORK,,NY-19,,,45.024,PROMOTION OF THE ARTS GRANTS TO ORGANIZATIONS AND INDIVIDUALS,2021NEA01GAP1,,04,PROJECT GRANT (B),,,,,PURPOSE: TO SUPPORT A CHAMBER MUSIC PERFORMANCE AND ENGAGEMENT PROJECT.,PURPOSE: TO SUPPORT A CHAMBER MUSIC PERFORMANCE AND ENGAGEMENT PROJECT.,NON,NOT RECOVERY ACT,M,NONPROFIT WITH 501C3 IRS STATUS (OTHER THAN AN INSTITUTION OF HIGHER EDUCATION),,,A1,New Award,2,NON-AGGREGATE RECORD,,,,,,,,,,,https://www.usaspending.gov/award/ASST_NON_1889532-31-22_417/,2023-06-02 17:11:00.801178+00,2023-06-02 17:11:00.801178+00,recipient county outside NYC
5920_1889677-31-22_-NONE-_45.024_-NONE-,ASST_NON_1889677-31-22_417,1889677-31-22,,,SAI EXEMPT,10000.00,10000.00,10000.00,0.00,0.00,0.00,0.00,0.00,0.00,0.00,10000.00,Q: Not Designated Nonemergency/Emergency/Disaster/Wildfire Suppression,,,,,2022-02-09,2022,2022-01-01,2022-09-30,417,National Endowment for the Arts,5920,National Endowment for the Arts,593105,NATIONAL ENDOWMENT FOR THE ARTS,417,National Endowment for the Arts,5920,National Endowment for the Arts,593105,NATIONAL ENDOWMENT FOR THE ARTS,417-X-0100-000,417-0100,"41.0: Grants, subsidies, and contributions",0001: PROMOTION OF THE ARTS,EW6MKD414637,077107659,CENTRAL NEW YORK JAZZ ARTS FOUNDATION INC,CENTRAL NEW YORK JAZZ ARTS FOUNDATION  INC.,,,,,USA,UNITED STATES,441 E WASHINGTON ST,,73000,SYRACUSE,36067,ONONDAGA,36,NY,NEW YORK,13202,1915,NY-24,NY-22,,,,STATE-WIDE,USA,UNITED STATES,NY*****,,,,36,NEW YORK,,NY-24,,,45.024,PROMOTION OF THE ARTS GRANTS TO ORGANIZATIONS AND INDIVIDUALS,,,04,PROJECT GRANT (B),,,,,PURPOSE: TO SUPPORT THE JAZZ IN THE CITY NEIGHBORHOOD OUTREACH CONCERT SERIES.,PURPOSE: TO SUPPORT THE JAZZ IN THE CITY NEIGHBORHOOD OUTREACH CONCERT SERIES.,NON,NOT RECOVERY ACT,M,NONPROFIT WITH 501C3 IRS STATUS (OTHER THAN AN INSTITUTION OF HIGHER EDUCATION),,,A1,New Award,2,NON-AGGREGATE RECORD,,,,,,,,,,,https://www.usaspending.gov/award/ASST_NON_1889677-31-22_417/,2022-02-11 17:39:51.529096+00,2022-02-11 17:39:51.529096+00,recipient county outside NYC
5920_1891786-38-22_-NONE-_45.024_-NONE-,ASST_NON_1891786-38-22_417,1891786-38-22,,,SAI EXEMPT,75000.00,75000.00,75000.00,55602.00,0.00,0.00,0.00,0.00,0.00,0.00,75000.00,Q: Not Designated Nonemergency/Emergency/Disaster/Wildfire Suppression,,,,,2022-03-14,2022,2022-01-01,2024-12-31,417,National Endowment for the Arts,5920,National Endowment for the Arts,593105,NATIONAL ENDOWMENT FOR THE ARTS,417,National Endowment for the Arts,5920,National Endowment for the Arts,593105,NATIONAL ENDOWMENT FOR THE ARTS,417-X-0100-000,417-0100,"41.0: Grants, subsidies, and contributions",0001: PROMOTION OF THE ARTS,G56PUALJ3KT5,872612445,CORNELL UNIVERSITY,CORNELL UNIVERSITY,EQA8NBEN9WD5,002254837,CORNELL UNIVERSITY,CORNELL UNIVERSITY,USA,UNITED STATES,341 PINE TREE RD,,38077,ITHACA,36109,TOMPKINS,36,NY,NEW YORK,14850,2820,NY-23,NY-19,,,,STATE-WIDE,USA,UNITED STATES,NY*****,,,,36,NEW YORK,,NY-23,,,45.024,PROMOTION OF THE ARTS GRANTS TO ORGANIZATIONS AND INDIVIDUALS,,,04,PROJECT GRANT (B),,,,,PURPOSE:&NBSP;TO SUPPORT A MIXED-METHODS STUDY OF STUDENT OUTCOMES OF AN ENVIRONMENTAL EDUCATION CURRICULUM THAT USES ART-BASED  IMMERSIVE  AND INTERDISCIPLINARY TEACHING METHODS.,PURPOSE:&NBSP;TO SUPPORT A MIXED-METHODS STUDY OF STUDENT OUTCOMES OF AN ENVIRONMENTAL EDUCATION CURRICULUM THAT USES ART-BASED  IMMERSIVE  AND INTERDISCIPLINARY TEACHING METHODS.,NON,NOT RECOVERY ACT,M,NONPROFIT WITH 501C3 IRS STATUS (OTHER THAN AN INSTITUTION OF HIGHER EDUCATION),,,A1,New Award,2,NON-AGGREGATE RECORD,,,,,,,,,,,https://www.usaspending.gov/award/ASST_NON_1891786-38-22_417/,2022-03-24 13:23:44.895784+00,2022-03-24 13:23:44.895784+00,recipient county outside NYC
5920_1891805-78-22_-NONE-_45.024_-NONE-,ASST_NON_1891805-78-22_417,1891805-78-22,,,SAI EXEMPT,10000.00,10000.00,10000.00,0.00,0.00,0.00,0.00,0.00,0.00,0.00,10000.00,Q: Not Designated Nonemergency/Emergency/Disaster/Wildfire Suppression,,,,,2022-04-05,2022,2022-04-01,2023-01-31,417,National Endowment for the Arts,5920,National Endowment for the Arts,593105,NATIONAL ENDOWMENT FOR THE ARTS,417,National Endowment for the Arts,5920,National Endowment for the Arts,593105,NATIONAL ENDOWMENT FOR THE ARTS,417-X-0100-000,417-0100,"41.0: Grants, subsidies, and contributions",0001: PROMOTION OF THE ARTS,L5S7BLG4Y5N5,,KLINKHART HALL ARTS CENTER INC,KLINKHART HALL ARTS CENTER INC,,,,,USA,UNITED STATES,191 MAIN ST,,66663,SHARON SPRINGS,36095,SCHOHARIE,36,NY,NEW YORK,13459,3137,NY-19,NY-21,,,,STATE-WIDE,USA,UNITED STATES,NY*****,,,,36,NEW YORK,,NY-19,,,45.024,PROMOTION OF THE ARTS GRANTS TO ORGANIZATIONS AND INDIVIDUALS,,,04,PROJECT GRANT (B),,,,,PURPOSE: TO SUPPORT THE SHARON SPRINGS POETRY FESTIVAL.,PURPOSE: TO SUPPORT THE SHARON SPRINGS POETRY FESTIVAL.,NON,NOT RECOVERY ACT,M,NONPROFIT WITH 501C3 IRS STATUS (OTHER THAN AN INSTITUTION OF HIGHER EDUCATION),,,A1,New Award,2,NON-AGGREGATE RECORD,,,,,,,,,,,https://www.usaspending.gov/award/ASST_NON_1891805-78-22_417/,2022-04-12 17:23:17.289606+00,2022-04-12 17:23:17.289606+00,recipient county outside NYC
5920_1892086-78-22_-NONE-_45.024_-NONE-,ASST_NON_1892086-78-22_417,1892086-78-22,,,SAI EXEMPT,10000.00,10000.00,10000.00,0.00,0.00,0.00,0.00,0.00,0.00,0.00,10000.00,Q: Not Designated Nonemergency/Emergency/Disaster/Wildfire Suppression,,,,,2022-04-18,2022,2022-01-01,2023-05-31,417,National Endowment for the Arts,5920,National Endowment for the Arts,593105,NATIONAL ENDOWMENT FOR THE ARTS,417,National Endowment for the Arts,5920,National Endowment for the Arts,593105,NATIONAL ENDOWMENT FOR THE ARTS,417-X-0100-000,417-0100,"41.0: Grants, subsidies, and contributions",0001: PROMOTION OF THE ARTS,Y81UZFU4MGU7,,"FULLERTON MANSION CENTER FOR CULTURE AND HISTORY, INC.",FULLERTON MANSION CENTER FOR CULTURE AND HISTORY,,,,,USA,UNITED STATES,297 GRAND ST,,50034,NEWBURGH,36071,ORANGE,36,NY,NEW YORK,12550,3607,NY-18,NY-18,,,,STATE-WIDE,USA,UNITED STATES,NY*****,,,,36,NEW YORK,,NY-18,,,45.024,PROMOTION OF THE ARTS GRANTS TO ORGANIZATIONS AND INDIVIDUALS,,,04,PROJECT GRANT (B),,,,,PURPOSE: TO SUPPORT SITE-SPECIFIC PUBLIC ARTWORKS AT CITY-OWNED VACANT BUILDINGS IN NEWBURGH  NEW YORK.,PURPOSE: TO SUPPORT SITE-SPECIFIC PUBLIC ARTWORKS AT CITY-OWNED VACANT BUILDINGS IN NEWBURGH  NEW YORK.,NON,NOT RECOVERY ACT,M,NONPROFIT WITH 501C3 IRS STATUS (OTHER THAN AN INSTITUTION OF HIGHER EDUCATION),,,A1,New Award,2,NON-AGGREGATE RECORD,,,,,,,,,,,https://www.usaspending.gov/award/ASST_NON_1892086-78-22_417/,2022-04-27 15:31:29.01266+00,2022-04-27 15:31:29.01266+00,recipient county outside NYC
5920_1892385-54-22_-NONE-_45.024_-NONE-,ASST_NON_1892385-54-22_417,1892385-54-22,,,SAI EXEMPT,20000.00,20000.00,20000.00,0.00,0.00,0.00,0.00,0.00,0.00,0.00,20000.00,Q: Not Designated Nonemergency/Emergency/Disaster/Wildfire Suppression,,,,,2022-07-20,2022,2022-06-01,2022-12-31,417,National Endowment for the Arts,5920,National Endowment for the Arts,593105,NATIONAL ENDOWMENT FOR THE ARTS,417,National Endowment for the Arts,5920,National Endowment for the Arts,593105,NATIONAL ENDOWMENT FOR THE ARTS,417-X-0100-000,417-0100,"41.0: Grants, subsidies, and contributions",0001: PROMOTION OF THE ARTS,JB7FDKX1SJ36,,"THE MILLAY COLONY FOR THE ARTS, INC.",MILLAY COLONY FOR THE ARTS  INC.,,,,,USA,UNITED STATES,454 E HILL RD,,03276,AUSTERLITZ,36021,COLUMBIA,36,NY,NEW YORK,12017,,NY-19,NY-19,,,,STATE-WIDE,USA,UNITED STATES,NY*****,,,,36,NEW YORK,,NY-19,,,45.024,PROMOTION OF THE ARTS GRANTS TO ORGANIZATIONS AND INDIVIDUALS,,,04,PROJECT GRANT (B),,,,,PURPOSE: TO SUPPORT MULTIDISCIPLINARY ARTIST RESIDENCIES.,PURPOSE: TO SUPPORT MULTIDISCIPLINARY ARTIST RESIDENCIES.,NON,NOT RECOVERY ACT,M,NONPROFIT WITH 501C3 IRS STATUS (OTHER THAN AN INSTITUTION OF HIGHER EDUCATION),,,A1,New Award,2,NON-AGGREGATE RECORD,,,,,,,,,,,https://www.usaspending.gov/award/ASST_NON_1892385-54-22_417/,2022-07-26 18:58:46.518912+00,2022-07-26 18:58:46.518912+00,recipient county outside NYC
5920_1892490-55-22_-NONE-_45.024_-NONE-,ASST_NON_1892490-55-22_417,1892490-55-22,,,SAI EXEMPT,15000.00,15000.00,15000.00,0.00,0.00,0.00,0.00,0.00,0.00,0.00,15000.00,Q: Not Designated Nonemergency/Emergency/Disaster/Wildfire Suppression,,,,,2022-08-03,2022,2022-06-01,2024-05-31,417,National Endowment for the Arts,5920,National Endowment for the Arts,593105,NATIONAL ENDOWMENT FOR THE ARTS,417,National Endowment for the Arts,5920,National Endowment for the Arts,593105,NATIONAL ENDOWMENT FOR THE ARTS,417-X-0100-000,417-0100,"41.0: Grants, subsidies, and contributions",0001: PROMOTION OF THE ARTS,KJNRJMKSLK51,,"LONG ISLAND TRADITIONS, INC",LONG ISLAND TRADITIONS INC.,,,,,USA,UNITED STATES,382 MAIN ST,,59520,PORT WASHINGTON,36059,NASSAU,36,NY,NEW YORK,11050,3136,NY-03,NY-03,,,,STATE-WIDE,USA,UNITED STATES,NY*****,,,,36,NEW YORK,,NY-03,,,45.024,PROMOTION OF THE ARTS GRANTS TO ORGANIZATIONS AND INDIVIDUALS,,,04,PROJECT GRANT (B),,,,,PURPOSE: TO SUPPORT AN EXHIBIT ON THE TRADITIONAL CULTURE OF LONG ISLAND BAY HOUSES.,PURPOSE: TO SUPPORT AN EXHIBIT ON THE TRADITIONAL CULTURE OF LONG ISLAND BAY HOUSES.,NON,NOT RECOVERY ACT,M,NONPROFIT WITH 501C3 IRS STATUS (OTHER THAN AN INSTITUTION OF HIGHER EDUCATION),,,A1,New Award,2,NON-AGGREGATE RECORD,,,,,,,,,,,https://www.usaspending.gov/award/ASST_NON_1892490-55-22_417/,2022-08-26 15:40:21.061306+00,2022-08-26 15:40:21.061306+00,recipient county outside NYC
5920_1892490-55-22_-NONE-_45.024_1,ASST_NON_1892490-55-22_417,1892490-55-22,1,,SAI EXEMPT,0.00,15000.00,15000.00,0.00,0.00,0.00,0.00,0.00,0.00,0.00,0.00,Q: Not Designated Nonemergency/Emergency/Disaster/Wildfire Suppression,,,,,2022-08-03,2022,2022-06-01,2025-12-31,417,National Endowment for the Arts,5920,National Endowment for the Arts,593105,NATIONAL ENDOWMENT FOR THE ARTS,417,National Endowment for the Arts,5920,National Endowment for the Arts,593105,NATIONAL ENDOWMENT FOR THE ARTS,417-X-0100-000,417-0100,"41.0: Grants, subsidies, and contributions",0001: PROMOTION OF THE ARTS,KJNRJMKSLK51,,"LONG ISLAND TRADITIONS, INC",LONG ISLAND TRADITIONS INC.,,,,,USA,UNITED STATES,382 MAIN ST,,59520,PORT WASHINGTON,36059,NASSAU,36,NY,NEW YORK,11050,3136,NY-03,NY-03,,,,STATE-WIDE,USA,UNITED STATES,NY*****,,,,36,NEW YORK,,NY-03,,,45.024,PROMOTION OF THE ARTS GRANTS TO ORGANIZATIONS AND INDIVIDUALS,,,04,PROJECT GRANT (B),,,,,PURPOSE: TO SUPPORT AN EXHIBIT ON THE TRADITIONAL CULTURE OF LONG ISLAND BAY HOUSES.,PURPOSE: TO SUPPORT AN EXHIBIT ON THE TRADITIONAL CULTURE OF LONG ISLAND BAY HOUSES.,NON,NOT RECOVERY ACT,M,NONPROFIT WITH 501C3 IRS STATUS (OTHER THAN AN INSTITUTION OF HIGHER EDUCATION),,,A1,New Award,2,NON-AGGREGATE RECORD,,,,,,,,,,,https://www.usaspending.gov/award/ASST_NON_1892490-55-22_417/,2023-04-07 16:56:43.72088+00,2023-04-07 16:56:43.72088+00,recipient county outside NYC
5920_1892490-55-22_-NONE-_45.024_3,ASST_NON_1892490-55-22_417,1892490-55-22,3,,SAI EXEMPT,0.00,15000.00,15000.00,0.00,0.00,0.00,0.00,0.00,0.00,0.00,0.00,Q: Not Designated Nonemergency/Emergency/Disaster/Wildfire Suppression,,,,,2022-08-03,2022,2022-06-01,2025-05-31,417,National Endowment for the Arts,5920,National Endowment for the Arts,593105,NATIONAL ENDOWMENT FOR THE ARTS,417,National Endowment for the Arts,5920,National Endowment for the Arts,593105,NATIONAL ENDOWMENT FOR THE ARTS,417-X-0100-000,417-0100,"41.0: Grants, subsidies, and contributions",0001: PROMOTION OF THE ARTS,KJNRJMKSLK51,,"LONG ISLAND TRADITIONS, INC",LONG ISLAND TRADITIONS INC.,KJNRJMKSLK51,,"LONG ISLAND TRADITIONS, INC",,USA,UNITED STATES,382 MAIN ST STE 10,,59520,PORT WASHINGTON,36059,NASSAU,36,NY,NEW YORK,11050,3136,NY-03,NY-03,,,,STATE-WIDE,USA,UNITED STATES,NY*****,,,,36,NEW YORK,,NY-03,,,45.024,PROMOTION OF THE ARTS GRANTS TO ORGANIZATIONS AND INDIVIDUALS,2021NEA01GAP2,TO SUPPORT OPPORTUNITIES FOR ALL PEOPLE TO PARTICIPATE IN THE ARTS AND ARTS EDUCATION.,04,PROJECT GRANT (B),,,,,PURPOSE: TO SUPPORT AN EXHIBIT ON THE TRADITIONAL CULTURE OF LONG ISLAND BAY HOUSES.,PURPOSE: TO SUPPORT AN EXHIBIT ON THE TRADITIONAL CULTURE OF LONG ISLAND BAY HOUSES.,NON,NOT RECOVERY ACT,M,NONPROFIT WITH 501C3 IRS STATUS (OTHER THAN AN INSTITUTION OF HIGHER EDUCATION),,,A1,New Award,2,NON-AGGREGATE RECORD,,,,,,,,,,,https://www.usaspending.gov/award/ASST_NON_1892490-55-22_417/,2025-05-29 15:25:04.378853+00,2025-05-29 15:25:04.378853+00,recipient county outside NYC
5920_1892530-34-22_-NONE-_45.024_-NONE-,ASST_NON_1892530-34-22_417,1892530-34-22,,,SAI EXEMPT,25000.00,25000.00,25000.00,0.00,0.00,0.00,0.00,0.00,0.00,0.00,25000.00,Q: Not Designated Nonemergency/Emergency/Disaster/Wildfire Suppression,,,,,2022-06-23,2022,2022-06-01,2023-05-31,417,National Endowment for the Arts,5920,National Endowment for the Arts,593105,NATIONAL ENDOWMENT FOR THE ARTS,417,National Endowment for the Arts,5920,National Endowment for the Arts,593105,NATIONAL ENDOWMENT FOR THE ARTS,417-X-0100-000,417-0100,"41.0: Grants, subsidies, and contributions",0001: PROMOTION OF THE ARTS,G9ALLQ9MX1K8,,"JACOB BURNS FILM CENTER, INC",JACOB BURNS FILM CENTER  INC.,,,"JACOB BURNS FILM CENTER, INC.","JACOB BURNS FILM CENTER, INC.",USA,UNITED STATES,405 MANVILLE RD OFC,,58728,PLEASANTVILLE,36119,WESTCHESTER,36,NY,NEW YORK,10570,2846,NY-17,NY-17,,,,STATE-WIDE,USA,UNITED STATES,NY*****,,,,36,NEW YORK,,NY-17,,,45.024,PROMOTION OF THE ARTS GRANTS TO ORGANIZATIONS AND INDIVIDUALS,,,04,PROJECT GRANT (B),,,,,PURPOSE: TO SUPPORT THE CREATIVE CULTURE FELLOWSHIP PROGRAM  SERVING ARTISTS WORKING IN FILM  VIDEO  AND NEW MEDIA.&NBSP;,PURPOSE: TO SUPPORT THE CREATIVE CULTURE FELLOWSHIP PROGRAM  SERVING ARTISTS WORKING IN FILM  VIDEO  AND NEW MEDIA.&NBSP;,NON,NOT RECOVERY ACT,M,NONPROFIT WITH 501C3 IRS STATUS (OTHER THAN AN INSTITUTION OF HIGHER EDUCATION),,,A1,New Award,2,NON-AGGREGATE RECORD,,,,,,,,,,,https://www.usaspending.gov/award/ASST_NON_1892530-34-22_417/,2022-06-27 19:04:01.967142+00,2022-06-27 19:04:01.967142+00,recipient county outside NYC
5920_1892581-32-22_-NONE-_45.024_-NONE-,ASST_NON_1892581-32-22_417,1892581-32-22,,,SAI EXEMPT,20000.00,20000.00,20000.00,0.00,0.00,0.00,0.00,0.00,0.00,0.00,20000.00,Q: Not Designated Nonemergency/Emergency/Disaster/Wildfire Suppression,,,,,2022-07-03,2022,2022-07-01,2023-07-31,417,National Endowment for the Arts,5920,National Endowment for the Arts,593105,NATIONAL ENDOWMENT FOR THE ARTS,417,National Endowment for the Arts,5920,National Endowment for the Arts,593105,NATIONAL ENDOWMENT FOR THE ARTS,417-X-0100-000,417-0100,"41.0: Grants, subsidies, and contributions",0001: PROMOTION OF THE ARTS,S7TNEMPLN4X7,,PEACE OF THE CITY MINISTRIES,PEACE OF THE CITY MINISTRIES,,,,,USA,UNITED STATES,146 PARKDALE AVE,,11000,BUFFALO,36029,ERIE,36,NY,NEW YORK,14213,1613,NY-26,NY-26,,,,STATE-WIDE,USA,UNITED STATES,NY*****,,,,36,NEW YORK,,NY-26,,,45.024,PROMOTION OF THE ARTS GRANTS TO ORGANIZATIONS AND INDIVIDUALS,,,04,PROJECT GRANT (B),,,,,PURPOSE: TO SUPPORT THEATER FOR ALL  A YOUTH-FOCUSED THEATER EXPOSURE AND ENRICHMENT PROGRAM.,PURPOSE: TO SUPPORT THEATER FOR ALL  A YOUTH-FOCUSED THEATER EXPOSURE AND ENRICHMENT PROGRAM.,NON,NOT RECOVERY ACT,M,NONPROFIT WITH 501C3 IRS STATUS (OTHER THAN AN INSTITUTION OF HIGHER EDUCATION),,,A1,New Award,2,NON-AGGREGATE RECORD,,,,,,,,,,,https://www.usaspending.gov/award/ASST_NON_1892581-32-22_417/,2022-07-26 18:58:46.518912+00,2022-07-26 18:58:46.518912+00,recipient county outside NYC
5920_1892734-31-22_-NONE-_45.024_-NONE-,ASST_NON_1892734-31-22_417,1892734-31-22,,,SAI EXEMPT,25000.00,25000.00,25000.00,18750.00,0.00,0.00,0.00,0.00,0.00,0.00,25000.00,Q: Not Designated Nonemergency/Emergency/Disaster/Wildfire Suppression,,,,,2022-07-06,2022,2022-06-01,2024-05-31,417,National Endowment for the Arts,5920,National Endowment for the Arts,593105,NATIONAL ENDOWMENT FOR THE ARTS,417,National Endowment for the Arts,5920,National Endowment for the Arts,593105,NATIONAL ENDOWMENT FOR THE ARTS,417-X-0100-000,417-0100,"41.0: Grants, subsidies, and contributions",0001: PROMOTION OF THE ARTS,SSLNDEA6SHT6,,THE RESEARCH FOUNDATION FOR THE STATE UNIVERSITY OF NEW YORK,RESEARCH FOUNDATION FOR THE STATE UNIVERSITY OF NEW YORK AT NEW PALTZ,GMZUKXFDJMA9,,THE RESEARCH FOUNDATION FOR THE STATE UNIVERSITY OF NEW YORK,THE RESEARCH FOUNDATION FOR THE STATE UNIVERSITY OF NEW YORK,USA,UNITED STATES,75 S MANHEIM BLVD,,50551,NEW PALTZ,36111,ULSTER,36,NY,NEW YORK,12561,2407,NY-19,NY-18,,,,STATE-WIDE,USA,UNITED STATES,NY*****,,,,36,NEW YORK,,NY-19,,,45.024,PROMOTION OF THE ARTS GRANTS TO ORGANIZATIONS AND INDIVIDUALS,,,04,PROJECT GRANT (B),,,,,PURPOSE: TO SUPPORT A COMMISSIONING AND PRESENTING PROJECT OF PIANO MUSIC.,PURPOSE: TO SUPPORT A COMMISSIONING AND PRESENTING PROJECT OF PIANO MUSIC.,NON,NOT RECOVERY ACT,A,STATE GOVERNMENT,,,A1,New Award,2,NON-AGGREGATE RECORD,,,,,,,,,,,https://www.usaspending.gov/award/ASST_NON_1892734-31-22_417/,2022-07-26 18:58:46.518912+00,2022-07-26 18:58:46.518912+00,recipient county outside NYC
5920_1892810-31-22_-NONE-_45.024_-NONE-,ASST_NON_1892810-31-22_417,1892810-31-22,,,SAI EXEMPT,20000.00,20000.00,20000.00,0.00,0.00,0.00,0.00,0.00,0.00,0.00,20000.00,Q: Not Designated Nonemergency/Emergency/Disaster/Wildfire Suppression,,,,,2022-05-17,2022,2022-06-01,2022-09-30,417,National Endowment for the Arts,5920,National Endowment for the Arts,593105,NATIONAL ENDOWMENT FOR THE ARTS,417,National Endowment for the Arts,5920,National Endowment for the Arts,593105,NATIONAL ENDOWMENT FOR THE ARTS,417-X-0100-000,417-0100,"41.0: Grants, subsidies, and contributions",0001: PROMOTION OF THE ARTS,D8RQY9ANS356,,CARAMOOR CENTER FOR MUSIC AND THE ARTS INCORPORATED,CARAMOOR CENTER FOR MUSIC AND THE ARTS  INC.,,,,,USA,UNITED STATES,149 GIRDLE RIDGE RD,,38946,KATONAH,36119,WESTCHESTER,36,NY,NEW YORK,10536,3815,NY-18,NY-17,,,,STATE-WIDE,USA,UNITED STATES,NY*****,,,,36,NEW YORK,,NY-18,,,45.024,PROMOTION OF THE ARTS GRANTS TO ORGANIZATIONS AND INDIVIDUALS,,,04,PROJECT GRANT (B),,,,,PURPOSE: TO SUPPORT ARTIST FEES FOR THE CARAMOOR SUMMER SEASON.,PURPOSE: TO SUPPORT ARTIST FEES FOR THE CARAMOOR SUMMER SEASON.,NON,NOT RECOVERY ACT,M,NONPROFIT WITH 501C3 IRS STATUS (OTHER THAN AN INSTITUTION OF HIGHER EDUCATION),,,A1,New Award,2,NON-AGGREGATE RECORD,,,,,,,,,,,https://www.usaspending.gov/award/ASST_NON_1892810-31-22_417/,2022-05-19 17:17:17.004314+00,2022-05-19 17:17:17.004314+00,recipient county outside NYC
5920_1892815-52-22_-NONE-_45.024_-NONE-,ASST_NON_1892815-52-22_417,1892815-52-22,,,SAI EXEMPT,20000.00,20000.00,20000.00,0.00,0.00,0.00,0.00,0.00,0.00,0.00,20000.00,Q: Not Designated Nonemergency/Emergency/Disaster/Wildfire Suppression,,,,,2022-07-26,2022,2022-07-01,2023-06-30,417,National Endowment for the Arts,5920,National Endowment for the Arts,593105,NATIONAL ENDOWMENT FOR THE ARTS,417,National Endowment for the Arts,5920,National Endowment for the Arts,593105,NATIONAL ENDOWMENT FOR THE ARTS,417-X-0100-000,417-0100,"41.0: Grants, subsidies, and contributions",0001: PROMOTION OF THE ARTS,MM7LELDHJL35,,"JUST BUFFALO LITERARY CENTER, INC.",JUST BUFFALO LITERARY CENTER  INC.,,,,,USA,UNITED STATES,468 WASHINGTON ST STE 2,,11000,BUFFALO,36029,ERIE,36,NY,NEW YORK,14203,1708,NY-26,NY-26,,,,STATE-WIDE,USA,UNITED STATES,NY*****,,,,36,NEW YORK,,NY-26,,,45.024,PROMOTION OF THE ARTS GRANTS TO ORGANIZATIONS AND INDIVIDUALS,,,04,PROJECT GRANT (B),,,,,PURPOSE: TO SUPPORT STAFF SALARY COSTS AND WRITER FEES FOR LITERARY PROGRAMMING.,PURPOSE: TO SUPPORT STAFF SALARY COSTS AND WRITER FEES FOR LITERARY PROGRAMMING.,NON,NOT RECOVERY ACT,M,NONPROFIT WITH 501C3 IRS STATUS (OTHER THAN AN INSTITUTION OF HIGHER EDUCATION),,,A1,New Award,2,NON-AGGREGATE RECORD,,,,,,,,,,,https://www.usaspending.gov/award/ASST_NON_1892815-52-22_417/,2022-07-26 18:58:46.518912+00,2022-07-26 18:58:46.518912+00,recipient county outside NYC
5920_1892838-51-22_-NONE-_45.024_-NONE-,ASST_NON_1892838-51-22_417,1892838-51-22,,,SAI EXEMPT,20000.00,20000.00,20000.00,0.00,0.00,0.00,0.00,0.00,0.00,0.00,20000.00,Q: Not Designated Nonemergency/Emergency/Disaster/Wildfire Suppression,,,,,2022-07-20,2022,2022-06-01,2023-05-31,417,National Endowment for the Arts,5920,National Endowment for the Arts,593105,NATIONAL ENDOWMENT FOR THE ARTS,417,National Endowment for the Arts,5920,National Endowment for the Arts,593105,NATIONAL ENDOWMENT FOR THE ARTS,417-X-0100-000,417-0100,"41.0: Grants, subsidies, and contributions",0001: PROMOTION OF THE ARTS,EV7FDZ5HCQE3,,"WESTERN NEW YORK BOOK ARTS COLLABORATIVE, INC.",WESTERN NEW YORK BOOK ARTS COLLABORATIVE  INC.,,,,,USA,UNITED STATES,468 WASHINGTON ST,,11000,BUFFALO,36029,ERIE,36,NY,NEW YORK,14203,,NY-26,NY-26,,,,STATE-WIDE,USA,UNITED STATES,NY*****,,,,36,NEW YORK,,NY-26,,,45.024,PROMOTION OF THE ARTS GRANTS TO ORGANIZATIONS AND INDIVIDUALS,,,04,PROJECT GRANT (B),,,,,PURPOSE: TO SUPPORT PRINTING PARTNERS  A FREE BOOK ARTS EDUCATION PROGRAM FOR STUDENTS.,PURPOSE: TO SUPPORT PRINTING PARTNERS  A FREE BOOK ARTS EDUCATION PROGRAM FOR STUDENTS.,NON,NOT RECOVERY ACT,M,NONPROFIT WITH 501C3 IRS STATUS (OTHER THAN AN INSTITUTION OF HIGHER EDUCATION),,,A1,New Award,2,NON-AGGREGATE RECORD,,,,,,,,,,,https://www.usaspending.gov/award/ASST_NON_1892838-51-22_417/,2022-07-26 18:58:46.518912+00,2022-07-26 18:58:46.518912+00,recipient county outside NYC
5920_1892868-62-22_-NONE-_45.024_-NONE-,ASST_NON_1892868-62-22_417,1892868-62-22,,,SAI EXEMPT,17000.00,17000.00,17000.00,0.00,0.00,0.00,0.00,0.00,0.00,0.00,17000.00,Q: Not Designated Nonemergency/Emergency/Disaster/Wildfire Suppression,,,,,2022-07-14,2022,2022-06-01,2023-05-31,417,National Endowment for the Arts,5920,National Endowment for the Arts,593105,NATIONAL ENDOWMENT FOR THE ARTS,417,National Endowment for the Arts,5920,National Endowment for the Arts,593105,NATIONAL ENDOWMENT FOR THE ARTS,417-X-0100-000,417-0100,"41.0: Grants, subsidies, and contributions",0001: PROMOTION OF THE ARTS,GC93LANBHFK7,,ARTS SERVICES INITIATIVE OF WESTERN NEW YORK INC,ARTS SERVICES INITIATIVE OF WESTERN NEW YORK  INC.,,,,,USA,UNITED STATES,2495 MAIN ST STE 422,,11000,BUFFALO,36029,ERIE,36,NY,NEW YORK,14214,2153,NY-26,NY-26,,,,STATE-WIDE,USA,UNITED STATES,NY*****,,,,36,NEW YORK,,NY-26,,,45.024,PROMOTION OF THE ARTS GRANTS TO ORGANIZATIONS AND INDIVIDUALS,,,04,PROJECT GRANT (B),,,,,PURPOSE: TO SUPPORT THE ARTS ACCESS PROGRAM  WHICH PROVIDES ARTS OPPORTUNITIES TO RESIDENTS RECEIVING PUBLIC ASSISTANCE IN ERIE AND NIAGARA COUNTIES IN WESTERN NEW YORK.,PURPOSE: TO SUPPORT THE ARTS ACCESS PROGRAM  WHICH PROVIDES ARTS OPPORTUNITIES TO RESIDENTS RECEIVING PUBLIC ASSISTANCE IN ERIE AND NIAGARA COUNTIES IN WESTERN NEW YORK.,NON,NOT RECOVERY ACT,M,NONPROFIT WITH 501C3 IRS STATUS (OTHER THAN AN INSTITUTION OF HIGHER EDUCATION),,,A1,New Award,2,NON-AGGREGATE RECORD,,,,,,,,,,,https://www.usaspending.gov/award/ASST_NON_1892868-62-22_417/,2022-07-26 18:58:46.518912+00,2022-07-26 18:58:46.518912+00,recipient county outside NYC
5920_1892903-44-22_-NONE-_45.024_-NONE-,ASST_NON_1892903-44-22_417,1892903-44-22,,,SAI EXEMPT,25000.00,25000.00,25000.00,5630.00,0.00,0.00,0.00,0.00,0.00,0.00,25000.00,Q: Not Designated Nonemergency/Emergency/Disaster/Wildfire Suppression,,,,,2022-07-26,2022,2022-07-01,2023-06-30,417,National Endowment for the Arts,5920,National Endowment for the Arts,593105,NATIONAL ENDOWMENT FOR THE ARTS,417,National Endowment for the Arts,5920,National Endowment for the Arts,593105,NATIONAL ENDOWMENT FOR THE ARTS,417-X-0100-000,417-0100,"41.0: Grants, subsidies, and contributions",0001: PROMOTION OF THE ARTS,T76JMGGN39A1,,KATONAH MUSEUM OF ART,KATONAH MUSEUM OF ART  INC.,T76JMGGN39A1,,KATONAH MUSEUM OF ART,,USA,UNITED STATES,RT 22 AT JAY ST,,38946,KATONAH,36119,WESTCHESTER,36,NY,NEW YORK,10536,,NY-18,NY-17,,,,STATE-WIDE,USA,UNITED STATES,NY*****,,,,36,NEW YORK,,NY-18,,,45.024,PROMOTION OF THE ARTS GRANTS TO ORGANIZATIONS AND INDIVIDUALS,,,04,PROJECT GRANT (B),,,,,PURPOSE: TO SUPPORT A BILINGUAL ARTS EDUCATION AND COMMUNITY ENGAGEMENT PROGRAM.,PURPOSE: TO SUPPORT A BILINGUAL ARTS EDUCATION AND COMMUNITY ENGAGEMENT PROGRAM.,NON,NOT RECOVERY ACT,M,NONPROFIT WITH 501C3 IRS STATUS (OTHER THAN AN INSTITUTION OF HIGHER EDUCATION),,,A1,New Award,2,NON-AGGREGATE RECORD,,,,,,,,,,,https://www.usaspending.gov/award/ASST_NON_1892903-44-22_417/,2022-07-26 18:58:46.518912+00,2022-07-26 18:58:46.518912+00,recipient county outside NYC
5920_1892941-31-22_-NONE-_45.024_-NONE-,ASST_NON_1892941-31-22_417,1892941-31-22,,,SAI EXEMPT,15000.00,15000.00,15000.00,0.00,0.00,0.00,0.00,0.00,0.00,0.00,15000.00,Q: Not Designated Nonemergency/Emergency/Disaster/Wildfire Suppression,,,,,2022-06-15,2022,2022-06-01,2022-12-31,417,National Endowment for the Arts,5920,National Endowment for the Arts,593105,NATIONAL ENDOWMENT FOR THE ARTS,417,National Endowment for the Arts,5920,National Endowment for the Arts,593105,NATIONAL ENDOWMENT FOR THE ARTS,417-X-0100-000,417-0100,"41.0: Grants, subsidies, and contributions",0001: PROMOTION OF THE ARTS,DM8VD3FBV117,,NEW AMSTERDAM PRESENTS INC,NEW AMSTERDAM PRESENTS,DM8VD3FBV117,,NEW AMSTERDAM PRESENTS INC,,USA,UNITED STATES,39 N SHORE DR,,23844,ELIZAVILLE,36021,COLUMBIA,36,NY,NEW YORK,12523,1303,NY-19,NY-19,,,,STATE-WIDE,USA,UNITED STATES,NY*****,,,,36,NEW YORK,,NY-19,,,45.024,PROMOTION OF THE ARTS GRANTS TO ORGANIZATIONS AND INDIVIDUALS,,,04,PROJECT GRANT (B),,,,,PURPOSE: TO SUPPORT MUSICAL PERFORMANCES AND PRODUCTION OF A RECORDING PROJECT SERIES.,PURPOSE: TO SUPPORT MUSICAL PERFORMANCES AND PRODUCTION OF A RECORDING PROJECT SERIES.,NON,NOT RECOVERY ACT,M,NONPROFIT WITH 501C3 IRS STATUS (OTHER THAN AN INSTITUTION OF HIGHER EDUCATION),,,A1,New Award,2,NON-AGGREGATE RECORD,,,,,,,,,,,https://www.usaspending.gov/award/ASST_NON_1892941-31-22_417/,2022-06-27 19:04:01.967142+00,2022-06-27 19:04:01.967142+00,recipient county outside NYC
5920_1893118-41-22_-NONE-_45.024_-NONE-,ASST_NON_1893118-41-22_417,1893118-41-22,,,SAI EXEMPT,20000.00,20000.00,20000.00,0.00,0.00,0.00,0.00,0.00,0.00,0.00,20000.00,Q: Not Designated Nonemergency/Emergency/Disaster/Wildfire Suppression,,,,,2022-08-25,2022,2022-07-01,2023-06-30,417,National Endowment for the Arts,5920,National Endowment for the Arts,593105,NATIONAL ENDOWMENT FOR THE ARTS,417,National Endowment for the Arts,5920,National Endowment for the Arts,593105,NATIONAL ENDOWMENT FOR THE ARTS,417-X-0100-000,417-0100,"41.0: Grants, subsidies, and contributions",0001: PROMOTION OF THE ARTS,SDGRBDX91JH1,,"WOMEN'S STUDIO WORKSHOP, INC.",WOMENS STUDIO WORKSHOP  INC.,,,,,USA,UNITED STATES,722 BINNEWATER LN,,39727,KINGSTON,36111,ULSTER,36,NY,NEW YORK,12401,8420,NY-19,NY-19,,,,STATE-WIDE,USA,UNITED STATES,NY*****,,,,36,NEW YORK,,NY-19,,,45.024,PROMOTION OF THE ARTS GRANTS TO ORGANIZATIONS AND INDIVIDUALS,,,04,PROJECT GRANT (B),,,,,PURPOSE: TO SUPPORT AN ARTIST-IN-RESIDENCE PROGRAM.,PURPOSE: TO SUPPORT AN ARTIST-IN-RESIDENCE PROGRAM.,NON,NOT RECOVERY ACT,M,NONPROFIT WITH 501C3 IRS STATUS (OTHER THAN AN INSTITUTION OF HIGHER EDUCATION),,,A1,New Award,2,NON-AGGREGATE RECORD,,,,,,,,,,,https://www.usaspending.gov/award/ASST_NON_1893118-41-22_417/,2022-08-26 15:40:21.061306+00,2022-08-26 15:40:21.061306+00,recipient county outside NYC
5920_1893220-54-22_-NONE-_45.024_-NONE-,ASST_NON_1893220-54-22_417,1893220-54-22,,,SAI EXEMPT,15000.00,15000.00,15000.00,11759.00,0.00,0.00,0.00,0.00,0.00,0.00,15000.00,Q: Not Designated Nonemergency/Emergency/Disaster/Wildfire Suppression,,,,,2022-08-24,2022,2022-07-01,2023-06-30,417,National Endowment for the Arts,5920,National Endowment for the Arts,593105,NATIONAL ENDOWMENT FOR THE ARTS,417,National Endowment for the Arts,5920,National Endowment for the Arts,593105,NATIONAL ENDOWMENT FOR THE ARTS,417-X-0100-000,417-0100,"41.0: Grants, subsidies, and contributions",0001: PROMOTION OF THE ARTS,RY1GLXKF4D31,,YOUNG AUDIENCES OF,YOUNG AUDIENCES OF WESTERN NEW YORK  INC.,RY1GLXKF4D31,,YOUNG AUDIENCES OF,,USA,UNITED STATES,1 LAFAYETTE SQ,,11000,BUFFALO,36029,ERIE,36,NY,NEW YORK,14203,1823,NY-26,NY-26,,,,STATE-WIDE,USA,UNITED STATES,NY*****,,,,36,NEW YORK,,NY-26,,,45.024,PROMOTION OF THE ARTS GRANTS TO ORGANIZATIONS AND INDIVIDUALS,,,04,PROJECT GRANT (B),,,,,PURPOSE: TO SUPPORT MULTIDISCIPLINARY ARTS EDUCATION PROGRAMMING FOR STUDENTS.,PURPOSE: TO SUPPORT MULTIDISCIPLINARY ARTS EDUCATION PROGRAMMING FOR STUDENTS.,NON,NOT RECOVERY ACT,M,NONPROFIT WITH 501C3 IRS STATUS (OTHER THAN AN INSTITUTION OF HIGHER EDUCATION),,,A1,New Award,2,NON-AGGREGATE RECORD,,,,,,,,,,,https://www.usaspending.gov/award/ASST_NON_1893220-54-22_417/,2022-08-26 15:40:21.061306+00,2022-08-26 15:40:21.061306+00,recipient county outside NYC
5920_1893244-66-22_-NONE-_45.024_-NONE-,ASST_NON_1893244-66-22_417,1893244-66-22,,,SAI EXEMPT,150000.00,150000.00,150000.00,0.00,0.00,0.00,0.00,0.00,0.00,0.00,150000.00,V: Non-emergency P.L. 117-2,150000.00,150000.00,,,2022-03-14,2022,2022-01-01,2022-12-31,417,National Endowment for the Arts,5920,National Endowment for the Arts,593105,NATIONAL ENDOWMENT FOR THE ARTS,417,National Endowment for the Arts,5920,National Endowment for the Arts,593105,NATIONAL ENDOWMENT FOR THE ARTS,417-X-0100-000,417-0100,"41.0: Grants, subsidies, and contributions",0001: PROMOTION OF THE ARTS,JNBDDCCK3MV6,013036083,"GATEWAYS MUSIC FESTIVAL, INC.",GATEWAYS MUSIC FESTIVAL  INC.,,,,,USA,UNITED STATES,26 GIBBS ST,,63000,ROCHESTER,36055,MONROE,36,NY,NEW YORK,14604,2505,NY-25,NY-25,,,,STATE-WIDE,USA,UNITED STATES,NY*****,,,,36,NEW YORK,,NY-25,,,45.024,PROMOTION OF THE ARTS GRANTS TO ORGANIZATIONS AND INDIVIDUALS,,,04,PROJECT GRANT (B),,,,,PURPOSE: TO SUPPORT PERSONNEL EXPENSES IN RESPONSE TO AND RECOVERY FROM THE COVID-19 PANDEMIC.,PURPOSE: TO SUPPORT PERSONNEL EXPENSES IN RESPONSE TO AND RECOVERY FROM THE COVID-19 PANDEMIC.,NON,NOT RECOVERY ACT,M,NONPROFIT WITH 501C3 IRS STATUS (OTHER THAN AN INSTITUTION OF HIGHER EDUCATION),,,A1,New Award,2,NON-AGGREGATE RECORD,,,,,,,,,,,https://www.usaspending.gov/award/ASST_NON_1893244-66-22_417/,2022-03-24 13:23:44.895784+00,2022-03-24 13:23:44.895784+00,recipient county outside NYC
5920_1893387-41-22_-NONE-_45.024_-NONE-,ASST_NON_1893387-41-22_417,1893387-41-22,,,SAI EXEMPT,20000.00,20000.00,20000.00,0.00,0.00,0.00,0.00,0.00,0.00,0.00,20000.00,Q: Not Designated Nonemergency/Emergency/Disaster/Wildfire Suppression,,,,,2022-07-19,2022,2022-09-01,2023-06-30,417,National Endowment for the Arts,5920,National Endowment for the Arts,593105,NATIONAL ENDOWMENT FOR THE ARTS,417,National Endowment for the Arts,5920,National Endowment for the Arts,593105,NATIONAL ENDOWMENT FOR THE ARTS,417-X-0100-000,417-0100,"41.0: Grants, subsidies, and contributions",0001: PROMOTION OF THE ARTS,KQTMRELQMZG3,,BUFFALO INSTITUTE FOR CONTEMPORARY ART INC,BUFFALO INSTITUTE FOR CONTEMPORARY ART INC,,,,,USA,UNITED STATES,808 MCKINLEY PKWY UPPR UNIT,,11000,BUFFALO,36029,ERIE,36,NY,NEW YORK,14220,1339,NY-26,NY-26,,,,STATE-WIDE,USA,UNITED STATES,NY*****,,,,36,NEW YORK,,NY-26,,,45.024,PROMOTION OF THE ARTS GRANTS TO ORGANIZATIONS AND INDIVIDUALS,,,04,PROJECT GRANT (B),,,,,PURPOSE: TO SUPPORT AN EXHIBITION SERIES OF EMERGING ARTISTS  RELATED PROGRAMMING  AND AN ACCOMPANYING CATALOGUE.,"PURPOSE: TO SUPPORT AN EXHIBITION SERIES OF EMERGING ARTISTS, RELATED PROGRAMMING, AND AN ACCOMPANYING CATALOGUE.",NON,NOT RECOVERY ACT,M,NONPROFIT WITH 501C3 IRS STATUS (OTHER THAN AN INSTITUTION OF HIGHER EDUCATION),,,A1,New Award,2,NON-AGGREGATE RECORD,,,,,,,,,,,https://www.usaspending.gov/award/ASST_NON_1893387-41-22_417/,2022-07-26 18:58:46.518912+00,2022-07-26 18:58:46.518912+00,recipient county outside NYC
5920_1893387-41-22_-NONE-_45.024_1,ASST_NON_1893387-41-22_417,1893387-41-22,1,,SAI EXEMPT,0.00,20000.00,20000.00,0.00,0.00,0.00,0.00,0.00,0.00,0.00,0.00,Q: Not Designated Nonemergency/Emergency/Disaster/Wildfire Suppression,,,,,2022-07-19,2022,2022-09-01,2023-09-30,417,National Endowment for the Arts,5920,National Endowment for the Arts,593105,NATIONAL ENDOWMENT FOR THE ARTS,417,National Endowment for the Arts,5920,National Endowment for the Arts,593105,NATIONAL ENDOWMENT FOR THE ARTS,417-X-0100-000,417-0100,"41.0: Grants, subsidies, and contributions",0001: PROMOTION OF THE ARTS,KQTMRELQMZG3,,BUFFALO INSTITUTE FOR CONTEMPORARY ART INC,BUFFALO INSTITUTE FOR CONTEMPORARY ART INC,,,,,USA,UNITED STATES,808 MCKINLEY PKWY,UPPR,11000,BUFFALO,36029,ERIE,36,NY,NEW YORK,14220,1339,NY-26,NY-26,,,,STATE-WIDE,USA,UNITED STATES,NY*****,,,,36,NEW YORK,,NY-26,,,45.024,PROMOTION OF THE ARTS GRANTS TO ORGANIZATIONS AND INDIVIDUALS,2021NEA01GAP2,,04,PROJECT GRANT (B),,,,,"PURPOSE: TO SUPPORT AN EXHIBITION SERIES OF EMERGING ARTISTS, RELATED PROGRAMMING, AND AN ACCOMPANYING CATALOGUE.","PURPOSE: TO SUPPORT AN EXHIBITION SERIES OF EMERGING ARTISTS, RELATED PROGRAMMING, AND AN ACCOMPANYING CATALOGUE.",NON,NOT RECOVERY ACT,M,NONPROFIT WITH 501C3 IRS STATUS (OTHER THAN AN INSTITUTION OF HIGHER EDUCATION),,,A1,New Award,2,NON-AGGREGATE RECORD,,,,,,,,,,,https://www.usaspending.gov/award/ASST_NON_1893387-41-22_417/,2023-07-11 14:58:02.554548+00,2023-07-11 14:58:02.554548+00,recipient county outside NYC
5920_1893400-51-22_-NONE-_45.024_-NONE-,ASST_NON_1893400-51-22_417,1893400-51-22,,,SAI EXEMPT,22200.00,22200.00,22200.00,0.00,0.00,0.00,0.00,0.00,0.00,0.00,22200.00,Q: Not Designated Nonemergency/Emergency/Disaster/Wildfire Suppression,,,,,2022-06-21,2022,2022-07-01,2023-06-30,417,National Endowment for the Arts,5920,National Endowment for the Arts,593105,NATIONAL ENDOWMENT FOR THE ARTS,417,National Endowment for the Arts,5920,National Endowment for the Arts,593105,NATIONAL ENDOWMENT FOR THE ARTS,417-X-0100-000,417-0100,"41.0: Grants, subsidies, and contributions",0001: PROMOTION OF THE ARTS,JA95RY1ZUG82,,SCO FAMILY OF SERVICES,SCO FAMILY OF SERVICES,JA95RY1ZUG82,,SCO FAMILY OF SERVICES,SCO FAMILY OF SERVICES,USA,UNITED STATES,1 ALEXANDER PL,,29113,GLEN COVE,36059,NASSAU,36,NY,NEW YORK,11542,3745,NY-03,NY-03,,,,STATE-WIDE,USA,UNITED STATES,NY*****,,,,36,NEW YORK,,NY-03,,,45.024,PROMOTION OF THE ARTS GRANTS TO ORGANIZATIONS AND INDIVIDUALS,,,04,PROJECT GRANT (B),,,,,PURPOSE: TO SUPPORT TEACHING ARTIST FEES ASSOCIATED WITH ARTS FORWARD  A YEAR-ROUND MULTIDISCIPLINARY ARTS EDUCATION PROGRAM FOR STUDENTS.,PURPOSE: TO SUPPORT TEACHING ARTIST FEES ASSOCIATED WITH ARTS FORWARD  A YEAR-ROUND MULTIDISCIPLINARY ARTS EDUCATION PROGRAM FOR STUDENTS.,NON,NOT RECOVERY ACT,M,NONPROFIT WITH 501C3 IRS STATUS (OTHER THAN AN INSTITUTION OF HIGHER EDUCATION),,,A1,New Award,2,NON-AGGREGATE RECORD,,,,,,,,,,,https://www.usaspending.gov/award/ASST_NON_1893400-51-22_417/,2022-06-27 19:04:01.967142+00,2022-06-27 19:04:01.967142+00,recipient county outside NYC
5920_1893426-34-22_-NONE-_45.024_-NONE-,ASST_NON_1893426-34-22_417,1893426-34-22,,,SAI EXEMPT,20000.00,20000.00,20000.00,0.00,0.00,0.00,0.00,0.00,0.00,0.00,20000.00,Q: Not Designated Nonemergency/Emergency/Disaster/Wildfire Suppression,,,,,2022-07-03,2022,2022-06-01,2023-05-31,417,National Endowment for the Arts,5920,National Endowment for the Arts,593105,NATIONAL ENDOWMENT FOR THE ARTS,417,National Endowment for the Arts,5920,National Endowment for the Arts,593105,NATIONAL ENDOWMENT FOR THE ARTS,417-X-0100-000,417-0100,"41.0: Grants, subsidies, and contributions",0001: PROMOTION OF THE ARTS,J1B5PBG573T1,,ALFRED UNIVERSITY,ALFRED UNIVERSITY,VFJ2LFF8VTP2,,ALFRED UNIVERSITY (INC),ALFRED UNIVERSITY,USA,UNITED STATES,1 SAXON DR,,01198,ALFRED,36003,ALLEGANY,36,NY,NEW YORK,14802,1205,NY-23,NY-23,,,,STATE-WIDE,USA,UNITED STATES,NY*****,,,,36,NEW YORK,,NY-23,,,45.024,PROMOTION OF THE ARTS GRANTS TO ORGANIZATIONS AND INDIVIDUALS,,,04,PROJECT GRANT (B),,,,,PURPOSE: TO SUPPORT AN ARTIST RESIDENCY PROGRAM AT THE UNIVERSITYS INSTITUTE FOR ELECTRONIC ARTS.&NBSP;,PURPOSE: TO SUPPORT AN ARTIST RESIDENCY PROGRAM AT THE UNIVERSITYS INSTITUTE FOR ELECTRONIC ARTS.&NBSP;,NON,NOT RECOVERY ACT,M,NONPROFIT WITH 501C3 IRS STATUS (OTHER THAN AN INSTITUTION OF HIGHER EDUCATION),,,A1,New Award,2,NON-AGGREGATE RECORD,,,,,,,,,,,https://www.usaspending.gov/award/ASST_NON_1893426-34-22_417/,2022-07-26 18:58:46.518912+00,2022-07-26 18:58:46.518912+00,recipient county outside NYC
5920_1893682-52-22_-NONE-_45.024_-NONE-,ASST_NON_1893682-52-22_417,1893682-52-22,,,SAI EXEMPT,10000.00,10000.00,10000.00,0.00,0.00,0.00,0.00,0.00,0.00,0.00,10000.00,Q: Not Designated Nonemergency/Emergency/Disaster/Wildfire Suppression,,,,,2022-07-23,2022,2022-06-01,2023-05-31,417,National Endowment for the Arts,5920,National Endowment for the Arts,593105,NATIONAL ENDOWMENT FOR THE ARTS,417,National Endowment for the Arts,5920,National Endowment for the Arts,593105,NATIONAL ENDOWMENT FOR THE ARTS,417-X-0100-000,417-0100,"41.0: Grants, subsidies, and contributions",0001: PROMOTION OF THE ARTS,CKL8CLDBN7D7,,HERSTORY WRITERS WORKSHOP INC,HERSTORY WRITERS WORKSHOP  INC,,,,,USA,UNITED STATES,2539 MIDDLE COUNTRY RD FL 2,,13376,CENTEREACH,36103,SUFFOLK,36,NY,NEW YORK,11720,3597,NY-01,NY-01,,,,STATE-WIDE,USA,UNITED STATES,NY*****,,,,36,NEW YORK,,NY-01,,,45.024,PROMOTION OF THE ARTS GRANTS TO ORGANIZATIONS AND INDIVIDUALS,,,04,PROJECT GRANT (B),,,,,PURPOSE: TO SUPPORT LITERARY WORKSHOPS AND PEDAGOGICAL TRAINING.,PURPOSE: TO SUPPORT LITERARY WORKSHOPS AND PEDAGOGICAL TRAINING.,NON,NOT RECOVERY ACT,M,NONPROFIT WITH 501C3 IRS STATUS (OTHER THAN AN INSTITUTION OF HIGHER EDUCATION),,,A1,New Award,2,NON-AGGREGATE RECORD,,,,,,,,,,,https://www.usaspending.gov/award/ASST_NON_1893682-52-22_417/,2022-07-26 18:58:46.518912+00,2022-07-26 18:58:46.518912+00,recipient county outside NYC
5920_1893695-41-22_-NONE-_45.024_-NONE-,ASST_NON_1893695-41-22_417,1893695-41-22,,,SAI EXEMPT,25000.00,25000.00,25000.00,0.00,0.00,0.00,0.00,0.00,0.00,0.00,25000.00,Q: Not Designated Nonemergency/Emergency/Disaster/Wildfire Suppression,,,,,2022-06-27,2022,2022-07-01,2023-06-30,417,National Endowment for the Arts,5920,National Endowment for the Arts,593105,NATIONAL ENDOWMENT FOR THE ARTS,417,National Endowment for the Arts,5920,National Endowment for the Arts,593105,NATIONAL ENDOWMENT FOR THE ARTS,417-X-0100-000,417-0100,"41.0: Grants, subsidies, and contributions",0001: PROMOTION OF THE ARTS,XQBGG5Q9BSK9,,BUFFALO ARTS STUDIO,BUFFALO ARTS STUDIO,,,,,USA,UNITED STATES,2495 MAIN ST,,11000,BUFFALO,36029,ERIE,36,NY,NEW YORK,14214,2152,NY-26,NY-26,,,,STATE-WIDE,USA,UNITED STATES,NY*****,,,,36,NEW YORK,,NY-26,,,45.024,PROMOTION OF THE ARTS GRANTS TO ORGANIZATIONS AND INDIVIDUALS,,,04,PROJECT GRANT (B),,,,,PURPOSE: TO SUPPORT AN EXHIBITION AND WORKSHOP SERIES AT THE ART STUDIO OF WESTERN NEW YORK.,PURPOSE: TO SUPPORT AN EXHIBITION AND WORKSHOP SERIES AT THE ART STUDIO OF WESTERN NEW YORK.,NON,NOT RECOVERY ACT,M,NONPROFIT WITH 501C3 IRS STATUS (OTHER THAN AN INSTITUTION OF HIGHER EDUCATION),,,A1,New Award,2,NON-AGGREGATE RECORD,,,,,,,,,,,https://www.usaspending.gov/award/ASST_NON_1893695-41-22_417/,2022-06-27 19:04:01.967142+00,2022-06-27 19:04:01.967142+00,recipient county outside NYC
5920_1893742-31-22_-NONE-_45.024_-NONE-,ASST_NON_1893742-31-22_417,1893742-31-22,,,SAI EXEMPT,25000.00,25000.00,25000.00,0.00,0.00,0.00,0.00,0.00,0.00,0.00,25000.00,Q: Not Designated Nonemergency/Emergency/Disaster/Wildfire Suppression,,,,,2022-06-22,2022,2022-07-01,2023-06-30,417,National Endowment for the Arts,5920,National Endowment for the Arts,593105,NATIONAL ENDOWMENT FOR THE ARTS,417,National Endowment for the Arts,5920,National Endowment for the Arts,593105,NATIONAL ENDOWMENT FOR THE ARTS,417-X-0100-000,417-0100,"41.0: Grants, subsidies, and contributions",0001: PROMOTION OF THE ARTS,PCWWUCWEV363,,BARD COLLEGE,BARD COLLEGE,PCWWUCWEV363,,BARD COLLEGE,BARD COLLEGE,USA,UNITED STATES,30 CAMPUS RD,,,ANNANDALE ON HUDSON,36027,DUTCHESS,36,NY,NEW YORK,12504,9800,NY-19,NY-18,,,,STATE-WIDE,USA,UNITED STATES,NY*****,,,,36,NEW YORK,,NY-19,,,45.024,PROMOTION OF THE ARTS GRANTS TO ORGANIZATIONS AND INDIVIDUALS,,,04,PROJECT GRANT (B),,,,,PURPOSE: TO SUPPORT THE EL SISTEMA SIDE-BY-SIDE SERIES AT THE LONGY SCHOOL OF MUSIC.,PURPOSE: TO SUPPORT THE EL SISTEMA SIDE-BY-SIDE SERIES AT THE LONGY SCHOOL OF MUSIC.,NON,NOT RECOVERY ACT,M,NONPROFIT WITH 501C3 IRS STATUS (OTHER THAN AN INSTITUTION OF HIGHER EDUCATION),,,A1,New Award,2,NON-AGGREGATE RECORD,,,,,,,,,,,https://www.usaspending.gov/award/ASST_NON_1893742-31-22_417/,2022-06-27 19:04:01.967142+00,2022-06-27 19:04:01.967142+00,recipient county outside NYC
5920_1893743-44-22_-NONE-_45.024_-NONE-,ASST_NON_1893743-44-22_417,1893743-44-22,,,SAI EXEMPT,45000.00,45000.00,45000.00,0.00,0.00,0.00,0.00,0.00,0.00,0.00,45000.00,Q: Not Designated Nonemergency/Emergency/Disaster/Wildfire Suppression,,,,,2022-08-02,2022,2022-06-01,2023-06-30,417,National Endowment for the Arts,5920,National Endowment for the Arts,593105,NATIONAL ENDOWMENT FOR THE ARTS,417,National Endowment for the Arts,5920,National Endowment for the Arts,593105,NATIONAL ENDOWMENT FOR THE ARTS,417-X-0100-000,417-0100,"41.0: Grants, subsidies, and contributions",0001: PROMOTION OF THE ARTS,PCWWUCWEV363,,BARD COLLEGE,BARD COLLEGE,PCWWUCWEV363,,BARD COLLEGE,BARD COLLEGE,USA,UNITED STATES,30 CAMPUS RD,,,ANNANDALE ON HUDSON,36027,DUTCHESS,36,NY,NEW YORK,12504,9800,NY-19,NY-18,,,,STATE-WIDE,USA,UNITED STATES,NY*****,,,,36,NEW YORK,,NY-19,,,45.024,PROMOTION OF THE ARTS GRANTS TO ORGANIZATIONS AND INDIVIDUALS,,,04,PROJECT GRANT (B),,,,,PURPOSE: TO SUPPORT A COMPREHENSIVE EXAMINATION OF INTERNATIONAL LACE-MAKING FEATURING A VARIETY OF PUBLIC PROGRAMS  ARTIST RESIDENCIES  AND THE PRESENTATION OF NEW WORK AT BARD GRADUATE CENTER.,PURPOSE: TO SUPPORT A COMPREHENSIVE EXAMINATION OF INTERNATIONAL LACE-MAKING FEATURING A VARIETY OF PUBLIC PROGRAMS  ARTIST RESIDENCIES  AND THE PRESENTATION OF NEW WORK AT BARD GRADUATE CENTER.,NON,NOT RECOVERY ACT,M,NONPROFIT WITH 501C3 IRS STATUS (OTHER THAN AN INSTITUTION OF HIGHER EDUCATION),,,A1,New Award,2,NON-AGGREGATE RECORD,,,,,,,,,,,https://www.usaspending.gov/award/ASST_NON_1893743-44-22_417/,2022-08-02 17:05:35.891979+00,2022-08-02 17:05:35.891979+00,recipient county outside NYC
5920_1893785-36-22_-NONE-_45.024_-NONE-,ASST_NON_1893785-36-22_417,1893785-36-22,,,SAI EXEMPT,65000.00,65000.00,65000.00,0.00,0.00,0.00,0.00,0.00,0.00,0.00,65000.00,Q: Not Designated Nonemergency/Emergency/Disaster/Wildfire Suppression,,,,,2022-05-17,2022,2022-06-01,2022-08-31,417,National Endowment for the Arts,5920,National Endowment for the Arts,593105,NATIONAL ENDOWMENT FOR THE ARTS,417,National Endowment for the Arts,5920,National Endowment for the Arts,593105,NATIONAL ENDOWMENT FOR THE ARTS,417-X-0100-000,417-0100,"41.0: Grants, subsidies, and contributions",0001: PROMOTION OF THE ARTS,FPS6NHSLMDE9,,GLIMMERGLASS OPERA THEATRE INC,GLIMMERGLASS OPERA THEATRE INC.,,,,,USA,UNITED STATES,7300 STATE HWY 80,,18047,COOPERSTOWN,36077,OTSEGO,36,NY,NEW YORK,13326,3212,NY-19,NY-19,,,,STATE-WIDE,USA,UNITED STATES,NY*****,,,,36,NEW YORK,,NY-19,,,45.024,PROMOTION OF THE ARTS GRANTS TO ORGANIZATIONS AND INDIVIDUALS,,,04,PROJECT GRANT (B),,,,,PURPOSE:&NBSP;TO SUPPORT A PRODUCTION OF CARMEN&NBSP;BY GEORGES BIZET.,PURPOSE:&NBSP;TO SUPPORT A PRODUCTION OF CARMEN&NBSP;BY GEORGES BIZET.,NON,NOT RECOVERY ACT,M,NONPROFIT WITH 501C3 IRS STATUS (OTHER THAN AN INSTITUTION OF HIGHER EDUCATION),,,A1,New Award,2,NON-AGGREGATE RECORD,,,,,,,,,,,https://www.usaspending.gov/award/ASST_NON_1893785-36-22_417/,2022-05-19 17:17:17.004314+00,2022-05-19 17:17:17.004314+00,recipient county outside NYC
5920_1894021-36-22_-NONE-_45.024_-NONE-,ASST_NON_1894021-36-22_417,1894021-36-22,,,SAI EXEMPT,20000.00,20000.00,20000.00,0.00,0.00,0.00,0.00,0.00,0.00,0.00,20000.00,Q: Not Designated Nonemergency/Emergency/Disaster/Wildfire Suppression,,,,,2022-05-17,2022,2022-06-01,2022-07-31,417,National Endowment for the Arts,5920,National Endowment for the Arts,593105,NATIONAL ENDOWMENT FOR THE ARTS,417,National Endowment for the Arts,5920,National Endowment for the Arts,593105,NATIONAL ENDOWMENT FOR THE ARTS,417-X-0100-000,417-0100,"41.0: Grants, subsidies, and contributions",0001: PROMOTION OF THE ARTS,GHEAHBJNUNV6,,"LAKE GEORGE OPERA FESTIVAL ASSOCIATION, INC.",LAKE GEORGE OPERA FESTIVAL ASSOCIATION  INC.,,,,,USA,UNITED STATES,19 ROOSEVELT DR STE 215,,65255,SARATOGA SPRINGS,36091,SARATOGA,36,NY,NEW YORK,12866,6209,NY-20,NY-20,,,,STATE-WIDE,USA,UNITED STATES,NY*****,,,,36,NEW YORK,,NY-20,,,45.024,PROMOTION OF THE ARTS GRANTS TO ORGANIZATIONS AND INDIVIDUALS,,,04,PROJECT GRANT (B),,,,,PURPOSE: TO SUPPORT A NEW PRODUCTION OF THE OPERA&NBSP;SKY ON SWINGS&NBSP;BY COMPOSER LEMBIT BEECHER AND LIBRETTIST HANNAH MOSCOVITCH AT THE EGG PERFORMING ARTS CENTER  WITH RELATED COMMUNITY ENGAGEMENT PROGRAMS.,PURPOSE: TO SUPPORT A NEW PRODUCTION OF THE OPERA&NBSP;SKY ON SWINGS&NBSP;BY COMPOSER LEMBIT BEECHER AND LIBRETTIST HANNAH MOSCOVITCH AT THE EGG PERFORMING ARTS CENTER  WITH RELATED COMMUNITY ENGAGEMENT PROGRAMS.,NON,NOT RECOVERY ACT,M,NONPROFIT WITH 501C3 IRS STATUS (OTHER THAN AN INSTITUTION OF HIGHER EDUCATION),,,A1,New Award,2,NON-AGGREGATE RECORD,,,,,,,,,,,https://www.usaspending.gov/award/ASST_NON_1894021-36-22_417/,2022-05-19 17:17:17.004314+00,2022-05-19 17:17:17.004314+00,recipient county outside NYC
5920_1894050-34-22_-NONE-_45.024_-NONE-,ASST_NON_1894050-34-22_417,1894050-34-22,,,SAI EXEMPT,20000.00,20000.00,20000.00,0.00,0.00,0.00,0.00,0.00,0.00,0.00,20000.00,Q: Not Designated Nonemergency/Emergency/Disaster/Wildfire Suppression,,,,,2022-06-17,2022,2022-06-01,2023-05-31,417,National Endowment for the Arts,5920,National Endowment for the Arts,593105,NATIONAL ENDOWMENT FOR THE ARTS,417,National Endowment for the Arts,5920,National Endowment for the Arts,593105,NATIONAL ENDOWMENT FOR THE ARTS,417-X-0100-000,417-0100,"41.0: Grants, subsidies, and contributions",0001: PROMOTION OF THE ARTS,JSB3YLYVB2G5,,WAVE FARM INC,WAVE FARM INC.,,,,,USA,UNITED STATES,5662 ROUTE 23,,00177,ACRA,36039,GREENE,36,NY,NEW YORK,12405,1026,NY-19,NY-19,,,,STATE-WIDE,USA,UNITED STATES,NY*****,,,,36,NEW YORK,,NY-19,,,45.024,PROMOTION OF THE ARTS GRANTS TO ORGANIZATIONS AND INDIVIDUALS,,,04,PROJECT GRANT (B),,,,,PURPOSE: TO SUPPORT THE WAVE FARM RADIO ARTIST FELLOWSHIP PROGRAM.,PURPOSE: TO SUPPORT THE WAVE FARM RADIO ARTIST FELLOWSHIP PROGRAM.,NON,NOT RECOVERY ACT,M,NONPROFIT WITH 501C3 IRS STATUS (OTHER THAN AN INSTITUTION OF HIGHER EDUCATION),,,A1,New Award,2,NON-AGGREGATE RECORD,,,,,,,,,,,https://www.usaspending.gov/award/ASST_NON_1894050-34-22_417/,2022-06-27 19:04:01.967142+00,2022-06-27 19:04:01.967142+00,recipient county outside NYC
5920_1894062-32-22_-NONE-_45.024_-NONE-,ASST_NON_1894062-32-22_417,1894062-32-22,,,SAI EXEMPT,10000.00,10000.00,10000.00,0.00,0.00,0.00,0.00,0.00,0.00,0.00,10000.00,Q: Not Designated Nonemergency/Emergency/Disaster/Wildfire Suppression,,,,,2022-08-12,2022,2022-07-01,2023-06-30,417,National Endowment for the Arts,5920,National Endowment for the Arts,593105,NATIONAL ENDOWMENT FOR THE ARTS,417,National Endowment for the Arts,5920,National Endowment for the Arts,593105,NATIONAL ENDOWMENT FOR THE ARTS,417-X-0100-000,417-0100,"41.0: Grants, subsidies, and contributions",0001: PROMOTION OF THE ARTS,KKQYX2G2SC28,,HUBBARD HALL PROJECTS INC,HUBBARD HALL PROJECTS  INC.,,,,,USA,UNITED STATES,25 E MAIN ST,,11825,CAMBRIDGE,36115,WASHINGTON,36,NY,NEW YORK,12816,1219,NY-21,NY-21,,,,STATE-WIDE,USA,UNITED STATES,NY*****,,,,36,NEW YORK,,NY-21,,,45.024,PROMOTION OF THE ARTS GRANTS TO ORGANIZATIONS AND INDIVIDUALS,,,04,PROJECT GRANT (B),,,,,PURPOSE: TO SUPPORT STAFF SALARIES FOR THEATER&NBSP;ARTIST&NBSP;RESIDENCIES,PURPOSE: TO SUPPORT STAFF SALARIES FOR THEATER&NBSP;ARTIST&NBSP;RESIDENCIES,NON,NOT RECOVERY ACT,M,NONPROFIT WITH 501C3 IRS STATUS (OTHER THAN AN INSTITUTION OF HIGHER EDUCATION),,,A1,New Award,2,NON-AGGREGATE RECORD,,,,,,,,,,,https://www.usaspending.gov/award/ASST_NON_1894062-32-22_417/,2022-08-26 15:40:21.061306+00,2022-08-26 15:40:21.061306+00,recipient county outside NYC
5920_1894075-52-22_-NONE-_45.024_-NONE-,ASST_NON_1894075-52-22_417,1894075-52-22,,,SAI EXEMPT,20000.00,20000.00,20000.00,8300.00,0.00,0.00,0.00,0.00,0.00,0.00,20000.00,Q: Not Designated Nonemergency/Emergency/Disaster/Wildfire Suppression,,,,,2022-07-03,2022,2022-06-01,2023-07-31,417,National Endowment for the Arts,5920,National Endowment for the Arts,593105,NATIONAL ENDOWMENT FOR THE ARTS,417,National Endowment for the Arts,5920,National Endowment for the Arts,593105,NATIONAL ENDOWMENT FOR THE ARTS,417-X-0100-000,417-0100,"41.0: Grants, subsidies, and contributions",0001: PROMOTION OF THE ARTS,XLCAWFXT6JD9,,"STARLING PRODUCTIONS, INC.",STARLING PRODUCTIONS  INC.,,,,,USA,UNITED STATES,65 SAINT JAMES ST,,39727,KINGSTON,36111,ULSTER,36,NY,NEW YORK,12401,4533,NY-19,NY-18,,,,STATE-WIDE,USA,UNITED STATES,NY*****,,,,36,NEW YORK,,NY-19,,,45.024,PROMOTION OF THE ARTS GRANTS TO ORGANIZATIONS AND INDIVIDUALS,,,04,PROJECT GRANT (B),,,,,PURPOSE: TO SUPPORT BLACK TRANS STORIES MATTER  A STORYTELLING PROGRAM OFFERED BY THE TMI PROJECT.,PURPOSE: TO SUPPORT BLACK TRANS STORIES MATTER  A STORYTELLING PROGRAM OFFERED BY THE TMI PROJECT.,NON,NOT RECOVERY ACT,M,NONPROFIT WITH 501C3 IRS STATUS (OTHER THAN AN INSTITUTION OF HIGHER EDUCATION),,,A1,New Award,2,NON-AGGREGATE RECORD,,,,,,,,,,,https://www.usaspending.gov/award/ASST_NON_1894075-52-22_417/,2022-07-26 18:58:46.518912+00,2022-07-26 18:58:46.518912+00,recipient county outside NYC
5920_1894078-36-22_-NONE-_45.024_-NONE-,ASST_NON_1894078-36-22_417,1894078-36-22,,,SAI EXEMPT,15000.00,15000.00,15000.00,0.00,0.00,0.00,0.00,0.00,0.00,0.00,15000.00,Q: Not Designated Nonemergency/Emergency/Disaster/Wildfire Suppression,,,,,2022-05-17,2022,2022-06-01,2022-08-31,417,National Endowment for the Arts,5920,National Endowment for the Arts,593105,NATIONAL ENDOWMENT FOR THE ARTS,417,National Endowment for the Arts,5920,National Endowment for the Arts,593105,NATIONAL ENDOWMENT FOR THE ARTS,417-X-0100-000,417-0100,"41.0: Grants, subsidies, and contributions",0001: PROMOTION OF THE ARTS,CZFZHNEMPG21,,CHAUTAUQUA INSTITUTION,CHAUTAUQUA INSTITUTION,CZFZHNEMPG21,,CHAUTAUQUA INSTITUTION,CHAUTAUQUA INSTITUTION,USA,UNITED STATES,4757 RTE 394,,14058,CHAUTAUQUA,36013,CHAUTAUQUA,36,NY,NEW YORK,14722,,NY-23,NY-23,,,,STATE-WIDE,USA,UNITED STATES,NY*****,,,,36,NEW YORK,,NY-23,,,45.024,PROMOTION OF THE ARTS GRANTS TO ORGANIZATIONS AND INDIVIDUALS,,,04,PROJECT GRANT (B),,,,,PURPOSE:&NBSP;TO SUPPORT THE DEVELOPMENT AND WORKSHOP READINGS OF THE HOUSE ON MANGO STREET BY COMPOSER DEREK BERMEL AND LIBRETTIST SANDRA CISNEROS.,PURPOSE:&NBSP;TO SUPPORT THE DEVELOPMENT AND WORKSHOP READINGS OF THE HOUSE ON MANGO STREET BY COMPOSER DEREK BERMEL AND LIBRETTIST SANDRA CISNEROS.,NON,NOT RECOVERY ACT,M,NONPROFIT WITH 501C3 IRS STATUS (OTHER THAN AN INSTITUTION OF HIGHER EDUCATION),,,A1,New Award,2,NON-AGGREGATE RECORD,,,,,,,,,,,https://www.usaspending.gov/award/ASST_NON_1894078-36-22_417/,2022-05-19 17:17:17.004314+00,2022-05-19 17:17:17.004314+00,recipient county outside NYC
5920_1894087-62-22_-NONE-_45.024_-NONE-,ASST_NON_1894087-62-22_417,1894087-62-22,,,SAI EXEMPT,20000.00,20000.00,20000.00,0.00,0.00,0.00,0.00,0.00,0.00,0.00,20000.00,Q: Not Designated Nonemergency/Emergency/Disaster/Wildfire Suppression,,,,,2022-06-06,2022,2022-06-01,2022-09-30,417,National Endowment for the Arts,5920,National Endowment for the Arts,593105,NATIONAL ENDOWMENT FOR THE ARTS,417,National Endowment for the Arts,5920,National Endowment for the Arts,593105,NATIONAL ENDOWMENT FOR THE ARTS,417-X-0100-000,417-0100,"41.0: Grants, subsidies, and contributions",0001: PROMOTION OF THE ARTS,ZU92X9GT7NY4,,"PATCHOGUE ARTS COUNCIL, INC.",PATCHOGUE ARTS COUNCIL,,,,,USA,UNITED STATES,20 TERRY STREET  STE 116-47,,56660,PATCHOGUE,36103,SUFFOLK,36,NY,NEW YORK,11772,3029,NY-01,NY-02,,,,STATE-WIDE,USA,UNITED STATES,NY*****,,,,36,NEW YORK,,NY-01,,,45.024,PROMOTION OF THE ARTS GRANTS TO ORGANIZATIONS AND INDIVIDUALS,,,04,PROJECT GRANT (B),,,,,PURPOSE: TO SUPPORT MULTIDISCIPLINARY ARTS PROGRAMMING IN PATCHOGUE  NEW YORK.,PURPOSE: TO SUPPORT MULTIDISCIPLINARY ARTS PROGRAMMING IN PATCHOGUE  NEW YORK.,NON,NOT RECOVERY ACT,M,NONPROFIT WITH 501C3 IRS STATUS (OTHER THAN AN INSTITUTION OF HIGHER EDUCATION),,,A1,New Award,2,NON-AGGREGATE RECORD,,,,,,,,,,,https://www.usaspending.gov/award/ASST_NON_1894087-62-22_417/,2022-06-14 13:20:19.425828+00,2022-06-14 13:20:19.425828+00,recipient county outside NYC
5920_1894131-55-22_-NONE-_45.024_-NONE-,ASST_NON_1894131-55-22_417,1894131-55-22,,,SAI EXEMPT,20000.00,20000.00,20000.00,0.00,0.00,0.00,0.00,0.00,0.00,0.00,20000.00,Q: Not Designated Nonemergency/Emergency/Disaster/Wildfire Suppression,,,,,2022-08-24,2022,2022-06-01,2024-01-31,417,National Endowment for the Arts,5920,National Endowment for the Arts,593105,NATIONAL ENDOWMENT FOR THE ARTS,417,National Endowment for the Arts,5920,National Endowment for the Arts,593105,NATIONAL ENDOWMENT FOR THE ARTS,417-X-0100-000,417-0100,"41.0: Grants, subsidies, and contributions",0001: PROMOTION OF THE ARTS,PSMJY4GAR2X1,,"NUSANTARA ARTS, INC",NUSANTARA ARTS INC.,,,,,USA,UNITED STATES,345 W FERRY ST,,11000,BUFFALO,36029,ERIE,36,NY,NEW YORK,14213,1911,NY-26,NY-26,,,,STATE-WIDE,USA,UNITED STATES,NY*****,,,,36,NEW YORK,,NY-26,,,45.024,PROMOTION OF THE ARTS GRANTS TO ORGANIZATIONS AND INDIVIDUALS,,,04,PROJECT GRANT (B),,,,,PURPOSE: TO SUPPORT PERFORMANCES OF INDONESIAN TRADITIONAL ARTS.,PURPOSE: TO SUPPORT PERFORMANCES OF INDONESIAN TRADITIONAL ARTS.,NON,NOT RECOVERY ACT,M,NONPROFIT WITH 501C3 IRS STATUS (OTHER THAN AN INSTITUTION OF HIGHER EDUCATION),,,A1,New Award,2,NON-AGGREGATE RECORD,,,,,,,,,,,https://www.usaspending.gov/award/ASST_NON_1894131-55-22_417/,2022-08-26 15:40:21.061306+00,2022-08-26 15:40:21.061306+00,recipient county outside NYC
5920_1894179-32-22_-NONE-_45.024_-NONE-,ASST_NON_1894179-32-22_417,1894179-32-22,,,SAI EXEMPT,10000.00,10000.00,10000.00,7090.00,0.00,0.00,0.00,0.00,0.00,0.00,10000.00,Q: Not Designated Nonemergency/Emergency/Disaster/Wildfire Suppression,,,,,2022-06-17,2022,2022-06-01,2023-05-31,417,National Endowment for the Arts,5920,National Endowment for the Arts,593105,NATIONAL ENDOWMENT FOR THE ARTS,417,National Endowment for the Arts,5920,National Endowment for the Arts,593105,NATIONAL ENDOWMENT FOR THE ARTS,417-X-0100-000,417-0100,"41.0: Grants, subsidies, and contributions",0001: PROMOTION OF THE ARTS,NMMRRXJHUN69,,HUDSON VALLEY SHAKESPEARE FESTIVAL INC.,HUDSON VALLEY SHAKESPEARE FESTIVAL,,,,,USA,UNITED STATES,143 MAIN ST,,16914,COLD SPRING,36079,PUTNAM,36,NY,NEW YORK,10516,2813,NY-18,NY-17,,,,STATE-WIDE,USA,UNITED STATES,NY*****,,,,36,NEW YORK,,NY-18,,,45.024,PROMOTION OF THE ARTS GRANTS TO ORGANIZATIONS AND INDIVIDUALS,,,04,PROJECT GRANT (B),,,,,PURPOSE: TO SUPPORT THE TENT POLE COMMISSIONING PROGRAM.,PURPOSE: TO SUPPORT THE TENT POLE COMMISSIONING PROGRAM.,NON,NOT RECOVERY ACT,M,NONPROFIT WITH 501C3 IRS STATUS (OTHER THAN AN INSTITUTION OF HIGHER EDUCATION),,,A1,New Award,2,NON-AGGREGATE RECORD,,,,,,,,,,,https://www.usaspending.gov/award/ASST_NON_1894179-32-22_417/,2022-06-27 19:04:01.967142+00,2022-06-27 19:04:01.967142+00,recipient county outside NYC
5920_1894274-34-22_-NONE-_45.024_-NONE-,ASST_NON_1894274-34-22_417,1894274-34-22,,,SAI EXEMPT,25000.00,25000.00,25000.00,0.00,0.00,0.00,0.00,0.00,0.00,0.00,25000.00,Q: Not Designated Nonemergency/Emergency/Disaster/Wildfire Suppression,,,,,2022-06-22,2022,2022-06-01,2023-05-31,417,National Endowment for the Arts,5920,National Endowment for the Arts,593105,NATIONAL ENDOWMENT FOR THE ARTS,417,National Endowment for the Arts,5920,National Endowment for the Arts,593105,NATIONAL ENDOWMENT FOR THE ARTS,417-X-0100-000,417-0100,"41.0: Grants, subsidies, and contributions",0001: PROMOTION OF THE ARTS,MXBXN6FHM1L8,,BUFFALO MEDIA RESOURCES INC,BUFFALO MEDIA RESOURCES  INC.,,,,,USA,UNITED STATES,617 MAIN ST,,11000,BUFFALO,36029,ERIE,36,NY,NEW YORK,14203,1419,NY-26,NY-26,,,,STATE-WIDE,USA,UNITED STATES,NY*****,,,,36,NEW YORK,,NY-26,,,45.024,PROMOTION OF THE ARTS GRANTS TO ORGANIZATIONS AND INDIVIDUALS,,,04,PROJECT GRANT (B),,,,,PURPOSE:&NBSP;TO SUPPORT A WORKSPACE RESIDENCY PROGRAM FOR MEDIA ARTS PRACTITIONERS AT SQUEAKY WHEEL FILM &AMP; MEDIA ART CENTER.,PURPOSE:&NBSP;TO SUPPORT A WORKSPACE RESIDENCY PROGRAM FOR MEDIA ARTS PRACTITIONERS AT SQUEAKY WHEEL FILM &AMP; MEDIA ART CENTER.,NON,NOT RECOVERY ACT,M,NONPROFIT WITH 501C3 IRS STATUS (OTHER THAN AN INSTITUTION OF HIGHER EDUCATION),,,A1,New Award,2,NON-AGGREGATE RECORD,,,,,,,,,,,https://www.usaspending.gov/award/ASST_NON_1894274-34-22_417/,2022-06-27 19:04:01.967142+00,2022-06-27 19:04:01.967142+00,recipient county outside NYC
5920_1894297-52-22_-NONE-_45.024_-NONE-,ASST_NON_1894297-52-22_417,1894297-52-22,,,SAI EXEMPT,10000.00,10000.00,10000.00,0.00,0.00,0.00,0.00,0.00,0.00,0.00,10000.00,Q: Not Designated Nonemergency/Emergency/Disaster/Wildfire Suppression,,,,,2022-08-24,2022,2022-06-01,2023-05-31,417,National Endowment for the Arts,5920,National Endowment for the Arts,593105,NATIONAL ENDOWMENT FOR THE ARTS,417,National Endowment for the Arts,5920,National Endowment for the Arts,593105,NATIONAL ENDOWMENT FOR THE ARTS,417-X-0100-000,417-0100,"41.0: Grants, subsidies, and contributions",0001: PROMOTION OF THE ARTS,XYMEKTVY7HF6,,"THE FLOW CHART FOUNDATION, INC.",FLOW CHART FOUNDATION  INC.,,,,,USA,UNITED STATES,348 WARREN ST,,35969,HUDSON,36021,COLUMBIA,36,NY,NEW YORK,12534,2419,NY-19,NY-19,,,,STATE-WIDE,USA,UNITED STATES,NY*****,,,,36,NEW YORK,,NY-19,,,45.024,PROMOTION OF THE ARTS GRANTS TO ORGANIZATIONS AND INDIVIDUALS,,,04,PROJECT GRANT (B),,,,,PURPOSE: TO SUPPORT POETRY PROGRAMMING.,PURPOSE: TO SUPPORT POETRY PROGRAMMING.,NON,NOT RECOVERY ACT,M,NONPROFIT WITH 501C3 IRS STATUS (OTHER THAN AN INSTITUTION OF HIGHER EDUCATION),,,A1,New Award,2,NON-AGGREGATE RECORD,,,,,,,,,,,https://www.usaspending.gov/award/ASST_NON_1894297-52-22_417/,2022-08-26 15:40:21.061306+00,2022-08-26 15:40:21.061306+00,recipient county outside NYC
5920_1894344-31-22_-NONE-_45.024_-NONE-,ASST_NON_1894344-31-22_417,1894344-31-22,,,SAI EXEMPT,15000.00,15000.00,15000.00,0.00,0.00,0.00,0.00,0.00,0.00,0.00,15000.00,Q: Not Designated Nonemergency/Emergency/Disaster/Wildfire Suppression,,,,,2022-06-08,2022,2022-06-01,2022-12-31,417,National Endowment for the Arts,5920,National Endowment for the Arts,593105,NATIONAL ENDOWMENT FOR THE ARTS,417,National Endowment for the Arts,5920,National Endowment for the Arts,593105,NATIONAL ENDOWMENT FOR THE ARTS,417-X-0100-000,417-0100,"41.0: Grants, subsidies, and contributions",0001: PROMOTION OF THE ARTS,K2DDAS2E6DP7,,SKIDMORE COLLEGE,SKIDMORE COLLEGE,K2DDAS2E6DP7,,SKIDMORE COLLEGE,SKIDMORE COLLEGE,USA,UNITED STATES,815 N BROADWAY,,65255,SARATOGA SPRINGS,36091,SARATOGA,36,NY,NEW YORK,12866,1698,NY-20,NY-20,,,,STATE-WIDE,USA,UNITED STATES,NY*****,,,,36,NEW YORK,,NY-20,,,45.024,PROMOTION OF THE ARTS GRANTS TO ORGANIZATIONS AND INDIVIDUALS,,,04,PROJECT GRANT (B),,,,,PURPOSE: TO SUPPORT THE SKIDMORE JAZZ INSTITUTE CONCERT SERIES.,PURPOSE: TO SUPPORT THE SKIDMORE JAZZ INSTITUTE CONCERT SERIES.,NON,NOT RECOVERY ACT,M,NONPROFIT WITH 501C3 IRS STATUS (OTHER THAN AN INSTITUTION OF HIGHER EDUCATION),,,A1,New Award,2,NON-AGGREGATE RECORD,,,,,,,,,,,https://www.usaspending.gov/award/ASST_NON_1894344-31-22_417/,2022-06-14 13:20:19.425828+00,2022-06-14 13:20:19.425828+00,recipient county outside NYC
5920_1894349-31-22_-NONE-_45.024_-NONE-,ASST_NON_1894349-31-22_417,1894349-31-22,,,SAI EXEMPT,15000.00,15000.00,15000.00,0.00,0.00,0.00,0.00,0.00,0.00,0.00,15000.00,Q: Not Designated Nonemergency/Emergency/Disaster/Wildfire Suppression,,,,,2022-06-02,2022,2022-06-01,2023-05-31,417,National Endowment for the Arts,5920,National Endowment for the Arts,593105,NATIONAL ENDOWMENT FOR THE ARTS,417,National Endowment for the Arts,5920,National Endowment for the Arts,593105,NATIONAL ENDOWMENT FOR THE ARTS,417-X-0100-000,417-0100,"41.0: Grants, subsidies, and contributions",0001: PROMOTION OF THE ARTS,N2U7M3QRV9W1,,COPLAND HOUSE INC,COPLAND HOUSE,,,,,USA,UNITED STATES,1538 WASHINGTON ST,,,CORTLANDT MANOR,36119,WESTCHESTER,36,NY,NEW YORK,10567,7025,NY-17,NY-17,,,,STATE-WIDE,USA,UNITED STATES,NY*****,,,,36,NEW YORK,,NY-17,,,45.024,PROMOTION OF THE ARTS GRANTS TO ORGANIZATIONS AND INDIVIDUALS,,,04,PROJECT GRANT (B),,,,,PURPOSE: TO SUPPORT A SERIES OF PERFORMANCES OF AMERICAN MUSIC BY THE MUSIC FROM COPLAND HOUSE ENSEMBLE.,PURPOSE: TO SUPPORT A SERIES OF PERFORMANCES OF AMERICAN MUSIC BY THE MUSIC FROM COPLAND HOUSE ENSEMBLE.,NON,NOT RECOVERY ACT,M,NONPROFIT WITH 501C3 IRS STATUS (OTHER THAN AN INSTITUTION OF HIGHER EDUCATION),,,A1,New Award,2,NON-AGGREGATE RECORD,,,,,,,,,,,https://www.usaspending.gov/award/ASST_NON_1894349-31-22_417/,2022-06-14 13:20:19.425828+00,2022-06-14 13:20:19.425828+00,recipient county outside NYC
5920_1894450-34-22_-NONE-_45.024_-NONE-,ASST_NON_1894450-34-22_417,1894450-34-22,,,SAI EXEMPT,20000.00,20000.00,20000.00,0.00,0.00,0.00,0.00,0.00,0.00,0.00,20000.00,Q: Not Designated Nonemergency/Emergency/Disaster/Wildfire Suppression,,,,,2022-07-03,2022,2022-06-01,2023-06-30,417,National Endowment for the Arts,5920,National Endowment for the Arts,593105,NATIONAL ENDOWMENT FOR THE ARTS,417,National Endowment for the Arts,5920,National Endowment for the Arts,593105,NATIONAL ENDOWMENT FOR THE ARTS,417-X-0100-000,417-0100,"41.0: Grants, subsidies, and contributions",0001: PROMOTION OF THE ARTS,PN4LBCGBL8P7,,"VISUAL STUDIES WORKSHOP, INC.",VISUAL STUDIES WORKSHOP  INC.,,,,,USA,UNITED STATES,31 PRINCE ST,,63000,ROCHESTER,36055,MONROE,36,NY,NEW YORK,14607,1405,NY-25,NY-25,,,,STATE-WIDE,USA,UNITED STATES,NY*****,,,,36,NEW YORK,,NY-25,,,45.024,PROMOTION OF THE ARTS GRANTS TO ORGANIZATIONS AND INDIVIDUALS,,,04,PROJECT GRANT (B),,,,,PURPOSE: TO SUPPORT A SERIES OF CURATED SCREENINGS OF CONTEMPORARY EXPERIMENTAL AND AVANT-GARDE FILM AND VIDEO WORKS.,PURPOSE: TO SUPPORT A SERIES OF CURATED SCREENINGS OF CONTEMPORARY EXPERIMENTAL AND AVANT-GARDE FILM AND VIDEO WORKS.,NON,NOT RECOVERY ACT,M,NONPROFIT WITH 501C3 IRS STATUS (OTHER THAN AN INSTITUTION OF HIGHER EDUCATION),,,A1,New Award,2,NON-AGGREGATE RECORD,,,,,,,,,,,https://www.usaspending.gov/award/ASST_NON_1894450-34-22_417/,2022-07-26 18:58:46.518912+00,2022-07-26 18:58:46.518912+00,recipient county outside NYC
5920_1894528-41-22_-NONE-_45.024_-NONE-,ASST_NON_1894528-41-22_417,1894528-41-22,,,SAI EXEMPT,45000.00,45000.00,45000.00,0.00,0.00,0.00,0.00,0.00,0.00,0.00,45000.00,Q: Not Designated Nonemergency/Emergency/Disaster/Wildfire Suppression,,,,,2022-08-25,2022,2022-07-01,2023-06-30,417,National Endowment for the Arts,5920,National Endowment for the Arts,593105,NATIONAL ENDOWMENT FOR THE ARTS,417,National Endowment for the Arts,5920,National Endowment for the Arts,593105,NATIONAL ENDOWMENT FOR THE ARTS,417-X-0100-000,417-0100,"41.0: Grants, subsidies, and contributions",0001: PROMOTION OF THE ARTS,DEVSENX8BHJ8,,CITY SCHOOL DISTRICT OF THE CITY OF KINGSTON NEW YORK,CITY SCHOOL DISTRICT KINGSTON NY,DEVSENX8BHJ8,,CITY SCHOOL DISTRICT OF THE CITY OF KINGSTON NEW YORK,CITY OF KINGSTON NEW YORK BOARD OF EDUCATION,USA,UNITED STATES,21 WYNKOOP PL,,39727,KINGSTON,36111,ULSTER,36,NY,NEW YORK,12401,4000,NY-19,NY-18,,,,STATE-WIDE,USA,UNITED STATES,NY*****,,,,36,NEW YORK,,NY-19,,,45.024,PROMOTION OF THE ARTS GRANTS TO ORGANIZATIONS AND INDIVIDUALS,,,04,PROJECT GRANT (B),,,,,PURPOSE: TO SUPPORT AN ARTIST-IN-RESIDENCE PROGRAM.,PURPOSE: TO SUPPORT AN ARTIST-IN-RESIDENCE PROGRAM.,NON,NOT RECOVERY ACT,C,CITY OR TOWNSHIP GOVERNMENT,,,A1,New Award,2,NON-AGGREGATE RECORD,,,,,,,,,,,https://www.usaspending.gov/award/ASST_NON_1894528-41-22_417/,2022-08-26 15:40:21.061306+00,2022-08-26 15:40:21.061306+00,recipient county outside NYC
5920_1894659-44-22_-NONE-_45.024_-NONE-,ASST_NON_1894659-44-22_417,1894659-44-22,,,SAI EXEMPT,40000.00,40000.00,40000.00,8354.00,0.00,0.00,0.00,0.00,0.00,0.00,40000.00,Q: Not Designated Nonemergency/Emergency/Disaster/Wildfire Suppression,,,,,2022-06-08,2022,2022-06-01,2022-11-30,417,National Endowment for the Arts,5920,National Endowment for the Arts,593105,NATIONAL ENDOWMENT FOR THE ARTS,417,National Endowment for the Arts,5920,National Endowment for the Arts,593105,NATIONAL ENDOWMENT FOR THE ARTS,417-X-0100-000,417-0100,"41.0: Grants, subsidies, and contributions",0001: PROMOTION OF THE ARTS,M9LZY7PPEX73,,LONG ISLAND CHILDREN'S MUSEUM,LONG ISLAND CHILDRENS MUSEUM,,,,,USA,UNITED STATES,11 DAVIS AVE,,28178,GARDEN CITY,36059,NASSAU,36,NY,NEW YORK,11530,6745,NY-04,NY-04,,,,STATE-WIDE,USA,UNITED STATES,NY*****,,,,36,NEW YORK,,NY-04,,,45.024,PROMOTION OF THE ARTS GRANTS TO ORGANIZATIONS AND INDIVIDUALS,,,04,PROJECT GRANT (B),,,,,PURPOSE: TO SUPPORT AN EXHIBITION  ARTIST RESIDENCY WORKSHOPS  AND PUBLIC PROGRAMMING FEATURING WORK BY LOCAL SHINNECOCK INDIAN NATION ARTISTS.&NBSP;,PURPOSE: TO SUPPORT AN EXHIBITION  ARTIST RESIDENCY WORKSHOPS  AND PUBLIC PROGRAMMING FEATURING WORK BY LOCAL SHINNECOCK INDIAN NATION ARTISTS.&NBSP;,NON,NOT RECOVERY ACT,M,NONPROFIT WITH 501C3 IRS STATUS (OTHER THAN AN INSTITUTION OF HIGHER EDUCATION),,,A1,New Award,2,NON-AGGREGATE RECORD,,,,,,,,,,,https://www.usaspending.gov/award/ASST_NON_1894659-44-22_417/,2022-06-14 13:20:19.425828+00,2022-06-14 13:20:19.425828+00,recipient county outside NYC
5920_1894714-34-22_-NONE-_45.024_-NONE-,ASST_NON_1894714-34-22_417,1894714-34-22,,,SAI EXEMPT,20000.00,20000.00,20000.00,0.00,0.00,0.00,0.00,0.00,0.00,0.00,20000.00,Q: Not Designated Nonemergency/Emergency/Disaster/Wildfire Suppression,,,,,2022-08-02,2022,2022-06-01,2024-01-31,417,National Endowment for the Arts,5920,National Endowment for the Arts,593105,NATIONAL ENDOWMENT FOR THE ARTS,417,National Endowment for the Arts,5920,National Endowment for the Arts,593105,NATIONAL ENDOWMENT FOR THE ARTS,417-X-0100-000,417-0100,"41.0: Grants, subsidies, and contributions",0001: PROMOTION OF THE ARTS,UNSKFTUAQEC4,,"NEW YORK WOMEN IN FILM & TELEVISION, INC.",NEW YORK WOMEN IN FILM & TELEVISION,,,,,USA,UNITED STATES,760 OLD DOCK RD,,39672,KINGS PARK,36103,SUFFOLK,36,NY,NEW YORK,11754,1105,NY-12,NY-01,,,,STATE-WIDE,USA,UNITED STATES,NY*****,,,,36,NEW YORK,,NY-12,,,45.024,PROMOTION OF THE ARTS GRANTS TO ORGANIZATIONS AND INDIVIDUALS,,,04,PROJECT GRANT (B),,,,,PURPOSE: TO SUPPORT A PROFESSIONAL DEVELOPMENT PROGRAM FOR WOMEN WORKING IN THE FILM AND TELEVISION INDUSTRY.,PURPOSE: TO SUPPORT A PROFESSIONAL DEVELOPMENT PROGRAM FOR WOMEN WORKING IN THE FILM AND TELEVISION INDUSTRY.,NON,NOT RECOVERY ACT,M,NONPROFIT WITH 501C3 IRS STATUS (OTHER THAN AN INSTITUTION OF HIGHER EDUCATION),,,A1,New Award,2,NON-AGGREGATE RECORD,,,,,,,,,,,https://www.usaspending.gov/award/ASST_NON_1894714-34-22_417/,2022-08-02 17:05:35.891979+00,2022-08-02 17:05:35.891979+00,recipient county outside NYC
5920_1894931-33-22_-NONE-_45.024_-NONE-,ASST_NON_1894931-33-22_417,1894931-33-22,,,SAI EXEMPT,10000.00,3250.00,3250.00,0.00,0.00,0.00,0.00,0.00,0.00,0.00,10000.00,Q: Not Designated Nonemergency/Emergency/Disaster/Wildfire Suppression,,,,,2022-09-07,2022,2022-06-01,2023-06-30,417,National Endowment for the Arts,5920,National Endowment for the Arts,593105,NATIONAL ENDOWMENT FOR THE ARTS,417,National Endowment for the Arts,5920,National Endowment for the Arts,593105,NATIONAL ENDOWMENT FOR THE ARTS,417-X-0100-000,417-0100,"41.0: Grants, subsidies, and contributions",0001: PROMOTION OF THE ARTS,NP8CJMPNLNS7,,SENECA NATION OF INDIANS,SENECA NATION OF INDIANS,KSZGPKG7WLA3,,,,USA,UNITED STATES,90 OHIYO WAY,,64749,SALAMANCA,36009,CATTARAUGUS,36,NY,NEW YORK,14779,,NY-23,NY-23,,,,STATE-WIDE,USA,UNITED STATES,NY*****,,,,36,NEW YORK,,NY-23,,,45.024,PROMOTION OF THE ARTS GRANTS TO ORGANIZATIONS AND INDIVIDUALS,,,04,PROJECT GRANT (B),,,,,PURPOSE: TO SUPPORT SINM DANCE PROJECT  A COLLABORATION BY THE SENECA-IROQUOIS NATIONAL MUSEUM AND CHOREOGRAPHER  PERFORMANCE ARTIST  VISUAL ARTIST  AND SENECA NATION MEMBER ROSY SIMAS.,"PURPOSE: TO SUPPORT SINM
DANCE PROJECT, A COLLABORATION BY THE SENECA-IROQUOIS NATIONAL MUSEUM AND CHOREOGRAPHER,
PERFORMANCE ARTIST, VISUAL ARTIST, AND SENECA NATION MEMBER ROSY SIMAS.",NON,NOT RECOVERY ACT,I,INDIAN/NATIVE AMERICAN TRIBAL GOVERNMENT (FEDERALLY-RECOGNIZED),,,A1,New Award,2,NON-AGGREGATE RECORD,,,,,,,,,,,https://www.usaspending.gov/award/ASST_NON_1894931-33-22_417/,2022-10-18 15:24:06.469827+00,2022-10-18 15:24:06.469827+00,recipient county outside NYC
5920_1894931-33-22_-NONE-_45.024_1,ASST_NON_1894931-33-22_417,1894931-33-22,1,,SAI EXEMPT,0.00,3250.00,3250.00,0.00,0.00,0.00,0.00,0.00,0.00,0.00,0.00,Q: Not Designated Nonemergency/Emergency/Disaster/Wildfire Suppression,,,,,2022-09-07,2022,2022-06-01,2024-12-31,417,National Endowment for the Arts,5920,National Endowment for the Arts,593105,NATIONAL ENDOWMENT FOR THE ARTS,417,National Endowment for the Arts,5920,National Endowment for the Arts,593105,NATIONAL ENDOWMENT FOR THE ARTS,417-X-0100-000,417-0100,"41.0: Grants, subsidies, and contributions",0001: PROMOTION OF THE ARTS,NP8CJMPNLNS7,,SENECA NATION OF INDIANS,SENECA NATION OF INDIANS,KSZGPKG7WLA3,,,,USA,UNITED STATES,90 OHIYO WAY,,64749,SALAMANCA,36009,CATTARAUGUS,36,NY,NEW YORK,14779,,NY-23,NY-23,,,,STATE-WIDE,USA,UNITED STATES,NY*****,,,,36,NEW YORK,,NY-23,,,45.024,PROMOTION OF THE ARTS GRANTS TO ORGANIZATIONS AND INDIVIDUALS,2021NEA01GAP2,,04,PROJECT GRANT (B),,,,,"PURPOSE: TO SUPPORT SINM
DANCE PROJECT, A COLLABORATION BY THE SENECA-IROQUOIS NATIONAL MUSEUM AND CHOREOGRAPHER,
PERFORMANCE ARTIST, VISUAL ARTIST, AND SENECA NATION MEMBER ROSY SIMAS.","PURPOSE: TO SUPPORT SINM
DANCE PROJECT, A COLLABORATION BY THE SENECA-IROQUOIS NATIONAL MUSEUM AND CHOREOGRAPHER,
PERFORMANCE ARTIST, VISUAL ARTIST, AND SENECA NATION MEMBER ROSY SIMAS.",NON,NOT RECOVERY ACT,I,INDIAN/NATIVE AMERICAN TRIBAL GOVERNMENT (FEDERALLY-RECOGNIZED),,,A1,New Award,2,NON-AGGREGATE RECORD,,,,,,,,,,,https://www.usaspending.gov/award/ASST_NON_1894931-33-22_417/,2024-03-19 16:00:21.592102+00,2024-03-19 16:00:21.592102+00,recipient county outside NYC
5920_1894931-33-22_-NONE-_45.024_2,ASST_NON_1894931-33-22_417,1894931-33-22,2,,SAI EXEMPT,0.00,3250.00,3250.00,0.00,0.00,0.00,0.00,0.00,0.00,0.00,0.00,Q: Not Designated Nonemergency/Emergency/Disaster/Wildfire Suppression,,,,,2022-09-07,2022,2022-06-01,2025-01-31,417,National Endowment for the Arts,5920,National Endowment for the Arts,593105,NATIONAL ENDOWMENT FOR THE ARTS,417,National Endowment for the Arts,5920,National Endowment for the Arts,593105,NATIONAL ENDOWMENT FOR THE ARTS,417-X-0100-000,417-0100,"41.0: Grants, subsidies, and contributions",0001: PROMOTION OF THE ARTS,NP8CJMPNLNS7,,SENECA NATION OF INDIANS,SENECA NATION OF INDIANS,KSZGPKG7WLA3,,,,USA,UNITED STATES,90 OHIYO WAY,,64749,SALAMANCA,36009,CATTARAUGUS,36,NY,NEW YORK,14779,0007,NY-23,NY-23,,,,STATE-WIDE,USA,UNITED STATES,NY*****,,,,36,NEW YORK,,NY-23,,,45.024,PROMOTION OF THE ARTS GRANTS TO ORGANIZATIONS AND INDIVIDUALS,2021NEA01GAP2,TO SUPPORT OPPORTUNITIES FOR ALL PEOPLE TO PARTICIPATE IN THE ARTS AND ARTS EDUCATION.,04,PROJECT GRANT (B),,,,,"PURPOSE: TO SUPPORT SINM
DANCE PROJECT, A COLLABORATION BY THE SENECA-IROQUOIS NATIONAL MUSEUM AND CHOREOGRAPHER,
PERFORMANCE ARTIST, VISUAL ARTIST, AND SENECA NATION MEMBER ROSY SIMAS.","PURPOSE: TO SUPPORT SINM
DANCE PROJECT, A COLLABORATION BY THE SENECA-IROQUOIS NATIONAL MUSEUM AND CHOREOGRAPHER,
PERFORMANCE ARTIST, VISUAL ARTIST, AND SENECA NATION MEMBER ROSY SIMAS.",NON,NOT RECOVERY ACT,I,INDIAN/NATIVE AMERICAN TRIBAL GOVERNMENT (FEDERALLY-RECOGNIZED),,,A1,New Award,2,NON-AGGREGATE RECORD,,,,,,,,,,,https://www.usaspending.gov/award/ASST_NON_1894931-33-22_417/,2024-12-04 16:19:55.18295+00,2024-12-04 16:19:55.18295+00,recipient county outside NYC
5920_1894931-33-22_-NONE-_45.024_3,ASST_NON_1894931-33-22_417,1894931-33-22,3,,SAI EXEMPT,0.00,3250.00,3250.00,0.00,0.00,0.00,0.00,0.00,0.00,0.00,0.00,Q: Not Designated Nonemergency/Emergency/Disaster/Wildfire Suppression,,,,,2022-09-07,2022,2022-06-01,2025-02-28,417,National Endowment for the Arts,5920,National Endowment for the Arts,593105,NATIONAL ENDOWMENT FOR THE ARTS,417,National Endowment for the Arts,5920,National Endowment for the Arts,593105,NATIONAL ENDOWMENT FOR THE ARTS,417-X-0100-000,417-0100,"41.0: Grants, subsidies, and contributions",0001: PROMOTION OF THE ARTS,NP8CJMPNLNS7,,SENECA NATION OF INDIANS,SENECA NATION OF INDIANS,KSZGPKG7WLA3,,,,USA,UNITED STATES,90 OHIYO WAY,,64749,SALAMANCA,36009,CATTARAUGUS,36,NY,NEW YORK,14779,0007,NY-23,NY-23,,,,STATE-WIDE,USA,UNITED STATES,NY*****,,,,36,NEW YORK,,NY-23,,,45.024,PROMOTION OF THE ARTS GRANTS TO ORGANIZATIONS AND INDIVIDUALS,2021NEA01GAP2,TO SUPPORT OPPORTUNITIES FOR ALL PEOPLE TO PARTICIPATE IN THE ARTS AND ARTS EDUCATION.,04,PROJECT GRANT (B),,,,,"PURPOSE: TO SUPPORT SINM
DANCE PROJECT, A COLLABORATION BY THE SENECA-IROQUOIS NATIONAL MUSEUM AND CHOREOGRAPHER,
PERFORMANCE ARTIST, VISUAL ARTIST, AND SENECA NATION MEMBER ROSY SIMAS.","PURPOSE: TO SUPPORT SINM
DANCE PROJECT, A COLLABORATION BY THE SENECA-IROQUOIS NATIONAL MUSEUM AND CHOREOGRAPHER,
PERFORMANCE ARTIST, VISUAL ARTIST, AND SENECA NATION MEMBER ROSY SIMAS.",NON,NOT RECOVERY ACT,I,INDIAN/NATIVE AMERICAN TRIBAL GOVERNMENT (FEDERALLY-RECOGNIZED),,,A1,New Award,2,NON-AGGREGATE RECORD,,,,,,,,,,,https://www.usaspending.gov/award/ASST_NON_1894931-33-22_417/,2025-02-20 18:52:56.548894+00,2025-02-20 18:52:56.548894+00,recipient county outside NYC
5920_1894965-44-22_-NONE-_45.024_-NONE-,ASST_NON_1894965-44-22_417,1894965-44-22,,,SAI EXEMPT,40000.00,40000.00,40000.00,0.00,0.00,0.00,0.00,0.00,0.00,0.00,40000.00,Q: Not Designated Nonemergency/Emergency/Disaster/Wildfire Suppression,,,,,2022-08-23,2022,2022-06-01,2023-12-31,417,National Endowment for the Arts,5920,National Endowment for the Arts,593105,NATIONAL ENDOWMENT FOR THE ARTS,417,National Endowment for the Arts,5920,National Endowment for the Arts,593105,NATIONAL ENDOWMENT FOR THE ARTS,417-X-0100-000,417-0100,"41.0: Grants, subsidies, and contributions",0001: PROMOTION OF THE ARTS,J6JETABL6WY4,,EVERSON MUSEUM OF ART OF SYRACUSE AND ONONDAGA COUNTY,EVERSON MUSEUM OF ART OF SYRACUSE & ONONDAGA COUNTY,,,,,USA,UNITED STATES,401 HARRISON ST,,73000,SYRACUSE,36067,ONONDAGA,36,NY,NEW YORK,13202,3019,NY-24,NY-22,,,,STATE-WIDE,USA,UNITED STATES,NY*****,,,,36,NEW YORK,,NY-24,,,45.024,PROMOTION OF THE ARTS GRANTS TO ORGANIZATIONS AND INDIVIDUALS,,,04,PROJECT GRANT (B),,,,,PURPOSE: TO SUPPORT THE PLANNING  AND RESEARCH FOR A RETROSPECTIVE DEVOTED TO THE STUDIO WORKS AND PUBLIC ART OF PIONEERING ARTIST JOYCE KOZLOFF (B. 1942).,"PURPOSE: TO SUPPORT THE PLANNING, AND RESEARCH FOR A RETROSPECTIVE DEVOTED TO THE STUDIO
WORKS AND PUBLIC ART OF PIONEERING ARTIST JOYCE KOZLOFF
(B. 1942).",NON,NOT RECOVERY ACT,M,NONPROFIT WITH 501C3 IRS STATUS (OTHER THAN AN INSTITUTION OF HIGHER EDUCATION),,,A1,New Award,2,NON-AGGREGATE RECORD,,,,,,,,,,,https://www.usaspending.gov/award/ASST_NON_1894965-44-22_417/,2022-08-26 15:40:21.061306+00,2022-08-26 15:40:21.061306+00,recipient county outside NYC
5920_1894965-44-22_-NONE-_45.024_1,ASST_NON_1894965-44-22_417,1894965-44-22,1,,SAI EXEMPT,0.00,40000.00,40000.00,0.00,0.00,0.00,0.00,0.00,0.00,0.00,0.00,Q: Not Designated Nonemergency/Emergency/Disaster/Wildfire Suppression,,,,,2022-08-23,2022,2022-06-01,2025-12-31,417,National Endowment for the Arts,5920,National Endowment for the Arts,593105,NATIONAL ENDOWMENT FOR THE ARTS,417,National Endowment for the Arts,5920,National Endowment for the Arts,593105,NATIONAL ENDOWMENT FOR THE ARTS,417-X-0100-000,417-0100,"41.0: Grants, subsidies, and contributions",0001: PROMOTION OF THE ARTS,J6JETABL6WY4,,EVERSON MUSEUM OF ART OF SYRACUSE AND ONONDAGA COUNTY,EVERSON MUSEUM OF ART OF SYRACUSE & ONONDAGA COUNTY,,,,,USA,UNITED STATES,401 HARRISON ST,,73000,SYRACUSE,36067,ONONDAGA,36,NY,NEW YORK,13202,3019,NY-22,NY-22,,,,STATE-WIDE,USA,UNITED STATES,NY*****,,,,36,NEW YORK,,NY-22,,,45.024,PROMOTION OF THE ARTS GRANTS TO ORGANIZATIONS AND INDIVIDUALS,,,04,PROJECT GRANT (B),,,,,"PURPOSE: TO SUPPORT THE PLANNING, AND RESEARCH FOR A RETROSPECTIVE DEVOTED TO THE STUDIO
WORKS AND PUBLIC ART OF PIONEERING ARTIST JOYCE KOZLOFF
(B. 1942).","PURPOSE: TO SUPPORT THE PLANNING, AND RESEARCH FOR A RETROSPECTIVE DEVOTED TO THE STUDIO
WORKS AND PUBLIC ART OF PIONEERING ARTIST JOYCE KOZLOFF
(B. 1942).",NON,NOT RECOVERY ACT,M,NONPROFIT WITH 501C3 IRS STATUS (OTHER THAN AN INSTITUTION OF HIGHER EDUCATION),,,A1,New Award,2,NON-AGGREGATE RECORD,,,,,,,,,,,https://www.usaspending.gov/award/ASST_NON_1894965-44-22_417/,2023-05-03 15:24:52.30973+00,2023-05-03 15:24:52.30973+00,recipient county outside NYC
5920_1894965-44-22_-NONE-_45.024_3,ASST_NON_1894965-44-22_417,1894965-44-22,3,,SAI EXEMPT,0.00,40000.00,40000.00,0.00,0.00,0.00,0.00,0.00,0.00,0.00,0.00,Q: Not Designated Nonemergency/Emergency/Disaster/Wildfire Suppression,,,,,2022-08-23,2022,2022-06-01,2025-05-31,417,National Endowment for the Arts,5920,National Endowment for the Arts,593105,NATIONAL ENDOWMENT FOR THE ARTS,417,National Endowment for the Arts,5920,National Endowment for the Arts,593105,NATIONAL ENDOWMENT FOR THE ARTS,417-X-0100-000,417-0100,"41.0: Grants, subsidies, and contributions",0001: PROMOTION OF THE ARTS,J6JETABL6WY4,,EVERSON MUSEUM OF ART OF SYRACUSE AND ONONDAGA COUNTY,EVERSON MUSEUM OF ART OF SYRACUSE & ONONDAGA COUNTY,,,,,USA,UNITED STATES,401 HARRISON ST,,73000,SYRACUSE,36067,ONONDAGA,36,NY,NEW YORK,13202,3019,NY-22,NY-22,,,,STATE-WIDE,USA,UNITED STATES,NY*****,,,,36,NEW YORK,,NY-22,,,45.024,PROMOTION OF THE ARTS GRANTS TO ORGANIZATIONS AND INDIVIDUALS,2021NEA01GAP2,TO SUPPORT OPPORTUNITIES FOR ALL PEOPLE TO PARTICIPATE IN THE ARTS AND ARTS EDUCATION.,04,PROJECT GRANT (B),,,,,"PURPOSE: TO SUPPORT THE PLANNING, AND RESEARCH FOR A RETROSPECTIVE DEVOTED TO THE STUDIO
WORKS AND PUBLIC ART OF PIONEERING ARTIST JOYCE KOZLOFF
(B. 1942).","PURPOSE: TO SUPPORT THE PLANNING, AND RESEARCH FOR A RETROSPECTIVE DEVOTED TO THE STUDIO
WORKS AND PUBLIC ART OF PIONEERING ARTIST JOYCE KOZLOFF
(B. 1942).",NON,NOT RECOVERY ACT,M,NONPROFIT WITH 501C3 IRS STATUS (OTHER THAN AN INSTITUTION OF HIGHER EDUCATION),,,A1,New Award,2,NON-AGGREGATE RECORD,,,,,,,,,,,https://www.usaspending.gov/award/ASST_NON_1894965-44-22_417/,2025-05-29 15:25:04.378853+00,2025-05-29 15:25:04.378853+00,recipient county outside NYC
5920_1894987-32-22_-NONE-_45.024_-NONE-,ASST_NON_1894987-32-22_417,1894987-32-22,,,SAI EXEMPT,10000.00,10000.00,10000.00,0.00,0.00,0.00,0.00,0.00,0.00,0.00,10000.00,Q: Not Designated Nonemergency/Emergency/Disaster/Wildfire Suppression,,,,,2022-07-03,2022,2022-06-01,2023-05-31,417,National Endowment for the Arts,5920,National Endowment for the Arts,593105,NATIONAL ENDOWMENT FOR THE ARTS,417,National Endowment for the Arts,5920,National Endowment for the Arts,593105,NATIONAL ENDOWMENT FOR THE ARTS,417-X-0100-000,417-0100,"41.0: Grants, subsidies, and contributions",0001: PROMOTION OF THE ARTS,GZJBB9J5BAE3,,SPACE ON THE FARM INC,SPACE ON THE FARM,,,,,USA,UNITED STATES,406 STARR RIDGE RD,,08070,BREWSTER,36079,PUTNAM,36,NY,NEW YORK,10509,4705,NY-12,NY-17,,,,STATE-WIDE,USA,UNITED STATES,NY*****,,,,36,NEW YORK,,NY-12,,,45.024,PROMOTION OF THE ARTS GRANTS TO ORGANIZATIONS AND INDIVIDUALS,,,04,PROJECT GRANT (B),,,,,PURPOSE: TO SUPPORT STAFF FEES AND MATERIAL COSTS FOR RESIDENCIES FOR THEATER ARTISTS AND ORGANIZATIONS AT SPACE ON RYDER FARM IN BREWSTER  NEW YORK.,PURPOSE: TO SUPPORT STAFF FEES AND MATERIAL COSTS FOR RESIDENCIES FOR THEATER ARTISTS AND ORGANIZATIONS AT SPACE ON RYDER FARM IN BREWSTER  NEW YORK.,NON,NOT RECOVERY ACT,M,NONPROFIT WITH 501C3 IRS STATUS (OTHER THAN AN INSTITUTION OF HIGHER EDUCATION),,,A1,New Award,2,NON-AGGREGATE RECORD,,,,,,,,,,,https://www.usaspending.gov/award/ASST_NON_1894987-32-22_417/,2022-07-26 18:58:46.518912+00,2022-07-26 18:58:46.518912+00,recipient county outside NYC
5920_1895011-32-22_-NONE-_45.024_-NONE-,ASST_NON_1895011-32-22_417,1895011-32-22,,,SAI EXEMPT,25000.00,24798.10,24798.10,20709.00,0.00,0.00,0.00,0.00,0.00,0.00,25000.00,Q: Not Designated Nonemergency/Emergency/Disaster/Wildfire Suppression,,,,,2022-07-23,2022,2022-08-01,2023-07-31,417,National Endowment for the Arts,5920,National Endowment for the Arts,593105,NATIONAL ENDOWMENT FOR THE ARTS,417,National Endowment for the Arts,5920,National Endowment for the Arts,593105,NATIONAL ENDOWMENT FOR THE ARTS,417-X-0100-000,417-0100,"41.0: Grants, subsidies, and contributions",0001: PROMOTION OF THE ARTS,J6TWTRKC1X14,,ROCHESTER INSTITUTE OF TECHNOLOGY,ROCHESTER INSTITUTE OF TECHNOLOGY,J6TWTRKC1X14,,ROCHESTER INSTITUTE OF TECHNOLOGY,ROCHESTER INSTITUTE OF TECHNOLOGY (INC),USA,UNITED STATES,1 LOMB MEMORIAL DR,,63000,ROCHESTER,36055,MONROE,36,NY,NEW YORK,14623,5603,NY-25,NY-25,,,,STATE-WIDE,USA,UNITED STATES,NY*****,,,,36,NEW YORK,,NY-25,,,45.024,PROMOTION OF THE ARTS GRANTS TO ORGANIZATIONS AND INDIVIDUALS,,,04,PROJECT GRANT (B),,,,,PURPOSE: TO SUPPORT A TOURING PRODUCTION OF RAPUNZEL ADAPTED FROM THE FAIRY TALE BY JACOB AND WILHELM GRIMM.,PURPOSE: TO SUPPORT A TOURING PRODUCTION OF RAPUNZEL ADAPTED FROM THE FAIRY TALE BY JACOB AND WILHELM GRIMM.,NON,NOT RECOVERY ACT,M,NONPROFIT WITH 501C3 IRS STATUS (OTHER THAN AN INSTITUTION OF HIGHER EDUCATION),,,A1,New Award,2,NON-AGGREGATE RECORD,,,,,,,,,,,https://www.usaspending.gov/award/ASST_NON_1895011-32-22_417/,2022-07-26 18:58:46.518912+00,2022-07-26 18:58:46.518912+00,recipient county outside NYC
5920_1895011-32-22_-NONE-_45.024_1,ASST_NON_1895011-32-22_417,1895011-32-22,1,,SAI EXEMPT,-201.90,24798.10,24798.10,20709.00,0.00,0.00,0.00,0.00,0.00,0.00,-201.90,Q: Not Designated Nonemergency/Emergency/Disaster/Wildfire Suppression,,,,,2023-09-12,2023,2022-08-01,2023-07-31,417,National Endowment for the Arts,5920,National Endowment for the Arts,593105,NATIONAL ENDOWMENT FOR THE ARTS,417,National Endowment for the Arts,5920,National Endowment for the Arts,593105,NATIONAL ENDOWMENT FOR THE ARTS,417-X-0100-000,417-0100,"41.0: Grants, subsidies, and contributions",0001: PROMOTION OF THE ARTS,J6TWTRKC1X14,,ROCHESTER INSTITUTE OF TECHNOLOGY,ROCHESTER INSTITUTE OF TECHNOLOGY,,,ROCHESTER INSTITUTE OF TECHNOLOGY (INC),ROCHESTER INSTITUTE OF TECHNOLOGY (INC),USA,UNITED STATES,1 LOMB MEMORIAL DR,,63000,ROCHESTER,36055,MONROE,36,NY,NEW YORK,14623,5603,NY-25,NY-25,,,,STATE-WIDE,USA,UNITED STATES,NY*****,,,,36,NEW YORK,,NY-25,,,45.024,PROMOTION OF THE ARTS GRANTS TO ORGANIZATIONS AND INDIVIDUALS,2021NEA01GAP2,,04,PROJECT GRANT (B),,,,,PURPOSE: TO SUPPORT A TOURING PRODUCTION OF RAPUNZEL ADAPTED FROM THE FAIRY TALE BY JACOB AND WILHELM GRIMM.,PURPOSE: TO SUPPORT A TOURING PRODUCTION OF RAPUNZEL ADAPTED FROM THE FAIRY TALE BY JACOB AND WILHELM GRIMM.,NON,NOT RECOVERY ACT,M,NONPROFIT WITH 501C3 IRS STATUS (OTHER THAN AN INSTITUTION OF HIGHER EDUCATION),,,A1,New Award,2,NON-AGGREGATE RECORD,,,,,,,,,,,https://www.usaspending.gov/award/ASST_NON_1895011-32-22_417/,2023-09-25 16:50:34.526245+00,2023-09-25 16:50:34.526245+00,recipient county outside NYC
5920_1895049-33-22_-NONE-_45.024_-NONE-,ASST_NON_1895049-33-22_417,1895049-33-22,,,SAI EXEMPT,20000.00,20000.00,20000.00,0.00,0.00,0.00,0.00,0.00,0.00,0.00,20000.00,Q: Not Designated Nonemergency/Emergency/Disaster/Wildfire Suppression,,,,,2022-06-08,2022,2022-09-01,2022-10-31,417,National Endowment for the Arts,5920,National Endowment for the Arts,593105,NATIONAL ENDOWMENT FOR THE ARTS,417,National Endowment for the Arts,5920,National Endowment for the Arts,593105,NATIONAL ENDOWMENT FOR THE ARTS,417-X-0100-000,417-0100,"41.0: Grants, subsidies, and contributions",0001: PROMOTION OF THE ARTS,MHKGSQN2MNQ6,,KAATSBAAN INTERNATIONAL DANCE CENTER INC,KAATSBAAN INTERNATIONAL DANCE CENTER  INC.,,,,,USA,UNITED STATES,120 BROADWAY,,74023,TIVOLI,36027,DUTCHESS,36,NY,NEW YORK,12583,5719,NY-19,NY-18,,,,STATE-WIDE,USA,UNITED STATES,NY*****,,,,36,NEW YORK,,NY-19,,,45.024,PROMOTION OF THE ARTS GRANTS TO ORGANIZATIONS AND INDIVIDUALS,,,04,PROJECT GRANT (B),,,,,PURPOSE: TO SUPPORT A COLLABORATION WITH INDIGENOUS ARTISTS SHANDIEN LARANCE  STEVE LARANCE  AND LOCAL LENAPE ARTISTS AND COMMUNITY MEMBERS AT KAATSBAAN CULTURAL PARK.,"PURPOSE: TO SUPPORT A
COLLABORATION WITH INDIGENOUS ARTISTS SHANDIEN LARANCE, STEVE LARANCE, AND
LOCAL LENAPE ARTISTS AND COMMUNITY MEMBERS AT KAATSBAAN CULTURAL PARK.",NON,NOT RECOVERY ACT,M,NONPROFIT WITH 501C3 IRS STATUS (OTHER THAN AN INSTITUTION OF HIGHER EDUCATION),,,A1,New Award,2,NON-AGGREGATE RECORD,,,,,,,,,,,https://www.usaspending.gov/award/ASST_NON_1895049-33-22_417/,2022-06-14 13:20:19.425828+00,2022-06-14 13:20:19.425828+00,recipient county outside NYC
5920_1895049-33-22_-NONE-_45.024_1,ASST_NON_1895049-33-22_417,1895049-33-22,1,,SAI EXEMPT,0.00,20000.00,20000.00,0.00,0.00,0.00,0.00,0.00,0.00,0.00,0.00,Q: Not Designated Nonemergency/Emergency/Disaster/Wildfire Suppression,,,,,2022-06-08,2022,2022-09-01,2022-11-30,417,National Endowment for the Arts,5920,National Endowment for the Arts,593105,NATIONAL ENDOWMENT FOR THE ARTS,417,National Endowment for the Arts,5920,National Endowment for the Arts,593105,NATIONAL ENDOWMENT FOR THE ARTS,417-X-0100-000,417-0100,"41.0: Grants, subsidies, and contributions",0001: PROMOTION OF THE ARTS,MHKGSQN2MNQ6,,KAATSBAAN INTERNATIONAL DANCE CENTER INC,"KAATSBAAN INTERNATIONAL DANCE CENTER, INC.",,,,,USA,UNITED STATES,120 BROADWAY,,74023,TIVOLI,36027,DUTCHESS,36,NY,NEW YORK,12583,5719,NY-19,NY-18,,,,STATE-WIDE,USA,UNITED STATES,NY*****,,,,36,NEW YORK,,NY-19,,,45.024,PROMOTION OF THE ARTS GRANTS TO ORGANIZATIONS AND INDIVIDUALS,,,04,PROJECT GRANT (B),,,,,"PURPOSE: TO SUPPORT A
COLLABORATION WITH INDIGENOUS ARTISTS SHANDIEN LARANCE, STEVE LARANCE, AND
LOCAL LENAPE ARTISTS AND COMMUNITY MEMBERS AT KAATSBAAN CULTURAL PARK.","PURPOSE: TO SUPPORT A
COLLABORATION WITH INDIGENOUS ARTISTS SHANDIEN LARANCE, STEVE LARANCE, AND
LOCAL LENAPE ARTISTS AND COMMUNITY MEMBERS AT KAATSBAAN CULTURAL PARK.",NON,NOT RECOVERY ACT,M,NONPROFIT WITH 501C3 IRS STATUS (OTHER THAN AN INSTITUTION OF HIGHER EDUCATION),,,A1,New Award,2,NON-AGGREGATE RECORD,,,,,,,,,,,https://www.usaspending.gov/award/ASST_NON_1895049-33-22_417/,2022-11-02 15:25:59.216566+00,2022-11-02 15:25:59.216566+00,recipient county outside NYC
5920_1895218-31-22_-NONE-_45.024_-NONE-,ASST_NON_1895218-31-22_417,1895218-31-22,,,SAI EXEMPT,10000.00,0.00,,0.00,0.00,0.00,0.00,0.00,0.00,0.00,10000.00,Q: Not Designated Nonemergency/Emergency/Disaster/Wildfire Suppression,,,,,2022-06-13,2022,2022-06-01,2022-12-31,417,National Endowment for the Arts,5920,National Endowment for the Arts,593105,NATIONAL ENDOWMENT FOR THE ARTS,417,National Endowment for the Arts,5920,National Endowment for the Arts,593105,NATIONAL ENDOWMENT FOR THE ARTS,417-X-0100-000,417-0100,"41.0: Grants, subsidies, and contributions",0001: PROMOTION OF THE ARTS,MVURYTBNL8D5,,TRANSART & CULTURAL SERVICES INC,TRANSART & CULTURAL SERVICES  INC.,,,,,USA,UNITED STATES,500 SWARTE KILL RD,,50551,NEW PALTZ,36111,ULSTER,36,NY,NEW YORK,12561,4502,NY-19,NY-18,,,,STATE-WIDE,USA,UNITED STATES,NY*****,,,,36,NEW YORK,,NY-19,,,45.024,PROMOTION OF THE ARTS GRANTS TO ORGANIZATIONS AND INDIVIDUALS,,,04,PROJECT GRANT (B),,,,,TO SUPPORT THE JAZZ IN THE VALLEY FESTIVAL AND ACCOMPANYING EDUCATIONAL PROGRAMMING.&NBSP;,TO SUPPORT THE JAZZ IN THE VALLEY FESTIVAL AND ACCOMPANYING EDUCATIONAL PROGRAMMING.&NBSP;,NON,NOT RECOVERY ACT,M,NONPROFIT WITH 501C3 IRS STATUS (OTHER THAN AN INSTITUTION OF HIGHER EDUCATION),,,A1,New Award,2,NON-AGGREGATE RECORD,,,,,,,,,,,https://www.usaspending.gov/award/ASST_NON_1895218-31-22_417/,2022-06-14 13:20:19.425828+00,2022-06-14 13:20:19.425828+00,recipient county outside NYC
5920_1895218-31-22_-NONE-_45.024_1,ASST_NON_1895218-31-22_417,1895218-31-22,1,,SAI EXEMPT,-10000.00,0.00,,0.00,0.00,0.00,0.00,0.00,0.00,0.00,-10000.00,Q: Not Designated Nonemergency/Emergency/Disaster/Wildfire Suppression,,,,,2023-06-15,2023,2022-06-01,2022-12-31,417,National Endowment for the Arts,5920,National Endowment for the Arts,593105,NATIONAL ENDOWMENT FOR THE ARTS,417,National Endowment for the Arts,5920,National Endowment for the Arts,593105,NATIONAL ENDOWMENT FOR THE ARTS,417-X-0100-000,417-0100,"41.0: Grants, subsidies, and contributions",0001: PROMOTION OF THE ARTS,MVURYTBNL8D5,,TRANSART & CULTURAL SERVICES INC,TRANSART & CULTURAL SERVICES  INC.,,,,,USA,UNITED STATES,107 HENRY ST,,39727,KINGSTON,36111,ULSTER,36,NY,NEW YORK,12401,4952,NY-18,NY-18,,,,STATE-WIDE,USA,UNITED STATES,NY*****,,,,36,NEW YORK,,NY-18,,,45.024,PROMOTION OF THE ARTS GRANTS TO ORGANIZATIONS AND INDIVIDUALS,2021NEA01GAP2,,04,PROJECT GRANT (B),,,,,TO SUPPORT THE JAZZ IN THE VALLEY FESTIVAL AND ACCOMPANYING EDUCATIONAL PROGRAMMING.&NBSP;,TO SUPPORT THE JAZZ IN THE VALLEY FESTIVAL AND ACCOMPANYING EDUCATIONAL PROGRAMMING.&NBSP;,NON,NOT RECOVERY ACT,M,NONPROFIT WITH 501C3 IRS STATUS (OTHER THAN AN INSTITUTION OF HIGHER EDUCATION),,,A1,New Award,2,NON-AGGREGATE RECORD,,,,,,,,,,,https://www.usaspending.gov/award/ASST_NON_1895218-31-22_417/,2023-06-27 18:00:19.566518+00,2023-06-27 18:00:19.566518+00,recipient county outside NYC
5920_1895297-41-22_-NONE-_45.024_-NONE-,ASST_NON_1895297-41-22_417,1895297-41-22,,,SAI EXEMPT,10000.00,10000.00,10000.00,0.00,0.00,0.00,0.00,0.00,0.00,0.00,10000.00,Q: Not Designated Nonemergency/Emergency/Disaster/Wildfire Suppression,,,,,2022-07-26,2022,2022-06-01,2023-09-30,417,National Endowment for the Arts,5920,National Endowment for the Arts,593105,NATIONAL ENDOWMENT FOR THE ARTS,417,National Endowment for the Arts,5920,National Endowment for the Arts,593105,NATIONAL ENDOWMENT FOR THE ARTS,417-X-0100-000,417-0100,"41.0: Grants, subsidies, and contributions",0001: PROMOTION OF THE ARTS,D1PVJPE83MT5,,"SCULPTURE SPACE, INC.",SCULPTURE SPACE  INC.,,,,,USA,UNITED STATES,12 GATES ST,,76540,UTICA,36065,ONEIDA,36,NY,NEW YORK,13502,3414,NY-22,NY-22,,,,STATE-WIDE,USA,UNITED STATES,NY*****,,,,36,NEW YORK,,NY-22,,,45.024,PROMOTION OF THE ARTS GRANTS TO ORGANIZATIONS AND INDIVIDUALS,,,04,PROJECT GRANT (B),,,,,PURPOSE: TO SUPPORT AN EDUCATIONAL AND MENTORSHIP PROGRAM FOR STUDENTS INTERESTED IN SCULPTURE.&NBSP;&NBSP;,PURPOSE: TO SUPPORT AN EDUCATIONAL AND MENTORSHIP PROGRAM FOR STUDENTS INTERESTED IN SCULPTURE.&NBSP;&NBSP;,NON,NOT RECOVERY ACT,M,NONPROFIT WITH 501C3 IRS STATUS (OTHER THAN AN INSTITUTION OF HIGHER EDUCATION),,,A1,New Award,2,NON-AGGREGATE RECORD,,,,,,,,,,,https://www.usaspending.gov/award/ASST_NON_1895297-41-22_417/,2022-07-26 18:58:46.518912+00,2022-07-26 18:58:46.518912+00,recipient county outside NYC
5920_1895472-66-22_-NONE-_45.024_-NONE-,ASST_NON_1895472-66-22_417,1895472-66-22,,,SAI EXEMPT,50000.00,50000.00,50000.00,0.00,0.00,0.00,0.00,0.00,0.00,0.00,50000.00,V: Non-emergency P.L. 117-2,50000.00,50000.00,,,2022-02-23,2022,2022-01-01,2022-12-31,417,National Endowment for the Arts,5920,National Endowment for the Arts,593105,NATIONAL ENDOWMENT FOR THE ARTS,417,National Endowment for the Arts,5920,National Endowment for the Arts,593105,NATIONAL ENDOWMENT FOR THE ARTS,417-X-0100-000,417-0100,"41.0: Grants, subsidies, and contributions",0001: PROMOTION OF THE ARTS,MB76TJECYB11,781915574,IROQUOIS INDIAN MUSEUM,IROQUOIS INDIAN MUSEUM,,,,,USA,UNITED STATES,324 CAVERNS RD,,35892,HOWES CAVE,36095,SCHOHARIE,36,NY,NEW YORK,12092,,NY-19,NY-21,,,,STATE-WIDE,USA,UNITED STATES,NY*****,,,,36,NEW YORK,,NY-19,,,45.024,PROMOTION OF THE ARTS GRANTS TO ORGANIZATIONS AND INDIVIDUALS,,,04,PROJECT GRANT (B),,,,,PURPOSE: TO SUPPORT PERSONNEL AND FACILITIES EXPENSES IN RESPONSE TO AND RECOVERY FROM THE COVID-19 PANDEMIC.,PURPOSE: TO SUPPORT PERSONNEL AND FACILITIES EXPENSES IN RESPONSE TO AND RECOVERY FROM THE COVID-19 PANDEMIC.,NON,NOT RECOVERY ACT,M,NONPROFIT WITH 501C3 IRS STATUS (OTHER THAN AN INSTITUTION OF HIGHER EDUCATION),,,A1,New Award,2,NON-AGGREGATE RECORD,,,,,,,,,,,https://www.usaspending.gov/award/ASST_NON_1895472-66-22_417/,2022-02-23 17:45:25.065667+00,2022-02-23 17:45:25.065667+00,recipient county outside NYC
5920_1895582-66-22_-NONE-_45.024_-NONE-,ASST_NON_1895582-66-22_417,1895582-66-22,,,SAI EXEMPT,150000.00,150000.00,150000.00,4000.00,0.00,0.00,0.00,0.00,0.00,0.00,150000.00,V: Non-emergency P.L. 117-2,150000.00,150000.00,,,2022-01-13,2022,2022-01-01,2022-12-31,417,National Endowment for the Arts,5920,National Endowment for the Arts,593105,NATIONAL ENDOWMENT FOR THE ARTS,417,National Endowment for the Arts,5920,National Endowment for the Arts,593105,NATIONAL ENDOWMENT FOR THE ARTS,417-X-0100-000,417-0100,"41.0: Grants, subsidies, and contributions",0001: PROMOTION OF THE ARTS,LJCANMTV62D8,048233535,ST LAWRENCE COUNTY ARTS COUNCIL INC,ST. LAWRENCE COUNTY ARTS COUNCIL  INC.,,,,,USA,UNITED STATES,2 PARK ST,,59564,POTSDAM,36089,ST. LAWRENCE,36,NY,NEW YORK,13676,2289,NY-21,NY-21,,,,STATE-WIDE,USA,UNITED STATES,NY*****,,,,36,NEW YORK,,NY-21,,,45.024,PROMOTION OF THE ARTS GRANTS TO ORGANIZATIONS AND INDIVIDUALS,,,04,PROJECT GRANT (B),,,,,PURPOSE: TO SUPPORT SUBGRANTING TO THE NONPROFIT ARTS SECTOR IN RESPONSE TO AND RECOVERY FROM THE COVID-19 PANDEMIC.,"PURPOSE:
TO SUPPORT SUBGRANTING TO THE NONPROFIT ARTS SECTOR IN RESPONSE TO AND RECOVERY
FROM THE COVID-19 PANDEMIC.",NON,NOT RECOVERY ACT,M,NONPROFIT WITH 501C3 IRS STATUS (OTHER THAN AN INSTITUTION OF HIGHER EDUCATION),,,A1,New Award,2,NON-AGGREGATE RECORD,,,,,,,,,,,https://www.usaspending.gov/award/ASST_NON_1895582-66-22_417/,2022-01-14 19:39:21.992229+00,2022-01-14 19:39:21.992229+00,recipient county outside NYC
5920_1895582-66-22_-NONE-_45.024_1,ASST_NON_1895582-66-22_417,1895582-66-22,1,,SAI EXEMPT,0.00,150000.00,150000.00,4000.00,0.00,0.00,0.00,0.00,0.00,0.00,0.00,V: Non-emergency P.L. 117-2,150000.00,150000.00,,,2022-01-13,2022,2022-01-01,2023-03-31,417,National Endowment for the Arts,5920,National Endowment for the Arts,593105,NATIONAL ENDOWMENT FOR THE ARTS,417,National Endowment for the Arts,5920,National Endowment for the Arts,593105,NATIONAL ENDOWMENT FOR THE ARTS,417-X-0100-000,417-0100,"41.0: Grants, subsidies, and contributions",0001: PROMOTION OF THE ARTS,LJCANMTV62D8,,ST LAWRENCE COUNTY ARTS COUNCIL INC,"ST. LAWRENCE COUNTY ARTS COUNCIL, INC.",,,,,USA,UNITED STATES,51 MARKET ST,,59564,POTSDAM,36089,ST. LAWRENCE,36,NY,NEW YORK,13676,1744,NY-21,NY-21,,,,STATE-WIDE,USA,UNITED STATES,NY*****,,,,36,NEW YORK,,NY-21,,,45.024,PROMOTION OF THE ARTS GRANTS TO ORGANIZATIONS AND INDIVIDUALS,,,04,PROJECT GRANT (B),,,,,"PURPOSE:
TO SUPPORT SUBGRANTING TO THE NONPROFIT ARTS SECTOR IN RESPONSE TO AND RECOVERY
FROM THE COVID-19 PANDEMIC.","PURPOSE:
TO SUPPORT SUBGRANTING TO THE NONPROFIT ARTS SECTOR IN RESPONSE TO AND RECOVERY
FROM THE COVID-19 PANDEMIC.",NON,NOT RECOVERY ACT,M,NONPROFIT WITH 501C3 IRS STATUS (OTHER THAN AN INSTITUTION OF HIGHER EDUCATION),,,A1,New Award,2,NON-AGGREGATE RECORD,,,,,,,,,,,https://www.usaspending.gov/award/ASST_NON_1895582-66-22_417/,2022-11-02 15:25:59.216566+00,2022-11-02 15:25:59.216566+00,recipient county outside NYC
5920_1896167-66-22_-NONE-_45.024_-NONE-,ASST_NON_1896167-66-22_417,1896167-66-22,,,SAI EXEMPT,150000.00,150000.00,150000.00,0.00,0.00,0.00,0.00,0.00,0.00,0.00,150000.00,V: Non-emergency P.L. 117-2,150000.00,150000.00,,,2022-01-13,2022,2021-12-01,2023-11-30,417,National Endowment for the Arts,5920,National Endowment for the Arts,593105,NATIONAL ENDOWMENT FOR THE ARTS,417,National Endowment for the Arts,5920,National Endowment for the Arts,593105,NATIONAL ENDOWMENT FOR THE ARTS,417-X-0100-000,417-0100,"41.0: Grants, subsidies, and contributions",0001: PROMOTION OF THE ARTS,QVRUL3PAQEK1,101383578,"ARTSWESTCHESTER, INC",ARTSWESTCHESTER,,,,,USA,UNITED STATES,31 MAMARONECK AVE FL 3,,81677,WHITE PLAINS,36119,WESTCHESTER,36,NY,NEW YORK,10601,3328,NY-17,NY-16,,,,STATE-WIDE,USA,UNITED STATES,NY*****,,,,36,NEW YORK,,NY-17,,,45.024,PROMOTION OF THE ARTS GRANTS TO ORGANIZATIONS AND INDIVIDUALS,,,04,PROJECT GRANT (B),,,,,PURPOSE: TO SUPPORT SUBGRANTING TO THE NONPROFIT ARTS SECTOR IN RESPONSE TO AND RECOVERY FROM THE COVID-19 PANDEMIC.,PURPOSE: TO SUPPORT SUBGRANTING TO THE NONPROFIT ARTS SECTOR IN RESPONSE TO AND RECOVERY FROM THE COVID-19 PANDEMIC.,NON,NOT RECOVERY ACT,M,NONPROFIT WITH 501C3 IRS STATUS (OTHER THAN AN INSTITUTION OF HIGHER EDUCATION),,,A1,New Award,2,NON-AGGREGATE RECORD,,,,,,,,,,,https://www.usaspending.gov/award/ASST_NON_1896167-66-22_417/,2022-01-14 19:39:21.992229+00,2022-01-14 19:39:21.992229+00,recipient county outside NYC
5920_1896590-42-22_-NONE-_45.024_-NONE-,ASST_NON_1896590-42-22_417,1896590-42-22,,,SAI EXEMPT,90000.00,90000.00,90000.00,18250.00,0.00,0.00,0.00,0.00,0.00,0.00,90000.00,Q: Not Designated Nonemergency/Emergency/Disaster/Wildfire Suppression,,,,,2022-08-24,2022,2022-07-01,2024-06-30,417,National Endowment for the Arts,5920,National Endowment for the Arts,593105,NATIONAL ENDOWMENT FOR THE ARTS,417,National Endowment for the Arts,5920,National Endowment for the Arts,593105,NATIONAL ENDOWMENT FOR THE ARTS,417-X-0100-000,417-0100,"41.0: Grants, subsidies, and contributions",0001: PROMOTION OF THE ARTS,S7F3BPHNJ2A4,,MEDIA ALLIANCE INC,MEDIA ALLIANCE  INC.,,,,,USA,UNITED STATES,3361 SIXTH AVE,,75484,TROY,36083,RENSSELAER,36,NY,NEW YORK,12180,1207,NY-20,NY-20,,,,STATE-WIDE,USA,UNITED STATES,NY*****,,,,36,NEW YORK,,NY-20,,,45.024,PROMOTION OF THE ARTS GRANTS TO ORGANIZATIONS AND INDIVIDUALS,,,04,PROJECT GRANT (B),,,,,PURPOSE:&NBSP;TO SUPPORT THE COMMISSION AND CREATION OF PARTICIPATORY MULTIMEDIA PUBLIC ARTWORKS ALONG A CITY BLOCK IN TROY  NEW YORK.,PURPOSE:&NBSP;TO SUPPORT THE COMMISSION AND CREATION OF PARTICIPATORY MULTIMEDIA PUBLIC ARTWORKS ALONG A CITY BLOCK IN TROY  NEW YORK.,NON,NOT RECOVERY ACT,M,NONPROFIT WITH 501C3 IRS STATUS (OTHER THAN AN INSTITUTION OF HIGHER EDUCATION),,,A1,New Award,2,NON-AGGREGATE RECORD,,,,,,,,,,,https://www.usaspending.gov/award/ASST_NON_1896590-42-22_417/,2022-08-26 15:40:21.061306+00,2022-08-26 15:40:21.061306+00,recipient county outside NYC
5920_1896708-66-22_-NONE-_45.024_-NONE-,ASST_NON_1896708-66-22_417,1896708-66-22,,,SAI EXEMPT,50000.00,50000.00,50000.00,0.00,0.00,0.00,0.00,0.00,0.00,0.00,50000.00,V: Non-emergency P.L. 117-2,50000.00,50000.00,,,2022-02-03,2022,2022-01-01,2023-12-31,417,National Endowment for the Arts,5920,National Endowment for the Arts,593105,NATIONAL ENDOWMENT FOR THE ARTS,417,National Endowment for the Arts,5920,National Endowment for the Arts,593105,NATIONAL ENDOWMENT FOR THE ARTS,417-X-0100-000,417-0100,"41.0: Grants, subsidies, and contributions",0001: PROMOTION OF THE ARTS,ZKLRGKE4XBN4,608258583,"ADIRONDACK CENTER FOR WRITING, INC.",ADIRONDACK CENTER FOR WRITING  INC.,,,,,USA,UNITED STATES,15 BROADWAY,,65233,SARANAC LAKE,36033,FRANKLIN,36,NY,NEW YORK,12983,1727,NY-21,NY-21,,,,STATE-WIDE,USA,UNITED STATES,NY*****,,,,36,NEW YORK,,NY-21,,,45.024,PROMOTION OF THE ARTS GRANTS TO ORGANIZATIONS AND INDIVIDUALS,,,04,PROJECT GRANT (B),,,,,PURPOSE: TO SUPPORT PERSONNEL AND FACILITIES EXPENSES IN RESPONSE TO AND RECOVERY FROM THE COVID-19 PANDEMIC.,PURPOSE: TO SUPPORT PERSONNEL AND FACILITIES EXPENSES IN RESPONSE TO AND RECOVERY FROM THE COVID-19 PANDEMIC.,NON,NOT RECOVERY ACT,M,NONPROFIT WITH 501C3 IRS STATUS (OTHER THAN AN INSTITUTION OF HIGHER EDUCATION),,,A1,New Award,2,NON-AGGREGATE RECORD,,,,,,,,,,,https://www.usaspending.gov/award/ASST_NON_1896708-66-22_417/,2022-02-11 17:39:51.529096+00,2022-02-11 17:39:51.529096+00,recipient county outside NYC
5920_1898109-42-22_-NONE-_45.024_-NONE-,ASST_NON_1898109-42-22_417,1898109-42-22,,,SAI EXEMPT,50000.00,50000.00,50000.00,0.00,0.00,0.00,0.00,0.00,0.00,0.00,50000.00,Q: Not Designated Nonemergency/Emergency/Disaster/Wildfire Suppression,,,,,2022-08-12,2022,2022-08-01,2023-09-30,417,National Endowment for the Arts,5920,National Endowment for the Arts,593105,NATIONAL ENDOWMENT FOR THE ARTS,417,National Endowment for the Arts,5920,National Endowment for the Arts,593105,NATIONAL ENDOWMENT FOR THE ARTS,417-X-0100-000,417-0100,"41.0: Grants, subsidies, and contributions",0001: PROMOTION OF THE ARTS,KHRJYKYFA1N8,,ARTS CENTER,ARTS CENTER OF THE CAPITAL REGION,,,,,USA,UNITED STATES,265 RIVER ST,,75484,TROY,36083,RENSSELAER,36,NY,NEW YORK,12180,3215,NY-20,NY-20,,,,STATE-WIDE,USA,UNITED STATES,NY*****,,,,36,NEW YORK,,NY-20,,,45.024,PROMOTION OF THE ARTS GRANTS TO ORGANIZATIONS AND INDIVIDUALS,,,04,PROJECT GRANT (B),,,,,PURPOSE:&NBSP;TO SUPPORT AN ARTIST RESIDENCY  ARTS PROGRAMMING  AND ENGAGEMENT ACTIVITIES TO BUILD COMMUNITY IN NORTH CENTRAL TROY  NEW YORK.,"PURPOSE:TO SUPPORT AN ARTIST RESIDENCY, ARTS
PROGRAMMING, AND ENGAGEMENT ACTIVITIES TO BUILD COMMUNITY IN NORTH CENTRAL
TROY, NEW YORK.",NON,NOT RECOVERY ACT,M,NONPROFIT WITH 501C3 IRS STATUS (OTHER THAN AN INSTITUTION OF HIGHER EDUCATION),,,A1,New Award,2,NON-AGGREGATE RECORD,,,,,,,,,,,https://www.usaspending.gov/award/ASST_NON_1898109-42-22_417/,2022-08-26 15:40:21.061306+00,2022-08-26 15:40:21.061306+00,recipient county outside NYC
5920_1898109-42-22_-NONE-_45.024_1,ASST_NON_1898109-42-22_417,1898109-42-22,1,,SAI EXEMPT,0.00,50000.00,50000.00,0.00,0.00,0.00,0.00,0.00,0.00,0.00,0.00,Q: Not Designated Nonemergency/Emergency/Disaster/Wildfire Suppression,,,,,2022-08-12,2022,2022-08-01,2023-11-30,417,National Endowment for the Arts,5920,National Endowment for the Arts,593105,NATIONAL ENDOWMENT FOR THE ARTS,417,National Endowment for the Arts,5920,National Endowment for the Arts,593105,NATIONAL ENDOWMENT FOR THE ARTS,417-X-0100-000,417-0100,"41.0: Grants, subsidies, and contributions",0001: PROMOTION OF THE ARTS,KHRJYKYFA1N8,,ARTS CENTER,ARTS CENTER OF THE CAPITAL REGION,,,,,USA,UNITED STATES,265 RIVER ST,,75484,TROY,36083,RENSSELAER,36,NY,NEW YORK,12180,3215,NY-20,NY-20,,,,STATE-WIDE,USA,UNITED STATES,NY*****,,,,36,NEW YORK,,NY-20,,,45.024,PROMOTION OF THE ARTS GRANTS TO ORGANIZATIONS AND INDIVIDUALS,2021NEA01OT,,04,PROJECT GRANT (B),,,,,"PURPOSE:TO SUPPORT AN ARTIST RESIDENCY, ARTS
PROGRAMMING, AND ENGAGEMENT ACTIVITIES TO BUILD COMMUNITY IN NORTH CENTRAL
TROY, NEW YORK.","PURPOSE:TO SUPPORT AN ARTIST RESIDENCY, ARTS
PROGRAMMING, AND ENGAGEMENT ACTIVITIES TO BUILD COMMUNITY IN NORTH CENTRAL
TROY, NEW YORK.",NON,NOT RECOVERY ACT,M,NONPROFIT WITH 501C3 IRS STATUS (OTHER THAN AN INSTITUTION OF HIGHER EDUCATION),,,A1,New Award,2,NON-AGGREGATE RECORD,,,,,,,,,,,https://www.usaspending.gov/award/ASST_NON_1898109-42-22_417/,2023-09-08 17:53:18.915563+00,2023-09-08 17:53:18.915563+00,recipient county outside NYC
5920_1899261-66-22_-NONE-_45.024_-NONE-,ASST_NON_1899261-66-22_417,1899261-66-22,,,SAI EXEMPT,50000.00,50000.00,50000.00,0.00,0.00,0.00,0.00,0.00,0.00,0.00,50000.00,V: Non-emergency P.L. 117-2,50000.00,50000.00,,,2022-04-20,2022,2022-01-01,2023-12-31,417,National Endowment for the Arts,5920,National Endowment for the Arts,593105,NATIONAL ENDOWMENT FOR THE ARTS,417,National Endowment for the Arts,5920,National Endowment for the Arts,593105,NATIONAL ENDOWMENT FOR THE ARTS,417-X-0100-000,417-0100,"41.0: Grants, subsidies, and contributions",0001: PROMOTION OF THE ARTS,GHEAHBJNUNV6,,"LAKE GEORGE OPERA FESTIVAL ASSOCIATION, INC.",LAKE GEORGE OPERA FESTIVAL ASSOCIATION  INC.,,,,,USA,UNITED STATES,19 ROOSEVELT DR STE 215,,65255,SARATOGA SPRINGS,36091,SARATOGA,36,NY,NEW YORK,12866,6209,NY-20,NY-20,,,,STATE-WIDE,USA,UNITED STATES,NY*****,,,,36,NEW YORK,,NY-20,,,45.024,PROMOTION OF THE ARTS GRANTS TO ORGANIZATIONS AND INDIVIDUALS,,,04,PROJECT GRANT (B),,,,,PURPOSE: TO SUPPORT PERSONNEL EXPENSES IN RESPONSE TO AND RECOVERY FROM THE COVID-19 PANDEMIC.,PURPOSE: TO SUPPORT PERSONNEL EXPENSES IN RESPONSE TO AND RECOVERY FROM THE COVID-19 PANDEMIC.,NON,NOT RECOVERY ACT,M,NONPROFIT WITH 501C3 IRS STATUS (OTHER THAN AN INSTITUTION OF HIGHER EDUCATION),,,A1,New Award,2,NON-AGGREGATE RECORD,,,,,,,,,,,https://www.usaspending.gov/award/ASST_NON_1899261-66-22_417/,2022-04-27 15:31:29.01266+00,2022-04-27 15:31:29.01266+00,recipient county outside NYC
5920_1899712-66-22_-NONE-_45.024_-NONE-,ASST_NON_1899712-66-22_417,1899712-66-22,,,SAI EXEMPT,100000.00,100000.00,100000.00,0.00,0.00,0.00,0.00,0.00,0.00,0.00,100000.00,V: Non-emergency P.L. 117-2,100000.00,100000.00,,,2022-03-11,2022,2022-01-01,2022-12-31,417,National Endowment for the Arts,5920,National Endowment for the Arts,593105,NATIONAL ENDOWMENT FOR THE ARTS,417,National Endowment for the Arts,5920,National Endowment for the Arts,593105,NATIONAL ENDOWMENT FOR THE ARTS,417-X-0100-000,417-0100,"41.0: Grants, subsidies, and contributions",0001: PROMOTION OF THE ARTS,N39HJJWYP5E1,969572507,PHOENICIA FESTIVAL OF THE VOICE FOUNDATION,PHOENICIA FESTIVAL OF THE VOICE FOUNDATION,,,,,USA,UNITED STATES,90 MAIN ST,,57650,PHOENICIA,36111,ULSTER,36,NY,NEW YORK,12464,5033,NY-19,NY-19,,,,STATE-WIDE,USA,UNITED STATES,NY*****,,,,36,NEW YORK,,NY-19,,,45.024,PROMOTION OF THE ARTS GRANTS TO ORGANIZATIONS AND INDIVIDUALS,,,04,PROJECT GRANT (B),,,,,PURPOSE: TO SUPPORT PERSONNEL EXPENSES IN RESPONSE TO AND RECOVERY FROM THE COVID-19 PANDEMIC.,PURPOSE: TO SUPPORT PERSONNEL EXPENSES IN RESPONSE TO AND RECOVERY FROM THE COVID-19 PANDEMIC.,NON,NOT RECOVERY ACT,M,NONPROFIT WITH 501C3 IRS STATUS (OTHER THAN AN INSTITUTION OF HIGHER EDUCATION),,,A1,New Award,2,NON-AGGREGATE RECORD,,,,,,,,,,,https://www.usaspending.gov/award/ASST_NON_1899712-66-22_417/,2022-03-14 16:05:42.623762+00,2022-03-14 16:05:42.623762+00,recipient county outside NYC
5920_1899944-66-22_-NONE-_45.024_-NONE-,ASST_NON_1899944-66-22_417,1899944-66-22,,,SAI EXEMPT,150000.00,134245.47,134245.47,0.00,0.00,0.00,0.00,0.00,0.00,0.00,150000.00,V: Non-emergency P.L. 117-2,134245.47,134245.47,,,2022-04-05,2022,2022-01-01,2022-12-31,417,National Endowment for the Arts,5920,National Endowment for the Arts,593105,NATIONAL ENDOWMENT FOR THE ARTS,417,National Endowment for the Arts,5920,National Endowment for the Arts,593105,NATIONAL ENDOWMENT FOR THE ARTS,417-X-0100-000,417-0100,"41.0: Grants, subsidies, and contributions",0001: PROMOTION OF THE ARTS,NP8CJMPNLNS7,,SENECA NATION OF INDIANS,SENECA NATION OF INDIANS,NP8CJMPNLNS7,,SENECA NATION OF INDIANS,SENECA NATION OF INDIANS,USA,UNITED STATES,90 OHIYO WAY,,64749,SALAMANCA,36009,CATTARAUGUS,36,NY,NEW YORK,14779,,NY-23,NY-23,,,,STATE-WIDE,USA,UNITED STATES,NY*****,,,,36,NEW YORK,,NY-23,,,45.024,PROMOTION OF THE ARTS GRANTS TO ORGANIZATIONS AND INDIVIDUALS,,,04,PROJECT GRANT (B),,,,,PURPOSE: TO SUPPORT PERSONNEL EXPENSES IN RESPONSE TO AND RECOVERY FROM THE COVID-19 PANDEMIC.,PURPOSE: TO SUPPORT PERSONNEL EXPENSES IN RESPONSE TO AND RECOVERY FROM THE COVID-19 PANDEMIC.,NON,NOT RECOVERY ACT,I,INDIAN/NATIVE AMERICAN TRIBAL GOVERNMENT (FEDERALLY-RECOGNIZED),,,A1,New Award,2,NON-AGGREGATE RECORD,,,,,,,,,,,https://www.usaspending.gov/award/ASST_NON_1899944-66-22_417/,2022-04-12 17:23:17.289606+00,2022-04-12 17:23:17.289606+00,recipient county outside NYC
5920_1899944-66-22_-NONE-_45.024_1,ASST_NON_1899944-66-22_417,1899944-66-22,1,,SAI EXEMPT,0.00,134245.47,134245.47,0.00,0.00,0.00,0.00,0.00,0.00,0.00,0.00,V: Non-emergency P.L. 117-2,134245.47,134245.47,,,2022-04-05,2022,2022-01-01,2023-12-31,417,National Endowment for the Arts,5920,National Endowment for the Arts,593105,NATIONAL ENDOWMENT FOR THE ARTS,417,National Endowment for the Arts,5920,National Endowment for the Arts,593105,NATIONAL ENDOWMENT FOR THE ARTS,417-X-0100-000,417-0100,"41.0: Grants, subsidies, and contributions",0001: PROMOTION OF THE ARTS,NP8CJMPNLNS7,,SENECA NATION OF INDIANS,SENECA NATION OF INDIANS,KSZGPKG7WLA3,,,,USA,UNITED STATES,90 OHIYO WAY,,64749,SALAMANCA,36009,CATTARAUGUS,36,NY,NEW YORK,14779,,NY-23,NY-23,,,,STATE-WIDE,USA,UNITED STATES,NY*****,,,,36,NEW YORK,,NY-23,,,45.024,PROMOTION OF THE ARTS GRANTS TO ORGANIZATIONS AND INDIVIDUALS,,,04,PROJECT GRANT (B),,,,,PURPOSE: TO SUPPORT PERSONNEL EXPENSES IN RESPONSE TO AND RECOVERY FROM THE COVID-19 PANDEMIC.,PURPOSE: TO SUPPORT PERSONNEL EXPENSES IN RESPONSE TO AND RECOVERY FROM THE COVID-19 PANDEMIC.,NON,NOT RECOVERY ACT,I,INDIAN/NATIVE AMERICAN TRIBAL GOVERNMENT (FEDERALLY-RECOGNIZED),,,A1,New Award,2,NON-AGGREGATE RECORD,,,,,,,,,,,https://www.usaspending.gov/award/ASST_NON_1899944-66-22_417/,2022-12-19 17:47:06.699479+00,2022-12-19 17:47:06.699479+00,recipient county outside NYC
5920_1899944-66-22_-NONE-_45.024_2,ASST_NON_1899944-66-22_417,1899944-66-22,2,,SAI EXEMPT,0.00,134245.47,134245.47,0.00,0.00,0.00,0.00,0.00,0.00,0.00,0.00,V: Non-emergency P.L. 117-2,134245.47,134245.47,,,2022-04-05,2022,2022-01-01,2024-09-30,417,National Endowment for the Arts,5920,National Endowment for the Arts,593105,NATIONAL ENDOWMENT FOR THE ARTS,417,National Endowment for the Arts,5920,National Endowment for the Arts,593105,NATIONAL ENDOWMENT FOR THE ARTS,417-X-0100-000,417-0100,"41.0: Grants, subsidies, and contributions",0001: PROMOTION OF THE ARTS,NP8CJMPNLNS7,,SENECA NATION OF INDIANS,SENECA NATION OF INDIANS,KSZGPKG7WLA3,,,,USA,UNITED STATES,90 OHIYO WAY,,64749,SALAMANCA,36009,CATTARAUGUS,36,NY,NEW YORK,14779,,NY-23,NY-23,,,,STATE-WIDE,USA,UNITED STATES,NY*****,,,,36,NEW YORK,,NY-23,,,45.024,PROMOTION OF THE ARTS GRANTS TO ORGANIZATIONS AND INDIVIDUALS,2021NEA01ARP60AL,,04,PROJECT GRANT (B),,,,,PURPOSE: TO SUPPORT PERSONNEL EXPENSES IN RESPONSE TO AND RECOVERY FROM THE COVID-19 PANDEMIC.,PURPOSE: TO SUPPORT PERSONNEL EXPENSES IN RESPONSE TO AND RECOVERY FROM THE COVID-19 PANDEMIC.,NON,NOT RECOVERY ACT,I,INDIAN/NATIVE AMERICAN TRIBAL GOVERNMENT (FEDERALLY-RECOGNIZED),,,A1,New Award,2,NON-AGGREGATE RECORD,,,,,,,,,,,https://www.usaspending.gov/award/ASST_NON_1899944-66-22_417/,2024-02-08 15:16:04.851804+00,2024-02-08 15:16:04.851804+00,recipient county outside NYC
5920_1899944-66-22_-NONE-_45.024_3,ASST_NON_1899944-66-22_417,1899944-66-22,3,,SAI EXEMPT,0.00,134245.47,134245.47,0.00,0.00,0.00,0.00,0.00,0.00,0.00,0.00,V: Non-emergency P.L. 117-2,134245.47,134245.47,,,2022-04-05,2022,2022-01-01,2024-12-31,417,National Endowment for the Arts,5920,National Endowment for the Arts,593105,NATIONAL ENDOWMENT FOR THE ARTS,417,National Endowment for the Arts,5920,National Endowment for the Arts,593105,NATIONAL ENDOWMENT FOR THE ARTS,417-X-0100-000,417-0100,"41.0: Grants, subsidies, and contributions",0001: PROMOTION OF THE ARTS,NP8CJMPNLNS7,,SENECA NATION OF INDIANS,SENECA NATION OF INDIANS,KSZGPKG7WLA3,,,,USA,UNITED STATES,90 OHIYO WAY,,64749,SALAMANCA,36009,CATTARAUGUS,36,NY,NEW YORK,14779,0007,NY-23,NY-23,,,,STATE-WIDE,USA,UNITED STATES,NY*****,,,,36,NEW YORK,,NY-23,,,45.024,PROMOTION OF THE ARTS GRANTS TO ORGANIZATIONS AND INDIVIDUALS,2021NEA01ARP60AL,,04,PROJECT GRANT (B),,,,,PURPOSE: TO SUPPORT PERSONNEL EXPENSES IN RESPONSE TO AND RECOVERY FROM THE COVID-19 PANDEMIC.,PURPOSE: TO SUPPORT PERSONNEL EXPENSES IN RESPONSE TO AND RECOVERY FROM THE COVID-19 PANDEMIC.,NON,NOT RECOVERY ACT,I,INDIAN/NATIVE AMERICAN TRIBAL GOVERNMENT (FEDERALLY-RECOGNIZED),,,A1,New Award,2,NON-AGGREGATE RECORD,,,,,,,,,,,https://www.usaspending.gov/award/ASST_NON_1899944-66-22_417/,2024-09-25 15:03:38.491671+00,2024-09-25 15:03:38.491671+00,recipient county outside NYC
5920_1899944-66-22_-NONE-_45.024_4,ASST_NON_1899944-66-22_417,1899944-66-22,4,,SAI EXEMPT,0.00,134245.47,134245.47,0.00,0.00,0.00,0.00,0.00,0.00,0.00,0.00,V: Non-emergency P.L. 117-2,134245.47,134245.47,,,2022-04-05,2022,2022-01-01,2025-06-30,417,National Endowment for the Arts,5920,National Endowment for the Arts,593105,NATIONAL ENDOWMENT FOR THE ARTS,417,National Endowment for the Arts,5920,National Endowment for the Arts,593105,NATIONAL ENDOWMENT FOR THE ARTS,417-X-0100-000,417-0100,"41.0: Grants, subsidies, and contributions",0001: PROMOTION OF THE ARTS,NP8CJMPNLNS7,,SENECA NATION OF INDIANS,SENECA NATION OF INDIANS,KSZGPKG7WLA3,,,,USA,UNITED STATES,90 OHIYO WAY,,64749,SALAMANCA,36009,CATTARAUGUS,36,NY,NEW YORK,14779,0007,NY-23,NY-23,,,,STATE-WIDE,USA,UNITED STATES,NY*****,,,,36,NEW YORK,,NY-23,,,45.024,PROMOTION OF THE ARTS GRANTS TO ORGANIZATIONS AND INDIVIDUALS,2021NEA01ARP60AL,TO SUPPORT PERSONNEL EXPENSES IN RESPONSE TO AND RECOVERY FROM THE COVID-19 PANDEMIC.,04,PROJECT GRANT (B),,,,,PURPOSE: TO SUPPORT PERSONNEL EXPENSES IN RESPONSE TO AND RECOVERY FROM THE COVID-19 PANDEMIC.,PURPOSE: TO SUPPORT PERSONNEL EXPENSES IN RESPONSE TO AND RECOVERY FROM THE COVID-19 PANDEMIC.,NON,NOT RECOVERY ACT,I,INDIAN/NATIVE AMERICAN TRIBAL GOVERNMENT (FEDERALLY-RECOGNIZED),,,A1,New Award,2,NON-AGGREGATE RECORD,,,,,,,,,,,https://www.usaspending.gov/award/ASST_NON_1899944-66-22_417/,2025-02-03 19:54:39.47619+00,2025-02-03 19:54:39.47619+00,recipient county outside NYC
5920_1899993-66-22_-NONE-_45.024_-NONE-,ASST_NON_1899993-66-22_417,1899993-66-22,,,SAI EXEMPT,50000.00,50000.00,50000.00,0.00,0.00,0.00,0.00,0.00,0.00,0.00,50000.00,V: Non-emergency P.L. 117-2,50000.00,50000.00,,,2022-04-06,2022,2022-01-01,2022-12-31,417,National Endowment for the Arts,5920,National Endowment for the Arts,593105,NATIONAL ENDOWMENT FOR THE ARTS,417,National Endowment for the Arts,5920,National Endowment for the Arts,593105,NATIONAL ENDOWMENT FOR THE ARTS,417-X-0100-000,417-0100,"41.0: Grants, subsidies, and contributions",0001: PROMOTION OF THE ARTS,ZAGGA45PJ848,,TRADITIONAL ARTS IN UPSTATE NEW YORK INC,TRADITIONAL ARTS IN UPSTATE NEW YORK  INC.,,,,,USA,UNITED STATES,53 MAIN ST,,12331,CANTON,36089,ST. LAWRENCE,36,NY,NEW YORK,13617,1217,NY-21,NY-21,,,,STATE-WIDE,USA,UNITED STATES,NY*****,,,,36,NEW YORK,,NY-21,,,45.024,PROMOTION OF THE ARTS GRANTS TO ORGANIZATIONS AND INDIVIDUALS,,,04,PROJECT GRANT (B),,,,,PURPOSE: TO SUPPORT PERSONNEL AND FACILITIES EXPENSES IN RESPONSE TO AND RECOVERY FROM THE COVID-19 PANDEMIC.,PURPOSE: TO SUPPORT PERSONNEL AND FACILITIES EXPENSES IN RESPONSE TO AND RECOVERY FROM THE COVID-19 PANDEMIC.,NON,NOT RECOVERY ACT,M,NONPROFIT WITH 501C3 IRS STATUS (OTHER THAN AN INSTITUTION OF HIGHER EDUCATION),,,A1,New Award,2,NON-AGGREGATE RECORD,,,,,,,,,,,https://www.usaspending.gov/award/ASST_NON_1899993-66-22_417/,2022-04-12 17:23:17.289606+00,2022-04-12 17:23:17.289606+00,recipient county outside NYC
5920_1899993-66-22_-NONE-_45.024_1,ASST_NON_1899993-66-22_417,1899993-66-22,1,,SAI EXEMPT,0.00,50000.00,50000.00,0.00,0.00,0.00,0.00,0.00,0.00,0.00,0.00,V: Non-emergency P.L. 117-2,50000.00,50000.00,,,2022-04-06,2022,2022-01-01,2023-07-31,417,National Endowment for the Arts,5920,National Endowment for the Arts,593105,NATIONAL ENDOWMENT FOR THE ARTS,417,National Endowment for the Arts,5920,National Endowment for the Arts,593105,NATIONAL ENDOWMENT FOR THE ARTS,417-X-0100-000,417-0100,"41.0: Grants, subsidies, and contributions",0001: PROMOTION OF THE ARTS,ZAGGA45PJ848,,TRADITIONAL ARTS IN UPSTATE NEW YORK INC,"TRADITIONAL ARTS IN UPSTATE NEW YORK, INC.",,,,,USA,UNITED STATES,53 MAIN ST,,12331,CANTON,36089,ST. LAWRENCE,36,NY,NEW YORK,13617,1217,NY-21,NY-21,,,,STATE-WIDE,USA,UNITED STATES,NY*****,,,,36,NEW YORK,,NY-21,,,45.024,PROMOTION OF THE ARTS GRANTS TO ORGANIZATIONS AND INDIVIDUALS,,,04,PROJECT GRANT (B),,,,,PURPOSE: TO SUPPORT PERSONNEL AND FACILITIES EXPENSES IN RESPONSE TO AND RECOVERY FROM THE COVID-19 PANDEMIC.,PURPOSE: TO SUPPORT PERSONNEL AND FACILITIES EXPENSES IN RESPONSE TO AND RECOVERY FROM THE COVID-19 PANDEMIC.,NON,NOT RECOVERY ACT,M,NONPROFIT WITH 501C3 IRS STATUS (OTHER THAN AN INSTITUTION OF HIGHER EDUCATION),,,A1,New Award,2,NON-AGGREGATE RECORD,,,,,,,,,,,https://www.usaspending.gov/award/ASST_NON_1899993-66-22_417/,2022-12-19 17:47:06.699479+00,2022-12-19 17:47:06.699479+00,recipient county outside NYC
5920_1901132-66-22_-NONE-_45.024_-NONE-,ASST_NON_1901132-66-22_417,1901132-66-22,,,SAI EXEMPT,50000.00,50000.00,50000.00,0.00,0.00,0.00,0.00,0.00,0.00,0.00,50000.00,V: Non-emergency P.L. 117-2,50000.00,50000.00,,,2022-03-22,2022,2022-01-01,2022-12-31,417,National Endowment for the Arts,5920,National Endowment for the Arts,593105,NATIONAL ENDOWMENT FOR THE ARTS,417,National Endowment for the Arts,5920,National Endowment for the Arts,593105,NATIONAL ENDOWMENT FOR THE ARTS,417-X-0100-000,417-0100,"41.0: Grants, subsidies, and contributions",0001: PROMOTION OF THE ARTS,SDGRBDX91JH1,130327117,"WOMEN'S STUDIO WORKSHOP, INC.",WOMENS STUDIO WORKSHOP  INC.,,,,,USA,UNITED STATES,722 BINNEWATER LN,,39727,KINGSTON,36111,ULSTER,36,NY,NEW YORK,12401,8420,NY-19,NY-19,,,,STATE-WIDE,USA,UNITED STATES,NY*****,,,,36,NEW YORK,,NY-19,,,45.024,PROMOTION OF THE ARTS GRANTS TO ORGANIZATIONS AND INDIVIDUALS,,,04,PROJECT GRANT (B),,,,,PURPOSE: TO SUPPORT PERSONNEL AND FACILITIES EXPENSES IN RESPONSE TO AND RECOVERY FROM THE COVID-19 PANDEMIC.,PURPOSE: TO SUPPORT PERSONNEL AND FACILITIES EXPENSES IN RESPONSE TO AND RECOVERY FROM THE COVID-19 PANDEMIC.,NON,NOT RECOVERY ACT,M,NONPROFIT WITH 501C3 IRS STATUS (OTHER THAN AN INSTITUTION OF HIGHER EDUCATION),,,A1,New Award,2,NON-AGGREGATE RECORD,,,,,,,,,,,https://www.usaspending.gov/award/ASST_NON_1901132-66-22_417/,2022-03-24 13:23:44.895784+00,2022-03-24 13:23:44.895784+00,recipient county outside NYC
5920_1901523-66-22_-NONE-_45.024_-NONE-,ASST_NON_1901523-66-22_417,1901523-66-22,,,SAI EXEMPT,150000.00,150000.00,150000.00,0.00,0.00,0.00,0.00,0.00,0.00,0.00,150000.00,V: Non-emergency P.L. 117-2,150000.00,150000.00,,,2022-03-22,2022,2022-01-01,2023-12-31,417,National Endowment for the Arts,5920,National Endowment for the Arts,593105,NATIONAL ENDOWMENT FOR THE ARTS,417,National Endowment for the Arts,5920,National Endowment for the Arts,593105,NATIONAL ENDOWMENT FOR THE ARTS,417-X-0100-000,417-0100,"41.0: Grants, subsidies, and contributions",0001: PROMOTION OF THE ARTS,NMMRRXJHUN69,804454692,HUDSON VALLEY SHAKESPEARE FESTIVAL INC.,HUDSON VALLEY SHAKESPEARE FESTIVAL,,,,,USA,UNITED STATES,143 MAIN ST,,16914,COLD SPRING,36079,PUTNAM,36,NY,NEW YORK,10516,2813,NY-18,NY-17,,,,STATE-WIDE,USA,UNITED STATES,NY*****,,,,36,NEW YORK,,NY-18,,,45.024,PROMOTION OF THE ARTS GRANTS TO ORGANIZATIONS AND INDIVIDUALS,,,04,PROJECT GRANT (B),,,,,PURPOSE: TO SUPPORT PERSONNEL EXPENSES IN RESPONSE TO AND RECOVERY FROM THE COVID-19 PANDEMIC.,PURPOSE: TO SUPPORT PERSONNEL EXPENSES IN RESPONSE TO AND RECOVERY FROM THE COVID-19 PANDEMIC.,NON,NOT RECOVERY ACT,M,NONPROFIT WITH 501C3 IRS STATUS (OTHER THAN AN INSTITUTION OF HIGHER EDUCATION),,,A1,New Award,2,NON-AGGREGATE RECORD,,,,,,,,,,,https://www.usaspending.gov/award/ASST_NON_1901523-66-22_417/,2022-03-24 13:23:44.895784+00,2022-03-24 13:23:44.895784+00,recipient county outside NYC
5920_1901774-66-22_-NONE-_45.024_-NONE-,ASST_NON_1901774-66-22_417,1901774-66-22,,,SAI EXEMPT,150000.00,150000.00,150000.00,0.00,0.00,0.00,0.00,0.00,0.00,0.00,150000.00,V: Non-emergency P.L. 117-2,150000.00,150000.00,,,2022-02-22,2022,2022-01-01,2023-12-31,417,National Endowment for the Arts,5920,National Endowment for the Arts,593105,NATIONAL ENDOWMENT FOR THE ARTS,417,National Endowment for the Arts,5920,National Endowment for the Arts,593105,NATIONAL ENDOWMENT FOR THE ARTS,417-X-0100-000,417-0100,"41.0: Grants, subsidies, and contributions",0001: PROMOTION OF THE ARTS,YYNAC1GN4P35,073698268,"ROCHESTER PHILHARMONIC ORCHESTRA, INC.",ROCHESTER PHILHARMONIC ORCHESTRA  INC.,,,,,USA,UNITED STATES,255 EAST AVE BSMT 2,,63000,ROCHESTER,36055,MONROE,36,NY,NEW YORK,14604,2626,NY-25,NY-25,,,,STATE-WIDE,USA,UNITED STATES,NY*****,,,,36,NEW YORK,,NY-25,,,45.024,PROMOTION OF THE ARTS GRANTS TO ORGANIZATIONS AND INDIVIDUALS,,,04,PROJECT GRANT (B),,,,,PURPOSE: TO SUPPORT PERSONNEL AND FACILITIES EXPENSES IN RESPONSE TO AND RECOVERY FROM THE COVID-19 PANDEMIC.,PURPOSE: TO SUPPORT PERSONNEL AND FACILITIES EXPENSES IN RESPONSE TO AND RECOVERY FROM THE COVID-19 PANDEMIC.,NON,NOT RECOVERY ACT,M,NONPROFIT WITH 501C3 IRS STATUS (OTHER THAN AN INSTITUTION OF HIGHER EDUCATION),,,A1,New Award,2,NON-AGGREGATE RECORD,,,,,,,,,,,https://www.usaspending.gov/award/ASST_NON_1901774-66-22_417/,2022-02-23 17:45:25.065667+00,2022-02-23 17:45:25.065667+00,recipient county outside NYC
5920_1901945-66-22_-NONE-_45.024_-NONE-,ASST_NON_1901945-66-22_417,1901945-66-22,,,SAI EXEMPT,50000.00,50000.00,50000.00,0.00,0.00,0.00,0.00,0.00,0.00,0.00,50000.00,V: Non-emergency P.L. 117-2,50000.00,50000.00,,,2022-04-06,2022,2022-01-01,2023-12-31,417,National Endowment for the Arts,5920,National Endowment for the Arts,593105,NATIONAL ENDOWMENT FOR THE ARTS,417,National Endowment for the Arts,5920,National Endowment for the Arts,593105,NATIONAL ENDOWMENT FOR THE ARTS,417-X-0100-000,417-0100,"41.0: Grants, subsidies, and contributions",0001: PROMOTION OF THE ARTS,MXBXN6FHM1L8,,BUFFALO MEDIA RESOURCES INC,BUFFALO MEDIA RESOURCES  INC.,,,,,USA,UNITED STATES,617 MAIN ST,,11000,BUFFALO,36029,ERIE,36,NY,NEW YORK,14203,1419,NY-26,NY-26,,,,STATE-WIDE,USA,UNITED STATES,NY*****,,,,36,NEW YORK,,NY-26,,,45.024,PROMOTION OF THE ARTS GRANTS TO ORGANIZATIONS AND INDIVIDUALS,,,04,PROJECT GRANT (B),,,,,PURPOSE: TO SUPPORT PERSONNEL EXPENSES IN RESPONSE TO AND RECOVERY FROM THE COVID-19 PANDEMIC.,PURPOSE: TO SUPPORT PERSONNEL EXPENSES IN RESPONSE TO AND RECOVERY FROM THE COVID-19 PANDEMIC.,NON,NOT RECOVERY ACT,M,NONPROFIT WITH 501C3 IRS STATUS (OTHER THAN AN INSTITUTION OF HIGHER EDUCATION),,,A1,New Award,2,NON-AGGREGATE RECORD,,,,,,,,,,,https://www.usaspending.gov/award/ASST_NON_1901945-66-22_417/,2022-04-12 17:23:17.289606+00,2022-04-12 17:23:17.289606+00,recipient county outside NYC
5920_1902970-66-22_-NONE-_45.024_-NONE-,ASST_NON_1902970-66-22_417,1902970-66-22,,,SAI EXEMPT,50000.00,50000.00,50000.00,0.00,0.00,0.00,0.00,0.00,0.00,0.00,50000.00,V: Non-emergency P.L. 117-2,50000.00,50000.00,,,2022-03-23,2022,2022-01-01,2022-12-31,417,National Endowment for the Arts,5920,National Endowment for the Arts,593105,NATIONAL ENDOWMENT FOR THE ARTS,417,National Endowment for the Arts,5920,National Endowment for the Arts,593105,NATIONAL ENDOWMENT FOR THE ARTS,417-X-0100-000,417-0100,"41.0: Grants, subsidies, and contributions",0001: PROMOTION OF THE ARTS,ESSYSKL4TCN9,044775265,CHILDRENS MUSEUM OF EAST END,CHILDRENS MUSEUM OF THE EAST END,,,,,USA,UNITED STATES,376 BRIDGEHAMPTON TURNPIKE,,08136,BRIDGEHAMPTON,36103,SUFFOLK,36,NY,NEW YORK,11932,,NY-01,NY-01,,,,STATE-WIDE,USA,UNITED STATES,NY*****,,,,36,NEW YORK,,NY-01,,,45.024,PROMOTION OF THE ARTS GRANTS TO ORGANIZATIONS AND INDIVIDUALS,,,04,PROJECT GRANT (B),,,,,PURPOSE: TO SUPPORT PERSONNEL &NBSP;SAFETY SUPPLIES  AND MARKETING EXPENSES IN RESPONSE TO AND RECOVERY FROM THE COVID-19 PANDEMIC.,PURPOSE: TO SUPPORT PERSONNEL &NBSP;SAFETY SUPPLIES  AND MARKETING EXPENSES IN RESPONSE TO AND RECOVERY FROM THE COVID-19 PANDEMIC.,NON,NOT RECOVERY ACT,M,NONPROFIT WITH 501C3 IRS STATUS (OTHER THAN AN INSTITUTION OF HIGHER EDUCATION),,,A1,New Award,2,NON-AGGREGATE RECORD,,,,,,,,,,,https://www.usaspending.gov/award/ASST_NON_1902970-66-22_417/,2022-03-24 13:23:44.895784+00,2022-03-24 13:23:44.895784+00,recipient county outside NYC
5920_1903756-61-22_-NONE-_45.025_-NONE-,ASST_NON_1903756-61-22_417,1903756-61-22,,,SAI EXEMPT,11100.00,955130.00,955130.00,0.00,0.00,0.00,0.00,0.00,0.00,0.00,11100.00,Q: Not Designated Nonemergency/Emergency/Disaster/Wildfire Suppression,,,,,2022-06-27,2022,2022-07-01,2024-09-30,417,National Endowment for the Arts,5920,National Endowment for the Arts,593105,NATIONAL ENDOWMENT FOR THE ARTS,417,National Endowment for the Arts,5920,National Endowment for the Arts,593105,NATIONAL ENDOWMENT FOR THE ARTS,417-X-0100-000,417-0100,"41.0: Grants, subsidies, and contributions",0001: PROMOTION OF THE ARTS,QCK4L4K7G3F3,,NEW YORK STATE COUNCIL ON THE ARTS,NEW YORK STATE COUNCIL ON THE ARTS,DKBAJQ45GQS8,,STATE OF NEW YORK,STATE OF NEW YORK,USA,UNITED STATES,300 PARK AVE S 10TH FL,,51000,NEW YORK,36061,NEW YORK,36,NY,NEW YORK,10010,5393,NY-12,NY-12,,,,STATE-WIDE,USA,UNITED STATES,NY*****,,,,36,NEW YORK,,NY-12,,,45.025,PROMOTION OF THE ARTS PARTNERSHIP AGREEMENTS,,,04,PROJECT GRANT (B),,,,,PURPOSE: TO SUPPORT ARTS PROGRAMS  SERVICES  AND ACTIVITIES ASSOCIATED WITH CARRYING OUT THE AGENCY’S NATIONAL ENDOWMENT FOR THE ARTS-APPROVED STRATEGIC PLAN.,PURPOSE: TO SUPPORT ARTS PROGRAMS  SERVICES  AND ACTIVITIES ASSOCIATED WITH CARRYING OUT THE AGENCY’S NATIONAL ENDOWMENT FOR THE ARTS-APPROVED STRATEGIC PLAN.,NON,NOT RECOVERY ACT,A,STATE GOVERNMENT,,,A1,New Award,2,NON-AGGREGATE RECORD,,,,,,,,,,,https://www.usaspending.gov/award/ASST_NON_1903756-61-22_417/,2022-06-27 19:04:01.967142+00,2022-06-27 19:04:01.967142+00,not listing 45.024
5920_1903756-61-22_-NONE-_45.025_1.1,ASST_NON_1903756-61-22_417,1903756-61-22,1.1,,SAI EXEMPT,123100.00,955130.00,955130.00,0.00,0.00,0.00,0.00,0.00,0.00,0.00,123100.00,Q: Not Designated Nonemergency/Emergency/Disaster/Wildfire Suppression,,,,,2022-06-27,2022,2022-07-01,2024-09-30,417,National Endowment for the Arts,5920,National Endowment for the Arts,593105,NATIONAL ENDOWMENT FOR THE ARTS,417,National Endowment for the Arts,5920,National Endowment for the Arts,593105,NATIONAL ENDOWMENT FOR THE ARTS,417-X-0100-000,417-0100,"41.0: Grants, subsidies, and contributions",0001: PROMOTION OF THE ARTS,QCK4L4K7G3F3,,NEW YORK STATE COUNCIL ON THE ARTS,NEW YORK STATE COUNCIL ON THE ARTS,DKBAJQ45GQS8,,STATE OF NEW YORK,STATE OF NEW YORK,USA,UNITED STATES,300 PARK AVE S 10TH FL,,51000,NEW YORK,36061,NEW YORK,36,NY,NEW YORK,10010,5393,NY-12,NY-12,,,,STATE-WIDE,USA,UNITED STATES,NY*****,,,,36,NEW YORK,,NY-12,,,45.025,PROMOTION OF THE ARTS PARTNERSHIP AGREEMENTS,,,04,PROJECT GRANT (B),,,,,PURPOSE: TO SUPPORT ARTS PROGRAMS  SERVICES  AND ACTIVITIES ASSOCIATED WITH CARRYING OUT THE AGENCY’S NATIONAL ENDOWMENT FOR THE ARTS-APPROVED STRATEGIC PLAN.,PURPOSE: TO SUPPORT ARTS PROGRAMS  SERVICES  AND ACTIVITIES ASSOCIATED WITH CARRYING OUT THE AGENCY’S NATIONAL ENDOWMENT FOR THE ARTS-APPROVED STRATEGIC PLAN.,NON,NOT RECOVERY ACT,A,STATE GOVERNMENT,,,A1,New Award,2,NON-AGGREGATE RECORD,,,,,,,,,,,https://www.usaspending.gov/award/ASST_NON_1903756-61-22_417/,2022-06-27 19:04:01.967142+00,2022-06-27 19:04:01.967142+00,not listing 45.024
5920_1903756-61-22_-NONE-_45.025_1.2,ASST_NON_1903756-61-22_417,1903756-61-22,1.2,,SAI EXEMPT,20000.00,955130.00,955130.00,0.00,0.00,0.00,0.00,0.00,0.00,0.00,20000.00,Q: Not Designated Nonemergency/Emergency/Disaster/Wildfire Suppression,,,,,2022-06-27,2022,2022-07-01,2024-09-30,417,National Endowment for the Arts,5920,National Endowment for the Arts,593105,NATIONAL ENDOWMENT FOR THE ARTS,417,National Endowment for the Arts,5920,National Endowment for the Arts,593105,NATIONAL ENDOWMENT FOR THE ARTS,417-X-0100-000,417-0100,"41.0: Grants, subsidies, and contributions",0001: PROMOTION OF THE ARTS,QCK4L4K7G3F3,,NEW YORK STATE COUNCIL ON THE ARTS,NEW YORK STATE COUNCIL ON THE ARTS,DKBAJQ45GQS8,,STATE OF NEW YORK,STATE OF NEW YORK,USA,UNITED STATES,300 PARK AVE S 10TH FL,,51000,NEW YORK,36061,NEW YORK,36,NY,NEW YORK,10010,5393,NY-12,NY-12,,,,STATE-WIDE,USA,UNITED STATES,NY*****,,,,36,NEW YORK,,NY-12,,,45.025,PROMOTION OF THE ARTS PARTNERSHIP AGREEMENTS,,,04,PROJECT GRANT (B),,,,,PURPOSE: TO SUPPORT ARTS PROGRAMS  SERVICES  AND ACTIVITIES ASSOCIATED WITH CARRYING OUT THE AGENCY’S NATIONAL ENDOWMENT FOR THE ARTS-APPROVED STRATEGIC PLAN.,PURPOSE: TO SUPPORT ARTS PROGRAMS  SERVICES  AND ACTIVITIES ASSOCIATED WITH CARRYING OUT THE AGENCY’S NATIONAL ENDOWMENT FOR THE ARTS-APPROVED STRATEGIC PLAN.,NON,NOT RECOVERY ACT,A,STATE GOVERNMENT,,,A1,New Award,2,NON-AGGREGATE RECORD,,,,,,,,,,,https://www.usaspending.gov/award/ASST_NON_1903756-61-22_417/,2022-06-27 19:04:01.967142+00,2022-06-27 19:04:01.967142+00,not listing 45.024
5920_1903756-61-22_-NONE-_45.025_1.3,ASST_NON_1903756-61-22_417,1903756-61-22,1.3,,SAI EXEMPT,55000.00,955130.00,955130.00,0.00,0.00,0.00,0.00,0.00,0.00,0.00,55000.00,Q: Not Designated Nonemergency/Emergency/Disaster/Wildfire Suppression,,,,,2022-06-27,2022,2022-07-01,2024-09-30,417,National Endowment for the Arts,5920,National Endowment for the Arts,593105,NATIONAL ENDOWMENT FOR THE ARTS,417,National Endowment for the Arts,5920,National Endowment for the Arts,593105,NATIONAL ENDOWMENT FOR THE ARTS,417-X-0100-000,417-0100,"41.0: Grants, subsidies, and contributions",0001: PROMOTION OF THE ARTS,QCK4L4K7G3F3,,NEW YORK STATE COUNCIL ON THE ARTS,NEW YORK STATE COUNCIL ON THE ARTS,DKBAJQ45GQS8,,STATE OF NEW YORK,STATE OF NEW YORK,USA,UNITED STATES,300 PARK AVE S 10TH FL,,51000,NEW YORK,36061,NEW YORK,36,NY,NEW YORK,10010,5393,NY-12,NY-12,,,,STATE-WIDE,USA,UNITED STATES,NY*****,,,,36,NEW YORK,,NY-12,,,45.025,PROMOTION OF THE ARTS PARTNERSHIP AGREEMENTS,,,04,PROJECT GRANT (B),,,,,PURPOSE: TO SUPPORT ARTS PROGRAMS  SERVICES  AND ACTIVITIES ASSOCIATED WITH CARRYING OUT THE AGENCY’S NATIONAL ENDOWMENT FOR THE ARTS-APPROVED STRATEGIC PLAN.,PURPOSE: TO SUPPORT ARTS PROGRAMS  SERVICES  AND ACTIVITIES ASSOCIATED WITH CARRYING OUT THE AGENCY’S NATIONAL ENDOWMENT FOR THE ARTS-APPROVED STRATEGIC PLAN.,NON,NOT RECOVERY ACT,A,STATE GOVERNMENT,,,A1,New Award,2,NON-AGGREGATE RECORD,,,,,,,,,,,https://www.usaspending.gov/award/ASST_NON_1903756-61-22_417/,2022-06-27 19:04:01.967142+00,2022-06-27 19:04:01.967142+00,not listing 45.024
5920_1903756-61-22_-NONE-_45.025_1.4,ASST_NON_1903756-61-22_417,1903756-61-22,1.4,,SAI EXEMPT,745930.00,955130.00,955130.00,0.00,0.00,0.00,0.00,0.00,0.00,0.00,745930.00,Q: Not Designated Nonemergency/Emergency/Disaster/Wildfire Suppression,,,,,2022-06-27,2022,2022-07-01,2024-09-30,417,National Endowment for the Arts,5920,National Endowment for the Arts,593105,NATIONAL ENDOWMENT FOR THE ARTS,417,National Endowment for the Arts,5920,National Endowment for the Arts,593105,NATIONAL ENDOWMENT FOR THE ARTS,417-X-0100-000,417-0100,"41.0: Grants, subsidies, and contributions",0001: PROMOTION OF THE ARTS,QCK4L4K7G3F3,,NEW YORK STATE COUNCIL ON THE ARTS,NEW YORK STATE COUNCIL ON THE ARTS,DKBAJQ45GQS8,,STATE OF NEW YORK,STATE OF NEW YORK,USA,UNITED STATES,300 PARK AVE S 10TH FL,,51000,NEW YORK,36061,NEW YORK,36,NY,NEW YORK,10010,5393,NY-12,NY-12,,,,STATE-WIDE,USA,UNITED STATES,NY*****,,,,36,NEW YORK,,NY-12,,,45.025,PROMOTION OF THE ARTS PARTNERSHIP AGREEMENTS,,,04,PROJECT GRANT (B),,,,,PURPOSE: TO SUPPORT ARTS PROGRAMS  SERVICES  AND ACTIVITIES ASSOCIATED WITH CARRYING OUT THE AGENCY’S NATIONAL ENDOWMENT FOR THE ARTS-APPROVED STRATEGIC PLAN.,PURPOSE: TO SUPPORT ARTS PROGRAMS  SERVICES  AND ACTIVITIES ASSOCIATED WITH CARRYING OUT THE AGENCY’S NATIONAL ENDOWMENT FOR THE ARTS-APPROVED STRATEGIC PLAN.,NON,NOT RECOVERY ACT,A,STATE GOVERNMENT,,,A1,New Award,2,NON-AGGREGATE RECORD,,,,,,,,,,,https://www.usaspending.gov/award/ASST_NON_1903756-61-22_417/,2022-06-27 19:04:01.967142+00,2022-06-27 19:04:01.967142+00,not listing 45.024
5920_1903783-41-23_-NONE-_45.024_-NONE-,ASST_NON_1903783-41-23_417,1903783-41-23,,,SAI EXEMPT,25000.00,25000.00,25000.00,0.00,0.00,0.00,0.00,0.00,0.00,0.00,25000.00,Q: Not Designated Nonemergency/Emergency/Disaster/Wildfire Suppression,,,,,2023-03-09,2023,2023-07-01,2024-06-30,417,National Endowment for the Arts,5920,National Endowment for the Arts,593105,NATIONAL ENDOWMENT FOR THE ARTS,417,National Endowment for the Arts,5920,National Endowment for the Arts,593105,NATIONAL ENDOWMENT FOR THE ARTS,417-X-0100-000,417-0100,"41.0: Grants, subsidies, and contributions",0001: PROMOTION OF THE ARTS,GVGGMU5JLN15,,LIGHT WORK VISUAL STUDIES INC,LIGHT WORK VISUAL STUDIES  INC.,,,,,USA,UNITED STATES,316 WAVERLY AVE,,73000,SYRACUSE,36067,ONONDAGA,36,NY,NEW YORK,13210,2437,NY-22,NY-22,,,,STATE-WIDE,USA,UNITED STATES,NY*****,,,,36,NEW YORK,,NY-22,,,45.024,PROMOTION OF THE ARTS GRANTS TO ORGANIZATIONS AND INDIVIDUALS,,,04,PROJECT GRANT (B),,,,,PURPOSE: TO SUPPORT A RESIDENCY PROGRAM FOR ARTISTS WORKING IN PHOTOGRAPHY OR RELATED MEDIA.,PURPOSE: TO SUPPORT A RESIDENCY PROGRAM FOR ARTISTS WORKING IN PHOTOGRAPHY OR RELATED MEDIA.,NON,NOT RECOVERY ACT,M,NONPROFIT WITH 501C3 IRS STATUS (OTHER THAN AN INSTITUTION OF HIGHER EDUCATION),,,A1,New Award,2,NON-AGGREGATE RECORD,,,,,,,,,,,https://www.usaspending.gov/award/ASST_NON_1903783-41-23_417/,2023-03-28 19:49:59.814274+00,2023-03-28 19:49:59.814274+00,recipient county outside NYC
5920_1903861-28-23_-NONE-_45.024_-NONE-,ASST_NON_1903861-28-23_417,1903861-28-23,,,SAI EXEMPT,10000.00,10000.00,10000.00,0.00,0.00,0.00,0.00,0.00,0.00,0.00,10000.00,Q: Not Designated Nonemergency/Emergency/Disaster/Wildfire Suppression,,,,,2023-01-25,2023,2023-02-01,2023-11-30,417,National Endowment for the Arts,5920,National Endowment for the Arts,593105,NATIONAL ENDOWMENT FOR THE ARTS,417,National Endowment for the Arts,5920,National Endowment for the Arts,593105,NATIONAL ENDOWMENT FOR THE ARTS,417-X-0100-000,417-0100,"41.0: Grants, subsidies, and contributions",0001: PROMOTION OF THE ARTS,SQ9GFABNRPE9,,RANDOM FARMS KIDS THEATER INC,RANDOM FARMS KIDS THEATER INC.,SQ9GFABNRPE9,,RANDOM FARMS KIDS THEATER INC,,USA,UNITED STATES,77 EXECUTIVE BLVD,STE 130,24295,ELMSFORD,36119,WESTCHESTER,36,NY,NEW YORK,10523,1327,NY-16,NY-16,,,,STATE-WIDE,USA,UNITED STATES,NY*****,,,,36,NEW YORK,,NY-12,,,45.024,PROMOTION OF THE ARTS GRANTS TO ORGANIZATIONS AND INDIVIDUALS,,,04,PROJECT GRANT (B),,,,,PURPOSE: TO SUPPORT THE REGIONAL TOURING PRODUCTION OF #JUSTBEYOU  A MUSICAL FOR YOUNG AUDIENCES  WITH A BOOK BY ERIC C. WEBB AND MUSIC AND LYRICS BY STEPHANIE BIANCHI.,PURPOSE: TO SUPPORT THE REGIONAL TOURING PRODUCTION OF #JUSTBEYOU  A MUSICAL FOR YOUNG AUDIENCES  WITH A BOOK BY ERIC C. WEBB AND MUSIC AND LYRICS BY STEPHANIE BIANCHI.,NON,NOT RECOVERY ACT,M,NONPROFIT WITH 501C3 IRS STATUS (OTHER THAN AN INSTITUTION OF HIGHER EDUCATION),,,A1,New Award,2,NON-AGGREGATE RECORD,,,,,,,,,,,https://www.usaspending.gov/award/ASST_NON_1903861-28-23_417/,2023-01-30 16:38:37.796977+00,2023-01-30 16:38:37.796977+00,recipient county outside NYC
5920_1904165-62-23_-NONE-_45.024_-NONE-,ASST_NON_1904165-62-23_417,1904165-62-23,,,SAI EXEMPT,20000.00,20000.00,20000.00,0.00,0.00,0.00,0.00,0.00,0.00,0.00,20000.00,Q: Not Designated Nonemergency/Emergency/Disaster/Wildfire Suppression,,,,,2023-03-20,2023,2023-03-01,2024-06-30,417,National Endowment for the Arts,5920,National Endowment for the Arts,593105,NATIONAL ENDOWMENT FOR THE ARTS,417,National Endowment for the Arts,5920,National Endowment for the Arts,593105,NATIONAL ENDOWMENT FOR THE ARTS,417-X-0100-000,417-0100,"41.0: Grants, subsidies, and contributions",0001: PROMOTION OF THE ARTS,TJW5MAQGJN15,,THE ARTS COUNCIL OF THE SOUTHERN FINGER LAKES INC,ARTS COUNCIL OF THE SOUTHERN FINGER LAKES  INC.,,,,,USA,UNITED STATES,79 W MARKET ST,,18256,CORNING,36101,STEUBEN,36,NY,NEW YORK,14830,2526,NY-23,NY-23,,,,STATE-WIDE,USA,UNITED STATES,NY*****,,,,36,NEW YORK,,NY-23,,,45.024,PROMOTION OF THE ARTS GRANTS TO ORGANIZATIONS AND INDIVIDUALS,,,04,PROJECT GRANT (B),,,,,PURPOSE: TO SUPPORT A SERIES OF FOLKLIFE DOCUMENTATION WORKSHOPS.&NBSP;,PURPOSE: TO SUPPORT A SERIES OF FOLKLIFE DOCUMENTATION WORKSHOPS.&NBSP;,NON,NOT RECOVERY ACT,M,NONPROFIT WITH 501C3 IRS STATUS (OTHER THAN AN INSTITUTION OF HIGHER EDUCATION),,,A1,New Award,2,NON-AGGREGATE RECORD,,,,,,,,,,,https://www.usaspending.gov/award/ASST_NON_1904165-62-23_417/,2023-03-28 19:49:59.814274+00,2023-03-28 19:49:59.814274+00,recipient county outside NYC
5920_1904337-42-23_-NONE-_45.024_-NONE-,ASST_NON_1904337-42-23_417,1904337-42-23,,,SAI EXEMPT,20000.00,20000.00,20000.00,0.00,0.00,0.00,0.00,0.00,0.00,0.00,20000.00,Q: Not Designated Nonemergency/Emergency/Disaster/Wildfire Suppression,,,,,2023-06-14,2023,2023-01-01,2024-04-30,417,National Endowment for the Arts,5920,National Endowment for the Arts,593105,NATIONAL ENDOWMENT FOR THE ARTS,417,National Endowment for the Arts,5920,National Endowment for the Arts,593105,NATIONAL ENDOWMENT FOR THE ARTS,417-X-0100-000,417-0100,"41.0: Grants, subsidies, and contributions",0001: PROMOTION OF THE ARTS,PMANTSKMPAW7,,PRATTSVILLE ART PROJECT INC,PRATTSVILLE ART PROJECT INC.,,,,,USA,UNITED STATES,14562 MAIN ST,,59740,PRATTSVILLE,36039,GREENE,36,NY,NEW YORK,12468,6457,NY-19,NY-19,,,,STATE-WIDE,USA,UNITED STATES,NY*****,,,,36,NEW YORK,,NY-19,,,45.024,PROMOTION OF THE ARTS GRANTS TO ORGANIZATIONS AND INDIVIDUALS,2022NEA01GAP1,,04,PROJECT GRANT (B),,,,,PURPOSE: TO SUPPORT AN EXHIBITION  PUBLICATION  AND MULTIDISCIPLINARY PUBLIC PROGRAMMING EXPLORING THE SIGNIFICANCE OF THE NORTHERN CATSKILLS WATERSHED.,"PURPOSE: TO SUPPORT AN EXHIBITION, PUBLICATION, AND MULTIDISCIPLINARY PUBLIC PROGRAMMING EXPLORING THE SIGNIFICANCE OF THE NORTHERN CATSKILLS WATERSHED.",NON,NOT RECOVERY ACT,M,NONPROFIT WITH 501C3 IRS STATUS (OTHER THAN AN INSTITUTION OF HIGHER EDUCATION),,,A1,New Award,2,NON-AGGREGATE RECORD,,,,,,,,,,,https://www.usaspending.gov/award/ASST_NON_1904337-42-23_417/,2023-06-27 18:00:19.566518+00,2023-06-27 18:00:19.566518+00,recipient county outside NYC
5920_1904337-42-23_-NONE-_45.024_1,ASST_NON_1904337-42-23_417,1904337-42-23,1,,SAI EXEMPT,0.00,20000.00,20000.00,0.00,0.00,0.00,0.00,0.00,0.00,0.00,0.00,Q: Not Designated Nonemergency/Emergency/Disaster/Wildfire Suppression,,,,,2023-06-14,2023,2023-01-01,2025-08-31,417,National Endowment for the Arts,5920,National Endowment for the Arts,593105,NATIONAL ENDOWMENT FOR THE ARTS,417,National Endowment for the Arts,5920,National Endowment for the Arts,593105,NATIONAL ENDOWMENT FOR THE ARTS,417-X-0100-000,417-0100,"41.0: Grants, subsidies, and contributions",0001: PROMOTION OF THE ARTS,PMANTSKMPAW7,,PRATTSVILLE ART PROJECT INC,PRATTSVILLE ART PROJECT INC.,,,,,USA,UNITED STATES,14562 MAIN ST,,59740,PRATTSVILLE,36039,GREENE,36,NY,NEW YORK,12468,6457,NY-19,NY-19,,,,STATE-WIDE,USA,UNITED STATES,NY*****,,,,36,NEW YORK,,NY-19,,,45.024,PROMOTION OF THE ARTS GRANTS TO ORGANIZATIONS AND INDIVIDUALS,2022NEA01GAP1,,04,PROJECT GRANT (B),,,,,"PURPOSE: TO SUPPORT AN EXHIBITION, PUBLICATION, AND MULTIDISCIPLINARY PUBLIC PROGRAMMING EXPLORING THE SIGNIFICANCE OF THE NORTHERN CATSKILLS WATERSHED.","PURPOSE: TO SUPPORT AN EXHIBITION, PUBLICATION, AND MULTIDISCIPLINARY PUBLIC PROGRAMMING EXPLORING THE SIGNIFICANCE OF THE NORTHERN CATSKILLS WATERSHED.",NON,NOT RECOVERY ACT,M,NONPROFIT WITH 501C3 IRS STATUS (OTHER THAN AN INSTITUTION OF HIGHER EDUCATION),,,A1,New Award,2,NON-AGGREGATE RECORD,,,,,,,,,,,https://www.usaspending.gov/award/ASST_NON_1904337-42-23_417/,2024-07-30 17:42:58.180365+00,2024-07-30 17:42:58.180365+00,recipient county outside NYC
5920_1904337-42-23_-NONE-_45.024_3,ASST_NON_1904337-42-23_417,1904337-42-23,3,,SAI EXEMPT,0.00,20000.00,20000.00,0.00,0.00,0.00,0.00,0.00,0.00,0.00,0.00,Q: Not Designated Nonemergency/Emergency/Disaster/Wildfire Suppression,,,,,2023-06-14,2023,2023-01-01,2025-05-31,417,National Endowment for the Arts,5920,National Endowment for the Arts,593105,NATIONAL ENDOWMENT FOR THE ARTS,417,National Endowment for the Arts,5920,National Endowment for the Arts,593105,NATIONAL ENDOWMENT FOR THE ARTS,417-X-0100-000,417-0100,"41.0: Grants, subsidies, and contributions",0001: PROMOTION OF THE ARTS,PMANTSKMPAW7,,PRATTSVILLE ART PROJECT INC,PRATTSVILLE ART PROJECT INC.,,,,,USA,UNITED STATES,14562 MAIN ST,,59740,PRATTSVILLE,36039,GREENE,36,NY,NEW YORK,12468,6457,NY-19,NY-19,,,,STATE-WIDE,USA,UNITED STATES,NY*****,,,,36,NEW YORK,,NY-19,,,45.024,PROMOTION OF THE ARTS GRANTS TO ORGANIZATIONS AND INDIVIDUALS,2022NEA01GAP1,TO SUPPORT OPPORTUNITIES FOR ALL PEOPLE TO PARTICIPATE IN THE ARTS AND ARTS EDUCATION.,04,PROJECT GRANT (B),,,,,"PURPOSE: TO SUPPORT AN EXHIBITION, PUBLICATION, AND MULTIDISCIPLINARY PUBLIC PROGRAMMING EXPLORING THE SIGNIFICANCE OF THE NORTHERN CATSKILLS WATERSHED.","PURPOSE: TO SUPPORT AN EXHIBITION, PUBLICATION, AND MULTIDISCIPLINARY PUBLIC PROGRAMMING EXPLORING THE SIGNIFICANCE OF THE NORTHERN CATSKILLS WATERSHED.",NON,NOT RECOVERY ACT,M,NONPROFIT WITH 501C3 IRS STATUS (OTHER THAN AN INSTITUTION OF HIGHER EDUCATION),,,A1,New Award,2,NON-AGGREGATE RECORD,,,,,,,,,,,https://www.usaspending.gov/award/ASST_NON_1904337-42-23_417/,2025-05-29 15:25:04.378853+00,2025-05-29 15:25:04.378853+00,recipient county outside NYC
5920_1904368-72-23_-NONE-_45.024_-NONE-,ASST_NON_1904368-72-23_417,1904368-72-23,,,SAI EXEMPT,10000.00,10000.00,10000.00,0.00,0.00,0.00,0.00,0.00,0.00,0.00,10000.00,Q: Not Designated Nonemergency/Emergency/Disaster/Wildfire Suppression,,,,,2023-05-16,2023,2023-06-01,2023-12-31,417,National Endowment for the Arts,5920,National Endowment for the Arts,593105,NATIONAL ENDOWMENT FOR THE ARTS,417,National Endowment for the Arts,5920,National Endowment for the Arts,593105,NATIONAL ENDOWMENT FOR THE ARTS,417-X-0100-000,417-0100,"41.0: Grants, subsidies, and contributions",0001: PROMOTION OF THE ARTS,JB7FDKX1SJ36,,"THE MILLAY COLONY FOR THE ARTS, INC.",MILLAY COLONY FOR THE ARTS  INC.,,,,,USA,UNITED STATES,454 E HILL RD,,,,36021,COLUMBIA,36,NY,NEW YORK,12017,,NY-19,NY-19,,,,STATE-WIDE,USA,UNITED STATES,NY*****,,,,36,NEW YORK,,NY-19,,,45.024,PROMOTION OF THE ARTS GRANTS TO ORGANIZATIONS AND INDIVIDUALS,,,04,PROJECT GRANT (B),,,,,PURPOSE: TO SUPPORT AN ARTIST RESIDENCY PROGRAM.,PURPOSE: TO SUPPORT AN ARTIST RESIDENCY PROGRAM.,NON,NOT RECOVERY ACT,M,NONPROFIT WITH 501C3 IRS STATUS (OTHER THAN AN INSTITUTION OF HIGHER EDUCATION),,,A1,New Award,2,NON-AGGREGATE RECORD,,,,,,,,,,,https://www.usaspending.gov/award/ASST_NON_1904368-72-23_417/,2023-05-22 17:02:24.537819+00,2023-05-22 17:02:24.537819+00,recipient county outside NYC
5920_1904581-72-23_-NONE-_45.024_-NONE-,ASST_NON_1904581-72-23_417,1904581-72-23,,,SAI EXEMPT,10000.00,10000.00,10000.00,0.00,0.00,0.00,0.00,0.00,0.00,0.00,10000.00,Q: Not Designated Nonemergency/Emergency/Disaster/Wildfire Suppression,,,,,2023-05-03,2023,2023-01-01,2024-12-31,417,National Endowment for the Arts,5920,National Endowment for the Arts,593105,NATIONAL ENDOWMENT FOR THE ARTS,417,National Endowment for the Arts,5920,National Endowment for the Arts,593105,NATIONAL ENDOWMENT FOR THE ARTS,417-X-0100-000,417-0100,"41.0: Grants, subsidies, and contributions",0001: PROMOTION OF THE ARTS,QM8EPM36PEX9,,THE CORPORATION OF YADDO,CORPORATION OF YADDO,,,,,USA,UNITED STATES,312 UNION AVE,,,,36091,SARATOGA,36,NY,NEW YORK,12866,6420,NY-20,NY-20,,,,STATE-WIDE,USA,UNITED STATES,NY*****,,,,36,NEW YORK,,NY-20,,,45.024,PROMOTION OF THE ARTS GRANTS TO ORGANIZATIONS AND INDIVIDUALS,,,04,PROJECT GRANT (B),,,,,PURPOSE: TO SUPPORT AN ARTIST RESIDENCY PROGRAM.,PURPOSE: TO SUPPORT AN ARTIST RESIDENCY PROGRAM.,NON,NOT RECOVERY ACT,M,NONPROFIT WITH 501C3 IRS STATUS (OTHER THAN AN INSTITUTION OF HIGHER EDUCATION),,,A1,New Award,2,NON-AGGREGATE RECORD,,,,,,,,,,,https://www.usaspending.gov/award/ASST_NON_1904581-72-23_417/,2023-05-22 17:02:24.537819+00,2023-05-22 17:02:24.537819+00,recipient county outside NYC
5920_1904612-44-23_-NONE-_45.024_-NONE-,ASST_NON_1904612-44-23_417,1904612-44-23,,,SAI EXEMPT,20000.00,19789.72,19789.72,0.00,0.00,0.00,0.00,0.00,0.00,0.00,20000.00,Q: Not Designated Nonemergency/Emergency/Disaster/Wildfire Suppression,,,,,2023-04-21,2023,2023-01-01,2024-12-31,417,National Endowment for the Arts,5920,National Endowment for the Arts,593105,NATIONAL ENDOWMENT FOR THE ARTS,417,National Endowment for the Arts,5920,National Endowment for the Arts,593105,NATIONAL ENDOWMENT FOR THE ARTS,417-X-0100-000,417-0100,"41.0: Grants, subsidies, and contributions",0001: PROMOTION OF THE ARTS,C4BXLBC11LC6,,SYRACUSE UNIVERSITY,SYRACUSE UNIVERSITY,,,SYRACUSE UNIVERSITY,SYRACUSE UNIVERSITY,USA,UNITED STATES,900 S CROUSE AVE,,73000,SYRACUSE,36067,ONONDAGA,36,NY,NEW YORK,13244,0001,NY-22,NY-22,,,,STATE-WIDE,USA,UNITED STATES,NY*****,,,,36,NEW YORK,,NY-22,,,45.024,PROMOTION OF THE ARTS GRANTS TO ORGANIZATIONS AND INDIVIDUALS,,,04,PROJECT GRANT (B),,,,,PURPOSE: TO SUPPORT AN EXHIBITION OF WORKS BY ARTIST AND SCULPTOR RINA BANERJEE.,PURPOSE: TO SUPPORT AN EXHIBITION OF WORKS BY ARTIST AND SCULPTOR RINA BANERJEE.,NON,NOT RECOVERY ACT,M,NONPROFIT WITH 501C3 IRS STATUS (OTHER THAN AN INSTITUTION OF HIGHER EDUCATION),,,A1,New Award,2,NON-AGGREGATE RECORD,,,,,,,,,,,https://www.usaspending.gov/award/ASST_NON_1904612-44-23_417/,2023-04-25 15:23:27.944592+00,2023-04-25 15:23:27.944592+00,recipient county outside NYC
5920_1904617-41-23_-NONE-_45.024_-NONE-,ASST_NON_1904617-41-23_417,1904617-41-23,,,SAI EXEMPT,20000.00,20000.00,20000.00,0.00,0.00,0.00,0.00,0.00,0.00,0.00,20000.00,Q: Not Designated Nonemergency/Emergency/Disaster/Wildfire Suppression,,,,,2023-03-27,2023,2023-01-01,2023-12-31,417,National Endowment for the Arts,5920,National Endowment for the Arts,593105,NATIONAL ENDOWMENT FOR THE ARTS,417,National Endowment for the Arts,5920,National Endowment for the Arts,593105,NATIONAL ENDOWMENT FOR THE ARTS,417-X-0100-000,417-0100,"41.0: Grants, subsidies, and contributions",0001: PROMOTION OF THE ARTS,DMJ7HK8WJ7M3,,"SAFE HARBORS OF THE HUDSON, INC.",SAFE HARBORS OF THE HUDSON,,,,,USA,UNITED STATES,111 BROADWAY,,50034,NEWBURGH,36071,ORANGE,36,NY,NEW YORK,12550,5565,NY-18,NY-18,,,,STATE-WIDE,USA,UNITED STATES,NY*****,,,,36,NEW YORK,,NY-18,,,45.024,PROMOTION OF THE ARTS GRANTS TO ORGANIZATIONS AND INDIVIDUALS,,,04,PROJECT GRANT (B),,,,,PURPOSE: TO SUPPORT THE EMERGING ARTIST FELLOWSHIP RESIDENCY.,PURPOSE: TO SUPPORT THE EMERGING ARTIST FELLOWSHIP RESIDENCY.,NON,NOT RECOVERY ACT,M,NONPROFIT WITH 501C3 IRS STATUS (OTHER THAN AN INSTITUTION OF HIGHER EDUCATION),,,A1,New Award,2,NON-AGGREGATE RECORD,,,,,,,,,,,https://www.usaspending.gov/award/ASST_NON_1904617-41-23_417/,2023-03-28 19:49:59.814274+00,2023-03-28 19:49:59.814274+00,recipient county outside NYC
5920_1904725-34-23_-NONE-_45.024_-NONE-,ASST_NON_1904725-34-23_417,1904725-34-23,,,SAI EXEMPT,20000.00,20000.00,20000.00,0.00,0.00,0.00,0.00,0.00,0.00,0.00,20000.00,Q: Not Designated Nonemergency/Emergency/Disaster/Wildfire Suppression,,,,,2022-12-21,2023,2023-01-01,2023-12-31,417,National Endowment for the Arts,5920,National Endowment for the Arts,593105,NATIONAL ENDOWMENT FOR THE ARTS,417,National Endowment for the Arts,5920,National Endowment for the Arts,593105,NATIONAL ENDOWMENT FOR THE ARTS,417-X-0100-000,417-0100,"41.0: Grants, subsidies, and contributions",0001: PROMOTION OF THE ARTS,G9ALLQ9MX1K8,,"JACOB BURNS FILM CENTER, INC",JACOB BURNS FILM CENTER  INC.,UTQ3LDK3F2M1,,"JACOB BURNS FILM CENTER, INC.","JACOB BURNS FILM CENTER, INC.",USA,UNITED STATES,405 MANVILLE RD OFC,,58728,PLEASANTVILLE,36119,WESTCHESTER,36,NY,NEW YORK,10570,2846,NY-17,NY-17,,,,STATE-WIDE,USA,UNITED STATES,NY*****,,,,36,NEW YORK,,NY-17,,,45.024,PROMOTION OF THE ARTS GRANTS TO ORGANIZATIONS AND INDIVIDUALS,,,04,PROJECT GRANT (B),,,,,PURPOSE: TO SUPPORT A SERIES OF CURATED FILM SCREENINGS AND ASSOCIATED PUBLIC PROGRAMMING.,PURPOSE: TO SUPPORT A SERIES OF CURATED FILM SCREENINGS AND ASSOCIATED PUBLIC PROGRAMMING.,NON,NOT RECOVERY ACT,M,NONPROFIT WITH 501C3 IRS STATUS (OTHER THAN AN INSTITUTION OF HIGHER EDUCATION),,,A1,New Award,2,NON-AGGREGATE RECORD,,,,,,,,,,,https://www.usaspending.gov/award/ASST_NON_1904725-34-23_417/,2022-12-22 16:23:23.087134+00,2022-12-22 16:23:23.087134+00,recipient county outside NYC
5920_1904904-32-23_-NONE-_45.024_-NONE-,ASST_NON_1904904-32-23_417,1904904-32-23,,,SAI EXEMPT,30000.00,30000.00,30000.00,0.00,0.00,0.00,0.00,0.00,0.00,0.00,30000.00,Q: Not Designated Nonemergency/Emergency/Disaster/Wildfire Suppression,,,,,2022-12-12,2023,2023-01-01,2024-01-31,417,National Endowment for the Arts,5920,National Endowment for the Arts,593105,NATIONAL ENDOWMENT FOR THE ARTS,417,National Endowment for the Arts,5920,National Endowment for the Arts,593105,NATIONAL ENDOWMENT FOR THE ARTS,417-X-0100-000,417-0100,"41.0: Grants, subsidies, and contributions",0001: PROMOTION OF THE ARTS,HMLSSSE6A358,,SU THEATRE CORP,SU THEATRE CORPORATION,,,,,USA,UNITED STATES,820 E GENESEE ST,,73000,SYRACUSE,36067,ONONDAGA,36,NY,NEW YORK,13210,1508,NY-24,NY-22,,,,STATE-WIDE,USA,UNITED STATES,NY*****,,,,36,NEW YORK,,NY-24,,,45.024,PROMOTION OF THE ARTS GRANTS TO ORGANIZATIONS AND INDIVIDUALS,,,04,PROJECT GRANT (B),,,,,PURPOSE: TO SUPPORT SYRACUSE STAGES PRODUCTION OF A NEW PLAY FOR YOUNG AUDIENCES BY TY DEFOE.,PURPOSE: TO SUPPORT SYRACUSE STAGES PRODUCTION OF A NEW PLAY FOR YOUNG AUDIENCES BY TY DEFOE.,NON,NOT RECOVERY ACT,M,NONPROFIT WITH 501C3 IRS STATUS (OTHER THAN AN INSTITUTION OF HIGHER EDUCATION),,,A1,New Award,2,NON-AGGREGATE RECORD,,,,,,,,,,,https://www.usaspending.gov/award/ASST_NON_1904904-32-23_417/,2022-12-22 16:23:23.087134+00,2022-12-22 16:23:23.087134+00,recipient county outside NYC
5920_1904937-52-23_-NONE-_45.024_-NONE-,ASST_NON_1904937-52-23_417,1904937-52-23,,,SAI EXEMPT,20000.00,20000.00,20000.00,0.00,0.00,0.00,0.00,0.00,0.00,0.00,20000.00,Q: Not Designated Nonemergency/Emergency/Disaster/Wildfire Suppression,,,,,2022-12-22,2023,2023-01-01,2023-12-31,417,National Endowment for the Arts,5920,National Endowment for the Arts,593105,NATIONAL ENDOWMENT FOR THE ARTS,417,National Endowment for the Arts,5920,National Endowment for the Arts,593105,NATIONAL ENDOWMENT FOR THE ARTS,417-X-0100-000,417-0100,"41.0: Grants, subsidies, and contributions",0001: PROMOTION OF THE ARTS,EHM7Y612AXJ3,,BOA EDITIONS LTD,BOA EDITIONS  LTD.,XV36WDGDJ1A7,,"BOA EDITIONS, LTD.","BOA EDITIONS, LTD.",USA,UNITED STATES,250 N GOODMAN ST,STE 306,63000,ROCHESTER,36055,MONROE,36,NY,NEW YORK,14607,1198,NY-25,NY-25,,,,STATE-WIDE,USA,UNITED STATES,NY*****,,,,36,NEW YORK,,NY-25,,,45.024,PROMOTION OF THE ARTS GRANTS TO ORGANIZATIONS AND INDIVIDUALS,,,04,PROJECT GRANT (B),,,,,PURPOSE: TO SUPPORT THE PUBLICATION AND PROMOTION OF BOOKS OF POETRY.,PURPOSE: TO SUPPORT THE PUBLICATION AND PROMOTION OF BOOKS OF POETRY.,NON,NOT RECOVERY ACT,M,NONPROFIT WITH 501C3 IRS STATUS (OTHER THAN AN INSTITUTION OF HIGHER EDUCATION),,,A1,New Award,2,NON-AGGREGATE RECORD,,,,,,,,,,,https://www.usaspending.gov/award/ASST_NON_1904937-52-23_417/,2022-12-22 16:23:23.087134+00,2022-12-22 16:23:23.087134+00,recipient county outside NYC
5920_1905022-31-23_-NONE-_45.024_-NONE-,ASST_NON_1905022-31-23_417,1905022-31-23,,,SAI EXEMPT,10000.00,10000.00,10000.00,0.00,0.00,0.00,0.00,0.00,0.00,0.00,10000.00,Q: Not Designated Nonemergency/Emergency/Disaster/Wildfire Suppression,,,,,2023-02-13,2023,2023-01-01,2023-12-31,417,National Endowment for the Arts,5920,National Endowment for the Arts,593105,NATIONAL ENDOWMENT FOR THE ARTS,417,National Endowment for the Arts,5920,National Endowment for the Arts,593105,NATIONAL ENDOWMENT FOR THE ARTS,417-X-0100-000,417-0100,"41.0: Grants, subsidies, and contributions",0001: PROMOTION OF THE ARTS,GZWQEXNDDU75,,"CREATIVE MUSIC FOUNDATION, INC.",CREATIVE MUSIC FOUNDATION  INC.,,,,,USA,UNITED STATES,35 BIRCH LANE,,83041,WOODSTOCK,36111,ULSTER,36,NY,NEW YORK,12498,1802,NY-19,NY-18,,,,STATE-WIDE,USA,UNITED STATES,NY*****,,,,36,NEW YORK,,NY-19,,,45.024,PROMOTION OF THE ARTS GRANTS TO ORGANIZATIONS AND INDIVIDUALS,,,04,PROJECT GRANT (B),,,,,PURPOSE:&NBSP;TO SUPPORT CONCERT PERFORMANCES AND RELATED EDUCATIONAL ACTIVITIES.,PURPOSE:&NBSP;TO SUPPORT CONCERT PERFORMANCES AND RELATED EDUCATIONAL ACTIVITIES.,NON,NOT RECOVERY ACT,M,NONPROFIT WITH 501C3 IRS STATUS (OTHER THAN AN INSTITUTION OF HIGHER EDUCATION),,,A1,New Award,2,NON-AGGREGATE RECORD,,,,,,,,,,,https://www.usaspending.gov/award/ASST_NON_1905022-31-23_417/,2023-02-22 20:21:53.723553+00,2023-02-22 20:21:53.723553+00,recipient county outside NYC
5920_1905045-31-23_-NONE-_45.024_-NONE-,ASST_NON_1905045-31-23_417,1905045-31-23,,,SAI EXEMPT,20000.00,20000.00,20000.00,0.00,0.00,0.00,0.00,0.00,0.00,0.00,20000.00,Q: Not Designated Nonemergency/Emergency/Disaster/Wildfire Suppression,,,,,2023-01-27,2023,2023-01-01,2023-12-31,417,National Endowment for the Arts,5920,National Endowment for the Arts,593105,NATIONAL ENDOWMENT FOR THE ARTS,417,National Endowment for the Arts,5920,National Endowment for the Arts,593105,NATIONAL ENDOWMENT FOR THE ARTS,417-X-0100-000,417-0100,"41.0: Grants, subsidies, and contributions",0001: PROMOTION OF THE ARTS,VYUDKWXMN928,,MAVERICK CONCERTS INC,MAVERICK CONCERTS  INC.,,,,,USA,UNITED STATES,120 MAVERICK RD,,83041,WOODSTOCK,36111,ULSTER,36,NY,NEW YORK,12498,,NY-19,NY-18,,,,STATE-WIDE,USA,UNITED STATES,NY*****,,,,36,NEW YORK,,NY-19,,,45.024,PROMOTION OF THE ARTS GRANTS TO ORGANIZATIONS AND INDIVIDUALS,,,04,PROJECT GRANT (B),,,,,PURPOSE:&NBSP;TO SUPPORT A SERIES OF CLASSICAL AND JAZZ CONCERTS FEATURING THE MUSICAL TRADITIONS OF LATIN AMERICA.,PURPOSE:TO SUPPORT A SERIES OF CLASSICAL AND JAZZ CONCERTS FEATURING THE MUSICAL TRADITIONS OF LATIN AMERICA.,NON,NOT RECOVERY ACT,M,NONPROFIT WITH 501C3 IRS STATUS (OTHER THAN AN INSTITUTION OF HIGHER EDUCATION),,,A1,New Award,2,NON-AGGREGATE RECORD,,,,,,,,,,,https://www.usaspending.gov/award/ASST_NON_1905045-31-23_417/,2023-01-30 16:38:37.796977+00,2023-01-30 16:38:37.796977+00,recipient county outside NYC
5920_1905045-31-23_-NONE-_45.024_1,ASST_NON_1905045-31-23_417,1905045-31-23,1,,SAI EXEMPT,0.00,20000.00,20000.00,0.00,0.00,0.00,0.00,0.00,0.00,0.00,0.00,Q: Not Designated Nonemergency/Emergency/Disaster/Wildfire Suppression,,,,,2023-01-27,2023,2023-01-01,2024-04-30,417,National Endowment for the Arts,5920,National Endowment for the Arts,593105,NATIONAL ENDOWMENT FOR THE ARTS,417,National Endowment for the Arts,5920,National Endowment for the Arts,593105,NATIONAL ENDOWMENT FOR THE ARTS,417-X-0100-000,417-0100,"41.0: Grants, subsidies, and contributions",0001: PROMOTION OF THE ARTS,VYUDKWXMN928,,MAVERICK CONCERTS INC,"MAVERICK CONCERTS, INC.",,,,,USA,UNITED STATES,MAVERICK RD,,83041,WOODSTOCK,36111,ULSTER,36,NY,NEW YORK,12498,,NY-19,NY-18,,,,STATE-WIDE,USA,UNITED STATES,NY*****,,,,36,NEW YORK,,NY-19,,,45.024,PROMOTION OF THE ARTS GRANTS TO ORGANIZATIONS AND INDIVIDUALS,2022NEA01GAP1,,04,PROJECT GRANT (B),,,,,PURPOSE:TO SUPPORT A SERIES OF CLASSICAL AND JAZZ CONCERTS FEATURING THE MUSICAL TRADITIONS OF LATIN AMERICA.,PURPOSE:TO SUPPORT A SERIES OF CLASSICAL AND JAZZ CONCERTS FEATURING THE MUSICAL TRADITIONS OF LATIN AMERICA.,NON,NOT RECOVERY ACT,M,NONPROFIT WITH 501C3 IRS STATUS (OTHER THAN AN INSTITUTION OF HIGHER EDUCATION),,,A1,New Award,2,NON-AGGREGATE RECORD,,,,,,,,,,,https://www.usaspending.gov/award/ASST_NON_1905045-31-23_417/,2024-02-08 15:16:04.851804+00,2024-02-08 15:16:04.851804+00,recipient county outside NYC
5920_1905047-31-23_-NONE-_45.024_-NONE-,ASST_NON_1905047-31-23_417,1905047-31-23,,,SAI EXEMPT,10000.00,10000.00,10000.00,0.00,0.00,0.00,0.00,0.00,0.00,0.00,10000.00,Q: Not Designated Nonemergency/Emergency/Disaster/Wildfire Suppression,,,,,2023-02-07,2023,2023-01-01,2023-12-31,417,National Endowment for the Arts,5920,National Endowment for the Arts,593105,NATIONAL ENDOWMENT FOR THE ARTS,417,National Endowment for the Arts,5920,National Endowment for the Arts,593105,NATIONAL ENDOWMENT FOR THE ARTS,417-X-0100-000,417-0100,"41.0: Grants, subsidies, and contributions",0001: PROMOTION OF THE ARTS,MFKLPV5CVA79,,"HUDSON OPERA HOUSE, INC.",HUDSON OPERA HOUSE  INC.,,,,,USA,UNITED STATES,327 WARREN ST,,35969,HUDSON,36021,COLUMBIA,36,NY,NEW YORK,12534,2413,NY-19,NY-19,,,,STATE-WIDE,USA,UNITED STATES,NY*****,,,,36,NEW YORK,,NY-19,,,45.024,PROMOTION OF THE ARTS GRANTS TO ORGANIZATIONS AND INDIVIDUALS,,,04,PROJECT GRANT (B),,,,,PURPOSE:&NBSP;TO SUPPORT THE HUDSON JAZZ FESTIVAL.&NBSP;,PURPOSE:&NBSP;TO SUPPORT THE HUDSON JAZZ FESTIVAL.&NBSP;,NON,NOT RECOVERY ACT,M,NONPROFIT WITH 501C3 IRS STATUS (OTHER THAN AN INSTITUTION OF HIGHER EDUCATION),,,A1,New Award,2,NON-AGGREGATE RECORD,,,,,,,,,,,https://www.usaspending.gov/award/ASST_NON_1905047-31-23_417/,2023-02-22 20:21:53.723553+00,2023-02-22 20:21:53.723553+00,recipient county outside NYC
5920_1905081-28-23_-NONE-_45.024_-NONE-,ASST_NON_1905081-28-23_417,1905081-28-23,,,SAI EXEMPT,10000.00,10000.00,10000.00,0.00,0.00,0.00,0.00,0.00,0.00,0.00,10000.00,Q: Not Designated Nonemergency/Emergency/Disaster/Wildfire Suppression,,,,,2022-12-15,2023,2023-01-01,2023-12-31,417,National Endowment for the Arts,5920,National Endowment for the Arts,593105,NATIONAL ENDOWMENT FOR THE ARTS,417,National Endowment for the Arts,5920,National Endowment for the Arts,593105,NATIONAL ENDOWMENT FOR THE ARTS,417-X-0100-000,417-0100,"41.0: Grants, subsidies, and contributions",0001: PROMOTION OF THE ARTS,ZG6GAL2GFN93,,"RHINEBECK WRITERS RETREAT, INC.",RHINEBECK WRITERS RETREAT INC,,,,,USA,UNITED STATES,7 HUMMINGBIRD WAY,,70552,STAATSBURG,36027,DUTCHESS,36,NY,NEW YORK,12580,6230,NY-19,NY-18,,,,STATE-WIDE,USA,UNITED STATES,NY*****,,,,36,NEW YORK,,NY-19,,,45.024,PROMOTION OF THE ARTS GRANTS TO ORGANIZATIONS AND INDIVIDUALS,,,04,PROJECT GRANT (B),,,,,PURPOSE: TO SUPPORT DEVELOPMENTAL RESIDENCIES FOR MUSICAL THEATER WRITING TEAMS.,PURPOSE: TO SUPPORT DEVELOPMENTAL RESIDENCIES FOR MUSICAL THEATER WRITING TEAMS.,NON,NOT RECOVERY ACT,M,NONPROFIT WITH 501C3 IRS STATUS (OTHER THAN AN INSTITUTION OF HIGHER EDUCATION),,,A1,New Award,2,NON-AGGREGATE RECORD,,,,,,,,,,,https://www.usaspending.gov/award/ASST_NON_1905081-28-23_417/,2022-12-22 16:23:23.087134+00,2022-12-22 16:23:23.087134+00,recipient county outside NYC
5920_1905092-44-23_-NONE-_45.024_-NONE-,ASST_NON_1905092-44-23_417,1905092-44-23,,,SAI EXEMPT,25000.00,25000.00,25000.00,0.00,0.00,0.00,0.00,0.00,0.00,0.00,25000.00,Q: Not Designated Nonemergency/Emergency/Disaster/Wildfire Suppression,,,,,2023-03-20,2023,2023-01-01,2023-12-31,417,National Endowment for the Arts,5920,National Endowment for the Arts,593105,NATIONAL ENDOWMENT FOR THE ARTS,417,National Endowment for the Arts,5920,National Endowment for the Arts,593105,NATIONAL ENDOWMENT FOR THE ARTS,417-X-0100-000,417-0100,"41.0: Grants, subsidies, and contributions",0001: PROMOTION OF THE ARTS,QEDKGF6D5RU8,,NORTH COUNTRY CHILDREN'S MUSEUM,NORTH COUNTRY CHILDRENS MUSEUM,,,,,USA,UNITED STATES,10 RAYMOND ST,,59564,POTSDAM,36089,ST. LAWRENCE,36,NY,NEW YORK,13676,1125,NY-21,NY-21,,,,STATE-WIDE,USA,UNITED STATES,NY*****,,,,36,NEW YORK,,NY-21,,,45.024,PROMOTION OF THE ARTS GRANTS TO ORGANIZATIONS AND INDIVIDUALS,,,04,PROJECT GRANT (B),,,,,PURPOSE: TO SUPPORT A MUSIC AND SOUND LAB EXHIBIT.,"PURPOSE: TO SUPPORT A MUSIC
AND SOUND LAB EXHIBIT.",NON,NOT RECOVERY ACT,M,NONPROFIT WITH 501C3 IRS STATUS (OTHER THAN AN INSTITUTION OF HIGHER EDUCATION),,,A1,New Award,2,NON-AGGREGATE RECORD,,,,,,,,,,,https://www.usaspending.gov/award/ASST_NON_1905092-44-23_417/,2023-03-28 19:49:59.814274+00,2023-03-28 19:49:59.814274+00,recipient county outside NYC
5920_1905092-44-23_-NONE-_45.024_1,ASST_NON_1905092-44-23_417,1905092-44-23,1,,SAI EXEMPT,0.00,25000.00,25000.00,0.00,0.00,0.00,0.00,0.00,0.00,0.00,0.00,Q: Not Designated Nonemergency/Emergency/Disaster/Wildfire Suppression,,,,,2023-03-20,2023,2023-01-01,2024-08-31,417,National Endowment for the Arts,5920,National Endowment for the Arts,593105,NATIONAL ENDOWMENT FOR THE ARTS,417,National Endowment for the Arts,5920,National Endowment for the Arts,593105,NATIONAL ENDOWMENT FOR THE ARTS,417-X-0100-000,417-0100,"41.0: Grants, subsidies, and contributions",0001: PROMOTION OF THE ARTS,QEDKGF6D5RU8,,NORTH COUNTRY CHILDREN'S MUSEUM,NORTH COUNTRY CHILDREN'S MUSEUM,,,,,USA,UNITED STATES,10 RAYMOND ST,,59564,POTSDAM,36089,ST. LAWRENCE,36,NY,NEW YORK,13676,1125,NY-21,NY-21,,,,STATE-WIDE,USA,UNITED STATES,NY*****,,,,36,NEW YORK,,NY-21,,,45.024,PROMOTION OF THE ARTS GRANTS TO ORGANIZATIONS AND INDIVIDUALS,,,04,PROJECT GRANT (B),,,,,"PURPOSE: TO SUPPORT A MUSIC
AND SOUND LAB EXHIBIT.","PURPOSE: TO SUPPORT A MUSIC
AND SOUND LAB EXHIBIT.",NON,NOT RECOVERY ACT,M,NONPROFIT WITH 501C3 IRS STATUS (OTHER THAN AN INSTITUTION OF HIGHER EDUCATION),,,A1,New Award,2,NON-AGGREGATE RECORD,,,,,,,,,,,https://www.usaspending.gov/award/ASST_NON_1905092-44-23_417/,2023-04-19 15:59:16.460662+00,2023-04-19 15:59:16.460662+00,recipient county outside NYC
5920_1905092-44-23_-NONE-_45.024_2,ASST_NON_1905092-44-23_417,1905092-44-23,2,,SAI EXEMPT,0.00,25000.00,25000.00,0.00,0.00,0.00,0.00,0.00,0.00,0.00,0.00,Q: Not Designated Nonemergency/Emergency/Disaster/Wildfire Suppression,,,,,2023-03-20,2023,2023-01-01,2025-08-31,417,National Endowment for the Arts,5920,National Endowment for the Arts,593105,NATIONAL ENDOWMENT FOR THE ARTS,417,National Endowment for the Arts,5920,National Endowment for the Arts,593105,NATIONAL ENDOWMENT FOR THE ARTS,417-X-0100-000,417-0100,"41.0: Grants, subsidies, and contributions",0001: PROMOTION OF THE ARTS,QEDKGF6D5RU8,,NORTH COUNTRY CHILDREN'S MUSEUM,NORTH COUNTRY CHILDREN'S MUSEUM,QEDKGF6D5RU8,,NORTH COUNTRY CHILDREN'S MUSEUM,,USA,UNITED STATES,10 RAYMOND ST,,59564,POTSDAM,36089,ST. LAWRENCE,36,NY,NEW YORK,13676,1125,NY-21,NY-21,,,,STATE-WIDE,USA,UNITED STATES,NY*****,,,,36,NEW YORK,,NY-21,,,45.024,PROMOTION OF THE ARTS GRANTS TO ORGANIZATIONS AND INDIVIDUALS,2022NEA01GAP1,,04,PROJECT GRANT (B),,,,,"PURPOSE: TO SUPPORT A MUSIC
AND SOUND LAB EXHIBIT.","PURPOSE: TO SUPPORT A MUSIC
AND SOUND LAB EXHIBIT.",NON,NOT RECOVERY ACT,M,NONPROFIT WITH 501C3 IRS STATUS (OTHER THAN AN INSTITUTION OF HIGHER EDUCATION),,,A1,New Award,2,NON-AGGREGATE RECORD,,,,,,,,,,,https://www.usaspending.gov/award/ASST_NON_1905092-44-23_417/,2024-04-19 15:35:36.092857+00,2024-04-19 15:35:36.092857+00,recipient county outside NYC
5920_1905092-44-23_-NONE-_45.024_3,ASST_NON_1905092-44-23_417,1905092-44-23,3,,SAI EXEMPT,0.00,25000.00,25000.00,0.00,0.00,0.00,0.00,0.00,0.00,0.00,0.00,Q: Not Designated Nonemergency/Emergency/Disaster/Wildfire Suppression,,,,,2023-03-20,2023,2023-01-01,2025-05-31,417,National Endowment for the Arts,5920,National Endowment for the Arts,593105,NATIONAL ENDOWMENT FOR THE ARTS,417,National Endowment for the Arts,5920,National Endowment for the Arts,593105,NATIONAL ENDOWMENT FOR THE ARTS,417-X-0100-000,417-0100,"41.0: Grants, subsidies, and contributions",0001: PROMOTION OF THE ARTS,QEDKGF6D5RU8,,NORTH COUNTRY CHILDREN'S MUSEUM,NORTH COUNTRY CHILDREN'S MUSEUM,QEDKGF6D5RU8,,NORTH COUNTRY CHILDREN'S MUSEUM,,USA,UNITED STATES,10 RAYMOND ST,,59564,POTSDAM,36089,ST. LAWRENCE,36,NY,NEW YORK,13676,1125,NY-21,NY-21,,,,STATE-WIDE,USA,UNITED STATES,NY*****,,,,36,NEW YORK,,NY-21,,,45.024,PROMOTION OF THE ARTS GRANTS TO ORGANIZATIONS AND INDIVIDUALS,2022NEA01GAP1,TO SUPPORT OPPORTUNITIES FOR ALL PEOPLE TO PARTICIPATE IN THE ARTS AND ARTS EDUCATION.,04,PROJECT GRANT (B),,,,,"PURPOSE: TO SUPPORT A MUSIC
AND SOUND LAB EXHIBIT.","PURPOSE: TO SUPPORT A MUSIC
AND SOUND LAB EXHIBIT.",NON,NOT RECOVERY ACT,M,NONPROFIT WITH 501C3 IRS STATUS (OTHER THAN AN INSTITUTION OF HIGHER EDUCATION),,,A1,New Award,2,NON-AGGREGATE RECORD,,,,,,,,,,,https://www.usaspending.gov/award/ASST_NON_1905092-44-23_417/,2025-05-29 15:25:04.378853+00,2025-05-29 15:25:04.378853+00,recipient county outside NYC
5920_1905134-31-23_-NONE-_45.024_-NONE-,ASST_NON_1905134-31-23_417,1905134-31-23,,,SAI EXEMPT,15000.00,15000.00,15000.00,0.00,0.00,0.00,0.00,0.00,0.00,0.00,15000.00,Q: Not Designated Nonemergency/Emergency/Disaster/Wildfire Suppression,,,,,2023-01-11,2023,2023-01-01,2023-12-31,417,National Endowment for the Arts,5920,National Endowment for the Arts,593105,NATIONAL ENDOWMENT FOR THE ARTS,417,National Endowment for the Arts,5920,National Endowment for the Arts,593105,NATIONAL ENDOWMENT FOR THE ARTS,417-X-0100-000,417-0100,"41.0: Grants, subsidies, and contributions",0001: PROMOTION OF THE ARTS,JNBDDCCK3MV6,,"GATEWAYS MUSIC FESTIVAL, INC.",GATEWAYS MUSIC FESTIVAL  INC.,,,,,USA,UNITED STATES,26 GIBBS ST,,63000,ROCHESTER,36055,MONROE,36,NY,NEW YORK,14604,2505,NY-25,NY-25,,,,STATE-WIDE,USA,UNITED STATES,NY*****,,,,36,NEW YORK,,NY-25,,,45.024,PROMOTION OF THE ARTS GRANTS TO ORGANIZATIONS AND INDIVIDUALS,,,04,PROJECT GRANT (B),,,,,PURPOSE:&NBSP;TO SUPPORT THE GATEWAYS MUSIC FESTIVAL.,PURPOSE:&NBSP;TO SUPPORT THE GATEWAYS MUSIC FESTIVAL.,NON,NOT RECOVERY ACT,M,NONPROFIT WITH 501C3 IRS STATUS (OTHER THAN AN INSTITUTION OF HIGHER EDUCATION),,,A1,New Award,2,NON-AGGREGATE RECORD,,,,,,,,,,,https://www.usaspending.gov/award/ASST_NON_1905134-31-23_417/,2023-01-30 16:38:37.796977+00,2023-01-30 16:38:37.796977+00,recipient county outside NYC
5920_1905211-33-23_-NONE-_45.024_-NONE-,ASST_NON_1905211-33-23_417,1905211-33-23,,,SAI EXEMPT,15000.00,15000.00,15000.00,0.00,0.00,0.00,0.00,0.00,0.00,0.00,15000.00,Q: Not Designated Nonemergency/Emergency/Disaster/Wildfire Suppression,,,,,2023-02-13,2023,2023-01-01,2023-12-31,417,National Endowment for the Arts,5920,National Endowment for the Arts,593105,NATIONAL ENDOWMENT FOR THE ARTS,417,National Endowment for the Arts,5920,National Endowment for the Arts,593105,NATIONAL ENDOWMENT FOR THE ARTS,417-X-0100-000,417-0100,"41.0: Grants, subsidies, and contributions",0001: PROMOTION OF THE ARTS,MHKGSQN2MNQ6,,KAATSBAAN INTERNATIONAL DANCE CENTER INC,KAATSBAAN INTERNATIONAL DANCE CENTER  INC.,,,,,USA,UNITED STATES,120 BROADWAY,,74023,TIVOLI,36027,DUTCHESS,36,NY,NEW YORK,12583,5719,NY-18,NY-18,,,,STATE-WIDE,USA,UNITED STATES,NY*****,,,,36,NEW YORK,,NY-18,,,45.024,PROMOTION OF THE ARTS GRANTS TO ORGANIZATIONS AND INDIVIDUALS,,,04,PROJECT GRANT (B),,,,,PURPOSE: TO SUPPORT A CREATIVE RESIDENCY AND PRESENTATION OF A NEW WORK BY DANCE MAKERS EMILY COATES AND EMMANUÈLE PHUON AT KAATSBAAN CULTURAL PARK.,PURPOSE: TO SUPPORT A CREATIVE RESIDENCY AND PRESENTATION OF A NEW WORK BY DANCE MAKERS EMILY COATES AND EMMANUÈLE PHUON AT KAATSBAAN CULTURAL PARK.,NON,NOT RECOVERY ACT,M,NONPROFIT WITH 501C3 IRS STATUS (OTHER THAN AN INSTITUTION OF HIGHER EDUCATION),,,A1,New Award,2,NON-AGGREGATE RECORD,,,,,,,,,,,https://www.usaspending.gov/award/ASST_NON_1905211-33-23_417/,2023-02-22 20:21:53.723553+00,2023-02-22 20:21:53.723553+00,recipient county outside NYC
5920_1905218-62-23_-NONE-_45.024_-NONE-,ASST_NON_1905218-62-23_417,1905218-62-23,,,SAI EXEMPT,20000.00,20000.00,20000.00,0.00,0.00,0.00,0.00,0.00,0.00,0.00,20000.00,Q: Not Designated Nonemergency/Emergency/Disaster/Wildfire Suppression,,,,,2023-06-27,2023,2023-01-01,2023-12-31,417,National Endowment for the Arts,5920,National Endowment for the Arts,593105,NATIONAL ENDOWMENT FOR THE ARTS,417,National Endowment for the Arts,5920,National Endowment for the Arts,593105,NATIONAL ENDOWMENT FOR THE ARTS,417-X-0100-000,417-0100,"41.0: Grants, subsidies, and contributions",0001: PROMOTION OF THE ARTS,ERJMMCCA9F31,,"GENESEE-ORLEANS REGIONAL ARTS COUNCIL, INC.",GENESEE-ORLEANS REGIONAL ARTS COUNCIL,,,,,USA,UNITED STATES,201 E MAIN ST,,04715,BATAVIA,36037,GENESEE,36,NY,NEW YORK,14020,2205,NY-24,NY-24,,,,STATE-WIDE,USA,UNITED STATES,NY*****,,,,36,NEW YORK,,NY-24,,,45.024,PROMOTION OF THE ARTS GRANTS TO ORGANIZATIONS AND INDIVIDUALS,2022NEA01GAP1,,04,PROJECT GRANT (B),,,,,PURPOSE: TO SUPPORT STAFF SALARIES FOR ARTS EDUCATION ACTIVITIES FOR SCHOOL-AGE CHILDREN.&NBSP;,PURPOSE: TO SUPPORT STAFF SALARIES FOR ARTS EDUCATION ACTIVITIES FOR SCHOOL-AGE CHILDREN.&NBSP;,NON,NOT RECOVERY ACT,M,NONPROFIT WITH 501C3 IRS STATUS (OTHER THAN AN INSTITUTION OF HIGHER EDUCATION),,,A1,New Award,2,NON-AGGREGATE RECORD,,,,,,,,,,,https://www.usaspending.gov/award/ASST_NON_1905218-62-23_417/,2023-06-27 18:00:19.566518+00,2023-06-27 18:00:19.566518+00,recipient county outside NYC
5920_1905246-44-23_-NONE-_45.024_-NONE-,ASST_NON_1905246-44-23_417,1905246-44-23,,,SAI EXEMPT,30000.00,30000.00,30000.00,10074.00,0.00,0.00,0.00,0.00,0.00,0.00,30000.00,Q: Not Designated Nonemergency/Emergency/Disaster/Wildfire Suppression,,,,,2022-12-20,2023,2023-01-01,2023-06-30,417,National Endowment for the Arts,5920,National Endowment for the Arts,593105,NATIONAL ENDOWMENT FOR THE ARTS,417,National Endowment for the Arts,5920,National Endowment for the Arts,593105,NATIONAL ENDOWMENT FOR THE ARTS,417-X-0100-000,417-0100,"41.0: Grants, subsidies, and contributions",0001: PROMOTION OF THE ARTS,ZFVQJHB3V3P8,,THE RESEARCH FOUNDATION FOR THE STATE UNIVERSITY OF NEW YORK,RESEARCH FOUNDATION OF STATE UNIVERSITY OF NEW YORK  PURCHASE COLLEGE,GMZUKXFDJMA9,,THE RESEARCH FOUNDATION FOR THE STATE UNIVERSITY OF NEW YORK,THE RESEARCH FOUNDATION FOR THE STATE UNIVERSITY OF NEW YORK,USA,UNITED STATES,735 ANDERSON HILL RD,,60026,PURCHASE,36119,WESTCHESTER,36,NY,NEW YORK,10577,1402,NY-17,NY-16,,,,STATE-WIDE,USA,UNITED STATES,NY*****,,,,36,NEW YORK,,NY-17,,,45.024,PROMOTION OF THE ARTS GRANTS TO ORGANIZATIONS AND INDIVIDUALS,,,04,PROJECT GRANT (B),,,,,PURPOSE: TO SUPPORT A SERIES OF PERFORMANCE ART EXHIBITIONS AT THE NEUBERGER MUSEUM OF ART.,PURPOSE: TO SUPPORT A SERIES OF PERFORMANCE ART EXHIBITIONS AT THE NEUBERGER MUSEUM OF ART.,NON,NOT RECOVERY ACT,A,STATE GOVERNMENT,,,A1,New Award,2,NON-AGGREGATE RECORD,,,,,,,,,,,https://www.usaspending.gov/award/ASST_NON_1905246-44-23_417/,2022-12-22 16:23:23.087134+00,2022-12-22 16:23:23.087134+00,recipient county outside NYC
5920_1905249-31-23_-NONE-_45.024_-NONE-,ASST_NON_1905249-31-23_417,1905249-31-23,,,SAI EXEMPT,10000.00,10000.00,10000.00,0.00,0.00,0.00,0.00,0.00,0.00,0.00,10000.00,Q: Not Designated Nonemergency/Emergency/Disaster/Wildfire Suppression,,,,,2022-12-16,2023,2023-01-01,2024-06-30,417,National Endowment for the Arts,5920,National Endowment for the Arts,593105,NATIONAL ENDOWMENT FOR THE ARTS,417,National Endowment for the Arts,5920,National Endowment for the Arts,593105,NATIONAL ENDOWMENT FOR THE ARTS,417-X-0100-000,417-0100,"41.0: Grants, subsidies, and contributions",0001: PROMOTION OF THE ARTS,HU71ZJZNNU17,,CORNING-ELMIRA MUSICAL ARTS INC,CORNING-ELMIRA MUSICAL ARTS  INC.,,,,,USA,UNITED STATES,49 BRIDGE ST,,18256,CORNING,36101,STEUBEN,36,NY,NEW YORK,14830,2231,NY-23,NY-23,,,,STATE-WIDE,USA,UNITED STATES,NY*****,,,,36,NEW YORK,,NY-23,,,45.024,PROMOTION OF THE ARTS GRANTS TO ORGANIZATIONS AND INDIVIDUALS,,,04,PROJECT GRANT (B),,,,,PURPOSE:&NBSP;TO SUPPORT THE CLARA SCHUMANN FESTIVAL OF CONCERTS  WITH RELATED EDUCATIONAL ACTIVITIES.,PURPOSE:&NBSP;TO SUPPORT THE CLARA SCHUMANN FESTIVAL OF CONCERTS  WITH RELATED EDUCATIONAL ACTIVITIES.,NON,NOT RECOVERY ACT,M,NONPROFIT WITH 501C3 IRS STATUS (OTHER THAN AN INSTITUTION OF HIGHER EDUCATION),,,A1,New Award,2,NON-AGGREGATE RECORD,,,,,,,,,,,https://www.usaspending.gov/award/ASST_NON_1905249-31-23_417/,2022-12-22 16:23:23.087134+00,2022-12-22 16:23:23.087134+00,recipient county outside NYC
5920_1905325-51-23_-NONE-_45.024_-NONE-,ASST_NON_1905325-51-23_417,1905325-51-23,,,SAI EXEMPT,10000.00,10000.00,10000.00,0.00,0.00,0.00,0.00,0.00,0.00,0.00,10000.00,Q: Not Designated Nonemergency/Emergency/Disaster/Wildfire Suppression,,,,,2023-02-22,2023,2023-02-01,2023-07-31,417,National Endowment for the Arts,5920,National Endowment for the Arts,593105,NATIONAL ENDOWMENT FOR THE ARTS,417,National Endowment for the Arts,5920,National Endowment for the Arts,593105,NATIONAL ENDOWMENT FOR THE ARTS,417-X-0100-000,417-0100,"41.0: Grants, subsidies, and contributions",0001: PROMOTION OF THE ARTS,P2DWYD3PFAK7,,THE ART EFFECT OF THE HUDSON VALLEY INC.,ART EFFECT OF THE HUDSON VALLEY INC.,P2DWYD3PFAK7,,THE ART EFFECT OF THE HUDSON VALLEY INC.,THE ART EFFECT OF THE HUDSON VALLEY INC,USA,UNITED STATES,45 PERSHING AVENUE,,59641,POUGHKEEPSIE,36027,DUTCHESS,36,NY,NEW YORK,12601,2729,NY-18,NY-18,,,,STATE-WIDE,USA,UNITED STATES,NY*****,,,,36,NEW YORK,,NY-18,,,45.024,PROMOTION OF THE ARTS GRANTS TO ORGANIZATIONS AND INDIVIDUALS,,,04,PROJECT GRANT (B),,,,,PURPOSE: TO SUPPORT A PRE-COLLEGE PORTFOLIO DEVELOPMENT PROGRAM IN THE VISUAL AND MEDIA ARTS FOR HIGH SCHOOL STUDENTS.,PURPOSE: TO SUPPORT A PRE-COLLEGE PORTFOLIO DEVELOPMENT PROGRAM IN THE VISUAL AND MEDIA ARTS FOR HIGH SCHOOL STUDENTS.,NON,NOT RECOVERY ACT,M,NONPROFIT WITH 501C3 IRS STATUS (OTHER THAN AN INSTITUTION OF HIGHER EDUCATION),,,A1,New Award,2,NON-AGGREGATE RECORD,,,,,,,,,,,https://www.usaspending.gov/award/ASST_NON_1905325-51-23_417/,2023-02-22 20:21:53.723553+00,2023-02-22 20:21:53.723553+00,recipient county outside NYC
5920_1905331-31-23_-NONE-_45.024_-NONE-,ASST_NON_1905331-31-23_417,1905331-31-23,,,SAI EXEMPT,20000.00,20000.00,20000.00,0.00,0.00,0.00,0.00,0.00,0.00,0.00,20000.00,Q: Not Designated Nonemergency/Emergency/Disaster/Wildfire Suppression,,,,,2022-12-15,2023,2023-01-01,2023-12-31,417,National Endowment for the Arts,5920,National Endowment for the Arts,593105,NATIONAL ENDOWMENT FOR THE ARTS,417,National Endowment for the Arts,5920,National Endowment for the Arts,593105,NATIONAL ENDOWMENT FOR THE ARTS,417-X-0100-000,417-0100,"41.0: Grants, subsidies, and contributions",0001: PROMOTION OF THE ARTS,YYNAC1GN4P35,,"ROCHESTER PHILHARMONIC ORCHESTRA, INC.",ROCHESTER PHILHARMONIC ORCHESTRA  INC.,,,,,USA,UNITED STATES,255 EAST AVE BSMT 2,,63000,ROCHESTER,36055,MONROE,36,NY,NEW YORK,14604,2626,NY-25,NY-25,,,,STATE-WIDE,USA,UNITED STATES,NY*****,,,,36,NEW YORK,,NY-25,,,45.024,PROMOTION OF THE ARTS GRANTS TO ORGANIZATIONS AND INDIVIDUALS,,,04,PROJECT GRANT (B),,,,,PURPOSE:&NBSP;TO SUPPORT ARTIST FEES FOR A CARE AND WELLNESS INITIATIVE.,PURPOSE:&NBSP;TO SUPPORT ARTIST FEES FOR A CARE AND WELLNESS INITIATIVE.,NON,NOT RECOVERY ACT,M,NONPROFIT WITH 501C3 IRS STATUS (OTHER THAN AN INSTITUTION OF HIGHER EDUCATION),,,A1,New Award,2,NON-AGGREGATE RECORD,,,,,,,,,,,https://www.usaspending.gov/award/ASST_NON_1905331-31-23_417/,2022-12-22 16:23:23.087134+00,2022-12-22 16:23:23.087134+00,recipient county outside NYC
5920_1905349-44-23_-NONE-_45.024_-NONE-,ASST_NON_1905349-44-23_417,1905349-44-23,,,SAI EXEMPT,45000.00,45000.00,45000.00,0.00,0.00,0.00,0.00,0.00,0.00,0.00,45000.00,Q: Not Designated Nonemergency/Emergency/Disaster/Wildfire Suppression,,,,,2023-04-06,2023,2023-01-01,2023-12-31,417,National Endowment for the Arts,5920,National Endowment for the Arts,593105,NATIONAL ENDOWMENT FOR THE ARTS,417,National Endowment for the Arts,5920,National Endowment for the Arts,593105,NATIONAL ENDOWMENT FOR THE ARTS,417-X-0100-000,417-0100,"41.0: Grants, subsidies, and contributions",0001: PROMOTION OF THE ARTS,PCWWUCWEV363,,BARD COLLEGE,BARD COLLEGE,PCWWUCWEV363,,BARD COLLEGE,BARD COLLEGE,USA,UNITED STATES,30 CAMPUS RD,,,ANNANDALE ON HUDSON,36027,DUTCHESS,36,NY,NEW YORK,12504,9800,NY-18,NY-18,,,,STATE-WIDE,USA,UNITED STATES,NY*****,,,,36,NEW YORK,,NY-18,,,45.024,PROMOTION OF THE ARTS GRANTS TO ORGANIZATIONS AND INDIVIDUALS,,,04,PROJECT GRANT (B),,,,,PURPOSE: TO SUPPORT THE EXHIBITION&NBSP;SHAPED BY THE LOOM: WEAVING WORLDS IN THE AMERICAN SOUTHWEST  A RELATED CATALOGUE  AND PUBLIC PROGRAMMING FEATURING INDIGENOUS WEAVING PRACTICES.,PURPOSE: TO SUPPORT THE EXHIBITION&NBSP;SHAPED BY THE LOOM: WEAVING WORLDS IN THE AMERICAN SOUTHWEST  A RELATED CATALOGUE  AND PUBLIC PROGRAMMING FEATURING INDIGENOUS WEAVING PRACTICES.,NON,NOT RECOVERY ACT,M,NONPROFIT WITH 501C3 IRS STATUS (OTHER THAN AN INSTITUTION OF HIGHER EDUCATION),,,A1,New Award,2,NON-AGGREGATE RECORD,,,,,,,,,,,https://www.usaspending.gov/award/ASST_NON_1905349-44-23_417/,2023-04-25 15:23:27.944592+00,2023-04-25 15:23:27.944592+00,recipient county outside NYC
5920_1905462-72-23_-NONE-_45.024_-NONE-,ASST_NON_1905462-72-23_417,1905462-72-23,,,SAI EXEMPT,25000.00,25000.00,25000.00,0.00,0.00,0.00,0.00,0.00,0.00,0.00,25000.00,Q: Not Designated Nonemergency/Emergency/Disaster/Wildfire Suppression,,,,,2023-04-04,2023,2023-01-01,2023-12-31,417,National Endowment for the Arts,5920,National Endowment for the Arts,593105,NATIONAL ENDOWMENT FOR THE ARTS,417,National Endowment for the Arts,5920,National Endowment for the Arts,593105,NATIONAL ENDOWMENT FOR THE ARTS,417-X-0100-000,417-0100,"41.0: Grants, subsidies, and contributions",0001: PROMOTION OF THE ARTS,JSB3YLYVB2G5,,WAVE FARM INC,WAVE FARM INC.,,,,,USA,UNITED STATES,5662 ROUTE 23,,00177,ACRA,36039,GREENE,36,NY,NEW YORK,12405,1026,NY-19,NY-19,,,,STATE-WIDE,USA,UNITED STATES,NY*****,,,,36,NEW YORK,,NY-19,,,45.024,PROMOTION OF THE ARTS GRANTS TO ORGANIZATIONS AND INDIVIDUALS,,,04,PROJECT GRANT (B),,,,,PURPOSE: TO SUPPORT AN ARTIST RESIDENCY PROGRAM.,PURPOSE: TO SUPPORT AN ARTIST RESIDENCY PROGRAM.,NON,NOT RECOVERY ACT,M,NONPROFIT WITH 501C3 IRS STATUS (OTHER THAN AN INSTITUTION OF HIGHER EDUCATION),,,A1,New Award,2,NON-AGGREGATE RECORD,,,,,,,,,,,https://www.usaspending.gov/award/ASST_NON_1905462-72-23_417/,2023-04-25 15:23:27.944592+00,2023-04-25 15:23:27.944592+00,recipient county outside NYC
5920_1905481-31-23_-NONE-_45.024_-NONE-,ASST_NON_1905481-31-23_417,1905481-31-23,,,SAI EXEMPT,25000.00,25000.00,25000.00,0.00,0.00,0.00,0.00,0.00,0.00,0.00,25000.00,Q: Not Designated Nonemergency/Emergency/Disaster/Wildfire Suppression,,,,,2023-02-15,2023,2023-01-01,2023-12-31,417,National Endowment for the Arts,5920,National Endowment for the Arts,593105,NATIONAL ENDOWMENT FOR THE ARTS,417,National Endowment for the Arts,5920,National Endowment for the Arts,593105,NATIONAL ENDOWMENT FOR THE ARTS,417-X-0100-000,417-0100,"41.0: Grants, subsidies, and contributions",0001: PROMOTION OF THE ARTS,FC6TDXEV5M29,,ALBANY SYMPHONY ORCHESTRA,ALBANY SYMPHONY ORCHESTRA  INC.,,,,,USA,UNITED STATES,19 CLINTON AVE,,01000,ALBANY,36001,ALBANY,36,NY,NEW YORK,12207,2211,NY-20,NY-20,,,,STATE-WIDE,USA,UNITED STATES,NY*****,,,,36,NEW YORK,,NY-20,,,45.024,PROMOTION OF THE ARTS GRANTS TO ORGANIZATIONS AND INDIVIDUALS,,,04,PROJECT GRANT (B),,,,,PURPOSE:&NBSP;TO SUPPORT THE AMERICAN MUSIC FESTIVAL  INCLUDING COMMISSIONS OF NEW WORKS.&NBSP;,PURPOSE:&NBSP;TO SUPPORT THE AMERICAN MUSIC FESTIVAL  INCLUDING COMMISSIONS OF NEW WORKS.&NBSP;,NON,NOT RECOVERY ACT,M,NONPROFIT WITH 501C3 IRS STATUS (OTHER THAN AN INSTITUTION OF HIGHER EDUCATION),,,A1,New Award,2,NON-AGGREGATE RECORD,,,,,,,,,,,https://www.usaspending.gov/award/ASST_NON_1905481-31-23_417/,2023-02-22 20:21:53.723553+00,2023-02-22 20:21:53.723553+00,recipient county outside NYC
5920_1905523-55-23_-NONE-_45.024_-NONE-,ASST_NON_1905523-55-23_417,1905523-55-23,,,SAI EXEMPT,45000.00,45000.00,45000.00,8700.00,0.00,0.00,0.00,0.00,0.00,0.00,45000.00,Q: Not Designated Nonemergency/Emergency/Disaster/Wildfire Suppression,,,,,2023-02-21,2023,2023-01-01,2024-12-31,417,National Endowment for the Arts,5920,National Endowment for the Arts,593105,NATIONAL ENDOWMENT FOR THE ARTS,417,National Endowment for the Arts,5920,National Endowment for the Arts,593105,NATIONAL ENDOWMENT FOR THE ARTS,417-X-0100-000,417-0100,"41.0: Grants, subsidies, and contributions",0001: PROMOTION OF THE ARTS,FTXFG8UEMVH3,,"NEW YORK FOLKLORE SOCIETY, INC",NEW YORK FOLKLORE SOCIETY  INC.,,,,,USA,UNITED STATES,129 JAY ST,,65508,SCHENECTADY,36093,SCHENECTADY,36,NY,NEW YORK,12305,1903,NY-20,NY-20,,,,STATE-WIDE,USA,UNITED STATES,NY*****,,,,36,NEW YORK,,NY-20,,,45.024,PROMOTION OF THE ARTS GRANTS TO ORGANIZATIONS AND INDIVIDUALS,,,04,PROJECT GRANT (B),,,,,PURPOSE: TO SUPPORT A FOLK ARTS IN EDUCATION STATEWIDE NETWORK.,PURPOSE: TO SUPPORT A FOLK ARTS IN EDUCATION STATEWIDE NETWORK.,NON,NOT RECOVERY ACT,M,NONPROFIT WITH 501C3 IRS STATUS (OTHER THAN AN INSTITUTION OF HIGHER EDUCATION),,,A1,New Award,2,NON-AGGREGATE RECORD,,,,,,,,,,,https://www.usaspending.gov/award/ASST_NON_1905523-55-23_417/,2023-02-22 20:21:53.723553+00,2023-02-22 20:21:53.723553+00,recipient county outside NYC
5920_1905688-42-23_-NONE-_45.024_-NONE-,ASST_NON_1905688-42-23_417,1905688-42-23,,,SAI EXEMPT,35000.00,35000.00,35000.00,0.00,0.00,0.00,0.00,0.00,0.00,0.00,35000.00,Q: Not Designated Nonemergency/Emergency/Disaster/Wildfire Suppression,,,,,2023-04-17,2023,2023-01-01,2023-12-31,417,National Endowment for the Arts,5920,National Endowment for the Arts,593105,NATIONAL ENDOWMENT FOR THE ARTS,417,National Endowment for the Arts,5920,National Endowment for the Arts,593105,NATIONAL ENDOWMENT FOR THE ARTS,417-X-0100-000,417-0100,"41.0: Grants, subsidies, and contributions",0001: PROMOTION OF THE ARTS,SFMKMBJHG733,,OPEN STYLE LAB INC,OPEN STYLE LAB  INC,,,,,USA,UNITED STATES,8 LINKS DR,,30169,GREAT NECK,36059,NASSAU,36,NY,NEW YORK,11020,1145,NY-03,NY-03,,,,STATE-WIDE,USA,UNITED STATES,NY*****,,,,36,NEW YORK,,NY-03,,,45.024,PROMOTION OF THE ARTS GRANTS TO ORGANIZATIONS AND INDIVIDUALS,,,04,PROJECT GRANT (B),,,,,PURPOSE: TO SUPPORT A SERIES OF DIGITAL EDUCATIONAL PROGRAMS FOCUSED ON INCLUSIVE FASHION DESIGN.,PURPOSE: TO SUPPORT A SERIES OF DIGITAL EDUCATIONAL PROGRAMS FOCUSED ON INCLUSIVE FASHION DESIGN.,NON,NOT RECOVERY ACT,M,NONPROFIT WITH 501C3 IRS STATUS (OTHER THAN AN INSTITUTION OF HIGHER EDUCATION),,,A1,New Award,2,NON-AGGREGATE RECORD,,,,,,,,,,,https://www.usaspending.gov/award/ASST_NON_1905688-42-23_417/,2023-04-25 15:23:27.944592+00,2023-04-25 15:23:27.944592+00,recipient county outside NYC
5920_1905788-51-23_-NONE-_45.024_-NONE-,ASST_NON_1905788-51-23_417,1905788-51-23,,,SAI EXEMPT,15000.00,15000.00,15000.00,0.00,0.00,0.00,0.00,0.00,0.00,0.00,15000.00,Q: Not Designated Nonemergency/Emergency/Disaster/Wildfire Suppression,,,,,2023-01-05,2023,2023-01-01,2023-12-31,417,National Endowment for the Arts,5920,National Endowment for the Arts,593105,NATIONAL ENDOWMENT FOR THE ARTS,417,National Endowment for the Arts,5920,National Endowment for the Arts,593105,NATIONAL ENDOWMENT FOR THE ARTS,417-X-0100-000,417-0100,"41.0: Grants, subsidies, and contributions",0001: PROMOTION OF THE ARTS,Q6CVFVXB6P74,,BUFFALO STRING WORKS INC,BUFFALO STRING WORKS  INC.,,,,,USA,UNITED STATES,179 ANDERSON PL,,11000,BUFFALO,36029,ERIE,36,NY,NEW YORK,14222,1803,NY-26,NY-26,,,,STATE-WIDE,USA,UNITED STATES,NY*****,,,,36,NEW YORK,,NY-26,,,45.024,PROMOTION OF THE ARTS GRANTS TO ORGANIZATIONS AND INDIVIDUALS,,,04,PROJECT GRANT (B),,,,,PURPOSE: TO SUPPORT STAFF SALARIES AND TEACHING ARTIST FEES FOR A FREE ORCHESTRA PROGRAM FOR YOUTH.,PURPOSE: TO SUPPORT STAFF SALARIES AND TEACHING ARTIST FEES FOR A FREE ORCHESTRA PROGRAM FOR YOUTH.,NON,NOT RECOVERY ACT,M,NONPROFIT WITH 501C3 IRS STATUS (OTHER THAN AN INSTITUTION OF HIGHER EDUCATION),,,A1,New Award,2,NON-AGGREGATE RECORD,,,,,,,,,,,https://www.usaspending.gov/award/ASST_NON_1905788-51-23_417/,2023-01-30 16:38:37.796977+00,2023-01-30 16:38:37.796977+00,recipient county outside NYC
5920_1905817-32-23_-NONE-_45.024_-NONE-,ASST_NON_1905817-32-23_417,1905817-32-23,,,SAI EXEMPT,25000.00,0.00,,9506.00,0.00,0.00,0.00,0.00,0.00,0.00,25000.00,Q: Not Designated Nonemergency/Emergency/Disaster/Wildfire Suppression,,,,,2023-01-17,2023,2023-01-01,2023-08-31,417,National Endowment for the Arts,5920,National Endowment for the Arts,593105,NATIONAL ENDOWMENT FOR THE ARTS,417,National Endowment for the Arts,5920,National Endowment for the Arts,593105,NATIONAL ENDOWMENT FOR THE ARTS,417-X-0100-000,417-0100,"41.0: Grants, subsidies, and contributions",0001: PROMOTION OF THE ARTS,J6TWTRKC1X14,,ROCHESTER INSTITUTE OF TECHNOLOGY,ROCHESTER INSTITUTE OF TECHNOLOGY,J6TWTRKC1X14,,ROCHESTER INSTITUTE OF TECHNOLOGY,ROCHESTER INSTITUTE OF TECHNOLOGY (INC),USA,UNITED STATES,1 LOMB MEMORIAL DR,,63000,ROCHESTER,36055,MONROE,36,NY,NEW YORK,14623,5603,NY-25,NY-25,,,,STATE-WIDE,USA,UNITED STATES,NY*****,,,,36,NEW YORK,,NY-25,,,45.024,PROMOTION OF THE ARTS GRANTS TO ORGANIZATIONS AND INDIVIDUALS,,,04,PROJECT GRANT (B),,,,,PURPOSE: TO SUPPORT A BILINGUAL PRODUCTION OF WILLIAM SHAKESPEARES TITUS ANDRONICUS  PERFORMED IN ENGLISH AND AMERICAN SIGN LANGUAGE.,"PURPOSE: TO SUPPORT A BILINGUAL PRODUCTION OF
WILLIAM SHAKESPEARE'S TITUS ANDRONICUS, PERFORMED IN ENGLISH AND
AMERICAN SIGN LANGUAGE.",NON,NOT RECOVERY ACT,M,NONPROFIT WITH 501C3 IRS STATUS (OTHER THAN AN INSTITUTION OF HIGHER EDUCATION),,,A1,New Award,2,NON-AGGREGATE RECORD,,,,,,,,,,,https://www.usaspending.gov/award/ASST_NON_1905817-32-23_417/,2023-01-30 16:38:37.796977+00,2023-01-30 16:38:37.796977+00,recipient county outside NYC
5920_1905817-32-23_-NONE-_45.024_1,ASST_NON_1905817-32-23_417,1905817-32-23,1,,SAI EXEMPT,0.00,0.00,,9506.00,0.00,0.00,0.00,0.00,0.00,0.00,0.00,Q: Not Designated Nonemergency/Emergency/Disaster/Wildfire Suppression,,,,,2023-01-17,2023,2023-01-01,2024-09-30,417,National Endowment for the Arts,5920,National Endowment for the Arts,593105,NATIONAL ENDOWMENT FOR THE ARTS,417,National Endowment for the Arts,5920,National Endowment for the Arts,593105,NATIONAL ENDOWMENT FOR THE ARTS,417-X-0100-000,417-0100,"41.0: Grants, subsidies, and contributions",0001: PROMOTION OF THE ARTS,J6TWTRKC1X14,,ROCHESTER INSTITUTE OF TECHNOLOGY,ROCHESTER INSTITUTE OF TECHNOLOGY,,,ROCHESTER INSTITUTE OF TECHNOLOGY (INC),ROCHESTER INSTITUTE OF TECHNOLOGY (INC),USA,UNITED STATES,1 LOMB MEMORIAL DR,,63000,ROCHESTER,36055,MONROE,36,NY,NEW YORK,14623,5603,NY-25,NY-25,,,,STATE-WIDE,USA,UNITED STATES,NY*****,,,,36,NEW YORK,,NY-25,,,45.024,PROMOTION OF THE ARTS GRANTS TO ORGANIZATIONS AND INDIVIDUALS,,,04,PROJECT GRANT (B),,,,,"PURPOSE: TO SUPPORT A BILINGUAL PRODUCTION OF
WILLIAM SHAKESPEARE'S TITUS ANDRONICUS, PERFORMED IN ENGLISH AND
AMERICAN SIGN LANGUAGE.","PURPOSE: TO SUPPORT A BILINGUAL PRODUCTION OF
WILLIAM SHAKESPEARE'S TITUS ANDRONICUS, PERFORMED IN ENGLISH AND
AMERICAN SIGN LANGUAGE.",NON,NOT RECOVERY ACT,M,NONPROFIT WITH 501C3 IRS STATUS (OTHER THAN AN INSTITUTION OF HIGHER EDUCATION),,,A1,New Award,2,NON-AGGREGATE RECORD,,,,,,,,,,,https://www.usaspending.gov/award/ASST_NON_1905817-32-23_417/,2023-03-21 15:38:11.939902+00,2023-03-21 15:38:11.939902+00,recipient county outside NYC
5920_1905817-32-23_-NONE-_45.024_2,ASST_NON_1905817-32-23_417,1905817-32-23,2,,SAI EXEMPT,-25000.00,0.00,,9506.00,0.00,0.00,0.00,0.00,0.00,0.00,-25000.00,Q: Not Designated Nonemergency/Emergency/Disaster/Wildfire Suppression,,,,,2025-03-24,2025,2023-01-01,2024-09-30,417,National Endowment for the Arts,5920,National Endowment for the Arts,593105,NATIONAL ENDOWMENT FOR THE ARTS,417,National Endowment for the Arts,5920,National Endowment for the Arts,593105,NATIONAL ENDOWMENT FOR THE ARTS,417-X-0100-000,417-0100,"41.0: Grants, subsidies, and contributions",0001: PROMOTION OF THE ARTS,J6TWTRKC1X14,,ROCHESTER INSTITUTE OF TECHNOLOGY,ROCHESTER INSTITUTE OF TECHNOLOGY,,,ROCHESTER INSTITUTE OF TECHNOLOGY (INC),ROCHESTER INSTITUTE OF TECHNOLOGY (INC),USA,UNITED STATES,1 LOMB MEMORIAL DR,,63000,ROCHESTER,36055,MONROE,36,NY,NEW YORK,14623,5603,NY-25,NY-25,,,,STATE-WIDE,USA,UNITED STATES,NY*****,,,,36,NEW YORK,,NY-25,,,45.024,PROMOTION OF THE ARTS GRANTS TO ORGANIZATIONS AND INDIVIDUALS,2022NEA01GAP1,TO SUPPORT OPPORTUNITIES FOR ALL PEOPLE TO PARTICIPATE IN THE ARTS AND ARTS EDUCATION.,04,PROJECT GRANT (B),,,,,PURPOSE: TO SUPPORT A BILINGUAL PRODUCTION OF WILLIAM SHAKESPEARES TITUS ANDRONICUS  PERFORMED IN ENGLISH AND AMERICAN SIGN LANGUAGE.,"PURPOSE: TO SUPPORT A BILINGUAL PRODUCTION OF
WILLIAM SHAKESPEARE'S TITUS ANDRONICUS, PERFORMED IN ENGLISH AND
AMERICAN SIGN LANGUAGE.",NON,NOT RECOVERY ACT,M,NONPROFIT WITH 501C3 IRS STATUS (OTHER THAN AN INSTITUTION OF HIGHER EDUCATION),,,A1,New Award,2,NON-AGGREGATE RECORD,,,,,,,,,,,https://www.usaspending.gov/award/ASST_NON_1905817-32-23_417/,2025-03-26 14:12:55.759117+00,2025-03-26 14:12:55.759117+00,recipient county outside NYC
5920_1905868-54-23_-NONE-_45.024_-NONE-,ASST_NON_1905868-54-23_417,1905868-54-23,,,SAI EXEMPT,10000.00,10000.00,10000.00,0.00,0.00,0.00,0.00,0.00,0.00,0.00,10000.00,Q: Not Designated Nonemergency/Emergency/Disaster/Wildfire Suppression,,,,,2023-06-02,2023,2023-01-01,2023-12-31,417,National Endowment for the Arts,5920,National Endowment for the Arts,593105,NATIONAL ENDOWMENT FOR THE ARTS,417,National Endowment for the Arts,5920,National Endowment for the Arts,593105,NATIONAL ENDOWMENT FOR THE ARTS,417-X-0100-000,417-0100,"41.0: Grants, subsidies, and contributions",0001: PROMOTION OF THE ARTS,U5WBFKEBLMX3,,RENSSELAER POLYTECHNIC INSTITUTE,RENSSELAER POLYTECHNIC INSTITUTE,,,RENSSELAER POLYTECHNIC INSTITUTE,RENSSELAER POLYTECHNIC INSTITUTE,USA,UNITED STATES,110 8TH ST,,75484,TROY,36083,RENSSELAER,36,NY,NEW YORK,12180,3522,NY-20,NY-20,,,,STATE-WIDE,USA,UNITED STATES,NY*****,,,,36,NEW YORK,,NY-20,,,45.024,PROMOTION OF THE ARTS GRANTS TO ORGANIZATIONS AND INDIVIDUALS,2022NEA01GAP1,,04,PROJECT GRANT (B),,,,,PURPOSE: TO SUPPORT THE COMMISSION AND PRESENTATION OF NEW MULTIDISCIPLINARY ART WORKS.&NBSP;,PURPOSE: TO SUPPORT THE COMMISSION AND PRESENTATION OF NEW MULTIDISCIPLINARY ART WORKS.&NBSP;,NON,NOT RECOVERY ACT,M,NONPROFIT WITH 501C3 IRS STATUS (OTHER THAN AN INSTITUTION OF HIGHER EDUCATION),,,A1,New Award,2,NON-AGGREGATE RECORD,,,,,,,,,,,https://www.usaspending.gov/award/ASST_NON_1905868-54-23_417/,2023-06-27 18:00:19.566518+00,2023-06-27 18:00:19.566518+00,recipient county outside NYC
5920_1905928-44-23_-NONE-_45.024_-NONE-,ASST_NON_1905928-44-23_417,1905928-44-23,,,SAI EXEMPT,40000.00,40000.00,40000.00,0.00,0.00,0.00,0.00,0.00,0.00,0.00,40000.00,Q: Not Designated Nonemergency/Emergency/Disaster/Wildfire Suppression,,,,,2023-03-08,2023,2023-01-01,2023-12-31,417,National Endowment for the Arts,5920,National Endowment for the Arts,593105,NATIONAL ENDOWMENT FOR THE ARTS,417,National Endowment for the Arts,5920,National Endowment for the Arts,593105,NATIONAL ENDOWMENT FOR THE ARTS,417-X-0100-000,417-0100,"41.0: Grants, subsidies, and contributions",0001: PROMOTION OF THE ARTS,HLBJUVV4AFJ6,,STORM KING ART CENTER,STORM KING ART CENTER,,,,,USA,UNITED STATES,1 MUSEUM RD,,50837,NEW WINDSOR,36071,ORANGE,36,NY,NEW YORK,12553,8883,NY-18,NY-18,,,,STATE-WIDE,USA,UNITED STATES,NY*****,,,,36,NEW YORK,,NY-18,,,45.024,PROMOTION OF THE ARTS GRANTS TO ORGANIZATIONS AND INDIVIDUALS,,,04,PROJECT GRANT (B),,,,,PURPOSE: TO SUPPORT A SITE-SPECIFIC  OUTDOOR PERMANENT COMMISSION BY AMERICAN SCULPTOR MARTIN PURYEAR  AS WELL AS AN EXHIBITION  CATALOGUE  AND RELATED PUBLIC PROGRAMS.,PURPOSE: TO SUPPORT A SITE-SPECIFIC  OUTDOOR PERMANENT COMMISSION BY AMERICAN SCULPTOR MARTIN PURYEAR  AS WELL AS AN EXHIBITION  CATALOGUE  AND RELATED PUBLIC PROGRAMS.,NON,NOT RECOVERY ACT,M,NONPROFIT WITH 501C3 IRS STATUS (OTHER THAN AN INSTITUTION OF HIGHER EDUCATION),,,A1,New Award,2,NON-AGGREGATE RECORD,,,,,,,,,,,https://www.usaspending.gov/award/ASST_NON_1905928-44-23_417/,2023-03-28 19:49:59.814274+00,2023-03-28 19:49:59.814274+00,recipient county outside NYC
5920_1905953-62-23_-NONE-_45.024_-NONE-,ASST_NON_1905953-62-23_417,1905953-62-23,,,SAI EXEMPT,35000.00,35000.00,35000.00,0.00,0.00,0.00,0.00,0.00,0.00,0.00,35000.00,Q: Not Designated Nonemergency/Emergency/Disaster/Wildfire Suppression,,,,,2023-04-04,2023,2023-01-01,2024-02-29,417,National Endowment for the Arts,5920,National Endowment for the Arts,593105,NATIONAL ENDOWMENT FOR THE ARTS,417,National Endowment for the Arts,5920,National Endowment for the Arts,593105,NATIONAL ENDOWMENT FOR THE ARTS,417-X-0100-000,417-0100,"41.0: Grants, subsidies, and contributions",0001: PROMOTION OF THE ARTS,U8S6LQLLQ3C7,,CNY ARTS INC,CNY ARTS  INC.,,,,,USA,UNITED STATES,421 MONTGOMERY ST,,73000,SYRACUSE,36067,ONONDAGA,36,NY,NEW YORK,13202,2923,NY-22,NY-22,,,,STATE-WIDE,USA,UNITED STATES,NY*****,,,,36,NEW YORK,,NY-22,,,45.024,PROMOTION OF THE ARTS GRANTS TO ORGANIZATIONS AND INDIVIDUALS,,,04,PROJECT GRANT (B),,,,,PURPOSE: TO SUPPORT A GRANT PROGRAM FOR ORGANIZATIONS IN CENTRAL NEW YORK STATE.,PURPOSE: TO SUPPORT A GRANT PROGRAM FOR ORGANIZATIONS IN CENTRAL NEW YORK STATE.,NON,NOT RECOVERY ACT,M,NONPROFIT WITH 501C3 IRS STATUS (OTHER THAN AN INSTITUTION OF HIGHER EDUCATION),,,A1,New Award,2,NON-AGGREGATE RECORD,,,,,,,,,,,https://www.usaspending.gov/award/ASST_NON_1905953-62-23_417/,2023-04-25 15:23:27.944592+00,2023-04-25 15:23:27.944592+00,recipient county outside NYC
5920_1905954-31-23_-NONE-_45.024_-NONE-,ASST_NON_1905954-31-23_417,1905954-31-23,,,SAI EXEMPT,10000.00,10000.00,10000.00,0.00,0.00,0.00,0.00,0.00,0.00,0.00,10000.00,Q: Not Designated Nonemergency/Emergency/Disaster/Wildfire Suppression,,,,,2023-03-20,2023,2023-01-01,2023-12-31,417,National Endowment for the Arts,5920,National Endowment for the Arts,593105,NATIONAL ENDOWMENT FOR THE ARTS,417,National Endowment for the Arts,5920,National Endowment for the Arts,593105,NATIONAL ENDOWMENT FOR THE ARTS,417-X-0100-000,417-0100,"41.0: Grants, subsidies, and contributions",0001: PROMOTION OF THE ARTS,UBRYQB7BHLG9,,SYRACUSE SOCIETY FOR NEW MUSIC,SOCIETY FOR NEW MUSIC,,,,,USA,UNITED STATES,438 BROOKFORD RD,,73000,SYRACUSE,36067,ONONDAGA,36,NY,NEW YORK,13224,1839,NY-22,NY-22,,,,STATE-WIDE,USA,UNITED STATES,NY*****,,,,36,NEW YORK,,NY-22,,,45.024,PROMOTION OF THE ARTS GRANTS TO ORGANIZATIONS AND INDIVIDUALS,,,04,PROJECT GRANT (B),,,,,PURPOSE:&NBSP;TO SUPPORT A COMMISSIONING AND PERFORMANCE PROJECT FEATURING A NEW WORK BY COMPOSER RYAN CHASE.,PURPOSE:&NBSP;TO SUPPORT A COMMISSIONING AND PERFORMANCE PROJECT FEATURING A NEW WORK BY COMPOSER RYAN CHASE.,NON,NOT RECOVERY ACT,M,NONPROFIT WITH 501C3 IRS STATUS (OTHER THAN AN INSTITUTION OF HIGHER EDUCATION),,,A1,New Award,2,NON-AGGREGATE RECORD,,,,,,,,,,,https://www.usaspending.gov/award/ASST_NON_1905954-31-23_417/,2023-03-28 19:49:59.814274+00,2023-03-28 19:49:59.814274+00,recipient county outside NYC
5920_1905998-41-23_-NONE-_45.024_-NONE-,ASST_NON_1905998-41-23_417,1905998-41-23,,,SAI EXEMPT,25000.00,25000.00,25000.00,0.00,0.00,0.00,0.00,0.00,0.00,0.00,25000.00,Q: Not Designated Nonemergency/Emergency/Disaster/Wildfire Suppression,,,,,2023-04-11,2023,2023-01-01,2023-12-31,417,National Endowment for the Arts,5920,National Endowment for the Arts,593105,NATIONAL ENDOWMENT FOR THE ARTS,417,National Endowment for the Arts,5920,National Endowment for the Arts,593105,NATIONAL ENDOWMENT FOR THE ARTS,417-X-0100-000,417-0100,"41.0: Grants, subsidies, and contributions",0001: PROMOTION OF THE ARTS,ZX4TF4XJB477,,"THE WASSAIC PROJECT, INC.",WASSAIC PROJECT  INC.,,,,,USA,UNITED STATES,37 FURNACE BANK RD,,78476,WASSAIC,36027,DUTCHESS,36,NY,NEW YORK,12592,2125,NY-18,NY-18,,,,STATE-WIDE,USA,UNITED STATES,NY*****,,,,36,NEW YORK,,NY-18,,,45.024,PROMOTION OF THE ARTS GRANTS TO ORGANIZATIONS AND INDIVIDUALS,,,04,PROJECT GRANT (B),,,,,PURPOSE: TO SUPPORT AN OUTDOOR PUBLIC ART INSTALLATION AND COMMUNITY ENGAGEMENT PROJECT.,PURPOSE: TO SUPPORT AN OUTDOOR PUBLIC ART INSTALLATION AND COMMUNITY ENGAGEMENT PROJECT.,NON,NOT RECOVERY ACT,M,NONPROFIT WITH 501C3 IRS STATUS (OTHER THAN AN INSTITUTION OF HIGHER EDUCATION),,,A1,New Award,2,NON-AGGREGATE RECORD,,,,,,,,,,,https://www.usaspending.gov/award/ASST_NON_1905998-41-23_417/,2023-04-25 15:23:27.944592+00,2023-04-25 15:23:27.944592+00,recipient county outside NYC
5920_1906004-54-23_-NONE-_45.024_-NONE-,ASST_NON_1906004-54-23_417,1906004-54-23,,,SAI EXEMPT,20000.00,20000.00,20000.00,0.00,0.00,0.00,0.00,0.00,0.00,0.00,20000.00,Q: Not Designated Nonemergency/Emergency/Disaster/Wildfire Suppression,,,,,2023-04-07,2023,2023-01-01,2023-12-31,417,National Endowment for the Arts,5920,National Endowment for the Arts,593105,NATIONAL ENDOWMENT FOR THE ARTS,417,National Endowment for the Arts,5920,National Endowment for the Arts,593105,NATIONAL ENDOWMENT FOR THE ARTS,417-X-0100-000,417-0100,"41.0: Grants, subsidies, and contributions",0001: PROMOTION OF THE ARTS,C9CTV3YCDBZ3,,"GUILD HALL OF EAST HAMPTON, INC.",GUILD HALL OF EAST HAMPTON  INC.,,,,,USA,UNITED STATES,158 MAIN ST,,22183,EAST HAMPTON,36103,SUFFOLK,36,NY,NEW YORK,11937,2721,NY-01,NY-01,,,,STATE-WIDE,USA,UNITED STATES,NY*****,,,,36,NEW YORK,,NY-01,,,45.024,PROMOTION OF THE ARTS GRANTS TO ORGANIZATIONS AND INDIVIDUALS,,,04,PROJECT GRANT (B),,,,,PURPOSE: TO SUPPORT IN-SCHOOL MULTIDISCIPLINARY ARTS WORKSHOPS.,PURPOSE: TO SUPPORT IN-SCHOOL MULTIDISCIPLINARY ARTS WORKSHOPS.,NON,NOT RECOVERY ACT,M,NONPROFIT WITH 501C3 IRS STATUS (OTHER THAN AN INSTITUTION OF HIGHER EDUCATION),,,A1,New Award,2,NON-AGGREGATE RECORD,,,,,,,,,,,https://www.usaspending.gov/award/ASST_NON_1906004-54-23_417/,2023-04-25 15:23:27.944592+00,2023-04-25 15:23:27.944592+00,recipient county outside NYC
5920_1906015-54-23_-NONE-_45.024_-NONE-,ASST_NON_1906015-54-23_417,1906015-54-23,,,SAI EXEMPT,25000.00,25000.00,25000.00,0.00,0.00,0.00,0.00,0.00,0.00,0.00,25000.00,Q: Not Designated Nonemergency/Emergency/Disaster/Wildfire Suppression,,,,,2023-03-20,2023,2023-05-01,2023-12-31,417,National Endowment for the Arts,5920,National Endowment for the Arts,593105,NATIONAL ENDOWMENT FOR THE ARTS,417,National Endowment for the Arts,5920,National Endowment for the Arts,593105,NATIONAL ENDOWMENT FOR THE ARTS,417-X-0100-000,417-0100,"41.0: Grants, subsidies, and contributions",0001: PROMOTION OF THE ARTS,NV89S27ZCF58,,ARTPARK & CO INC,ARTPARK & COMPANY  INC.,,,,,USA,UNITED STATES,450 S 4TH ST,,42147,LEWISTON,36063,NIAGARA,36,NY,NEW YORK,14092,1528,NY-26,NY-24,,,,STATE-WIDE,USA,UNITED STATES,NY*****,,,,36,NEW YORK,,NY-26,,,45.024,PROMOTION OF THE ARTS GRANTS TO ORGANIZATIONS AND INDIVIDUALS,,,04,PROJECT GRANT (B),,,,,PURPOSE:&NBSP;TO SUPPORT MULTIDISCIPLINARY ARTIST RESIDENCIES  PRESENTATIONS  AND COMMUNITY ENGAGEMENT ACTIVITIES.,PURPOSE:&NBSP;TO SUPPORT MULTIDISCIPLINARY ARTIST RESIDENCIES  PRESENTATIONS  AND COMMUNITY ENGAGEMENT ACTIVITIES.,NON,NOT RECOVERY ACT,M,NONPROFIT WITH 501C3 IRS STATUS (OTHER THAN AN INSTITUTION OF HIGHER EDUCATION),,,A1,New Award,2,NON-AGGREGATE RECORD,,,,,,,,,,,https://www.usaspending.gov/award/ASST_NON_1906015-54-23_417/,2023-03-28 19:49:59.814274+00,2023-03-28 19:49:59.814274+00,recipient county outside NYC
5920_1906019-31-23_-NONE-_45.024_-NONE-,ASST_NON_1906019-31-23_417,1906019-31-23,,,SAI EXEMPT,10000.00,10000.00,10000.00,16904.00,0.00,0.00,0.00,0.00,0.00,0.00,10000.00,Q: Not Designated Nonemergency/Emergency/Disaster/Wildfire Suppression,,,,,2023-02-02,2023,2023-01-01,2024-12-31,417,National Endowment for the Arts,5920,National Endowment for the Arts,593105,NATIONAL ENDOWMENT FOR THE ARTS,417,National Endowment for the Arts,5920,National Endowment for the Arts,593105,NATIONAL ENDOWMENT FOR THE ARTS,417-X-0100-000,417-0100,"41.0: Grants, subsidies, and contributions",0001: PROMOTION OF THE ARTS,F27KDXZMF9Y8,,UNIVERSITY OF ROCHESTER,UNIVERSITY OF ROCHESTER,F27KDXZMF9Y8,,UNIVERSITY OF ROCHESTER,UNIVERSITY OF ROCHESTER,USA,UNITED STATES,500 JOSEPH C WILSON BLVD,,63000,ROCHESTER,36055,MONROE,36,NY,NEW YORK,14627,0001,NY-25,NY-25,,,,STATE-WIDE,USA,UNITED STATES,NY*****,,,,36,NEW YORK,,NY-25,,,45.024,PROMOTION OF THE ARTS GRANTS TO ORGANIZATIONS AND INDIVIDUALS,,,04,PROJECT GRANT (B),,,,,PURPOSE:&NBSP;TO SUPPORT A SERIES OF LIVESTREAMED MUSICAL PERFORMANCES FOR UNIVERSITY HOSPITAL PATIENTS  FAMILIES  AND EMPLOYEES.,"PURPOSE:TO SUPPORT A SERIES OF LIVESTREAMED MUSICAL PERFORMANCES FOR UNIVERSITY
HOSPITAL PATIENTS, FAMILIES, AND EMPLOYEES.",NON,NOT RECOVERY ACT,M,NONPROFIT WITH 501C3 IRS STATUS (OTHER THAN AN INSTITUTION OF HIGHER EDUCATION),,,A1,New Award,2,NON-AGGREGATE RECORD,,,,,,,,,,,https://www.usaspending.gov/award/ASST_NON_1906019-31-23_417/,2023-02-22 20:21:53.723553+00,2023-02-22 20:21:53.723553+00,recipient county outside NYC
5920_1906019-31-23_-NONE-_45.024_1,ASST_NON_1906019-31-23_417,1906019-31-23,1,,SAI EXEMPT,0.00,10000.00,10000.00,16904.00,0.00,0.00,0.00,0.00,0.00,0.00,0.00,Q: Not Designated Nonemergency/Emergency/Disaster/Wildfire Suppression,,,,,2023-02-02,2023,2023-01-01,2025-12-31,417,National Endowment for the Arts,5920,National Endowment for the Arts,593105,NATIONAL ENDOWMENT FOR THE ARTS,417,National Endowment for the Arts,5920,National Endowment for the Arts,593105,NATIONAL ENDOWMENT FOR THE ARTS,417-X-0100-000,417-0100,"41.0: Grants, subsidies, and contributions",0001: PROMOTION OF THE ARTS,F27KDXZMF9Y8,,UNIVERSITY OF ROCHESTER,UNIVERSITY OF ROCHESTER,,,UNIVERSITY OF ROCHESTER,UNIVERSITY OF ROCHESTER,USA,UNITED STATES,910 GENESEE ST,STE 200,63000,ROCHESTER,36055,MONROE,36,NY,NEW YORK,14611,3847,NY-25,NY-25,,,,STATE-WIDE,USA,UNITED STATES,NY*****,,,,36,NEW YORK,,NY-25,,,45.024,PROMOTION OF THE ARTS GRANTS TO ORGANIZATIONS AND INDIVIDUALS,2022NEA01GAP1,TO SUPPORT OPPORTUNITIES FOR ALL PEOPLE TO PARTICIPATE IN THE ARTS AND ARTS EDUCATION.,04,PROJECT GRANT (B),,,,,"PURPOSE:TO SUPPORT A SERIES OF LIVESTREAMED MUSICAL PERFORMANCES FOR UNIVERSITY
HOSPITAL PATIENTS, FAMILIES, AND EMPLOYEES.","PURPOSE:TO SUPPORT A SERIES OF LIVESTREAMED MUSICAL PERFORMANCES FOR UNIVERSITY
HOSPITAL PATIENTS, FAMILIES, AND EMPLOYEES.",NON,NOT RECOVERY ACT,M,NONPROFIT WITH 501C3 IRS STATUS (OTHER THAN AN INSTITUTION OF HIGHER EDUCATION),,,A1,New Award,2,NON-AGGREGATE RECORD,,,,,,,,,,,https://www.usaspending.gov/award/ASST_NON_1906019-31-23_417/,2025-02-03 19:54:39.47619+00,2025-02-03 19:54:39.47619+00,recipient county outside NYC
5920_1906025-44-23_-NONE-_45.024_-NONE-,ASST_NON_1906025-44-23_417,1906025-44-23,,,SAI EXEMPT,20000.00,20000.00,20000.00,0.00,0.00,0.00,0.00,0.00,0.00,0.00,20000.00,Q: Not Designated Nonemergency/Emergency/Disaster/Wildfire Suppression,,,,,2023-03-16,2023,2023-01-01,2023-12-31,417,National Endowment for the Arts,5920,National Endowment for the Arts,593105,NATIONAL ENDOWMENT FOR THE ARTS,417,National Endowment for the Arts,5920,National Endowment for the Arts,593105,NATIONAL ENDOWMENT FOR THE ARTS,417-X-0100-000,417-0100,"41.0: Grants, subsidies, and contributions",0001: PROMOTION OF THE ARTS,QUNPL3WFYMG6,,THOMAS COLE HISTORIC HOUSE,THOMAS COLE HISTORIC HOUSE,,,,,USA,UNITED STATES,218 SPRING ST,,13002,CATSKILL,36039,GREENE,36,NY,NEW YORK,12414,1027,NY-19,NY-19,,,,STATE-WIDE,USA,UNITED STATES,NY*****,,,,36,NEW YORK,,NY-19,,,45.024,PROMOTION OF THE ARTS GRANTS TO ORGANIZATIONS AND INDIVIDUALS,,,04,PROJECT GRANT (B),,,,,PURPOSE: TO SUPPORT AN EXHIBITION FEATURING WORKS BY WOMEN ARTISTS AND AN ACCOMPANYING CATALOGUE.,PURPOSE: TO SUPPORT AN EXHIBITION FEATURING WORKS BY WOMEN ARTISTS AND AN ACCOMPANYING CATALOGUE.,NON,NOT RECOVERY ACT,M,NONPROFIT WITH 501C3 IRS STATUS (OTHER THAN AN INSTITUTION OF HIGHER EDUCATION),,,A1,New Award,2,NON-AGGREGATE RECORD,,,,,,,,,,,https://www.usaspending.gov/award/ASST_NON_1906025-44-23_417/,2023-03-28 19:49:59.814274+00,2023-03-28 19:49:59.814274+00,recipient county outside NYC
5920_1906050-54-23_-NONE-_45.024_-NONE-,ASST_NON_1906050-54-23_417,1906050-54-23,,,SAI EXEMPT,10000.00,10000.00,10000.00,0.00,0.00,0.00,0.00,0.00,0.00,0.00,10000.00,Q: Not Designated Nonemergency/Emergency/Disaster/Wildfire Suppression,,,,,2023-04-17,2023,2023-01-01,2023-12-31,417,National Endowment for the Arts,5920,National Endowment for the Arts,593105,NATIONAL ENDOWMENT FOR THE ARTS,417,National Endowment for the Arts,5920,National Endowment for the Arts,593105,NATIONAL ENDOWMENT FOR THE ARTS,417-X-0100-000,417-0100,"41.0: Grants, subsidies, and contributions",0001: PROMOTION OF THE ARTS,HTXKJJBJS433,,"PUSH PHYSICAL THEATRE, INC",PUSH PHYSICAL THEATRE  INC.,,,,,USA,UNITED STATES,50 N. PLYMOUTH AVE.,,63000,ROCHESTER,36055,MONROE,36,NY,NEW YORK,14614,1221,NY-25,NY-25,,,,STATE-WIDE,USA,UNITED STATES,NY*****,,,,36,NEW YORK,,NY-25,,,45.024,PROMOTION OF THE ARTS GRANTS TO ORGANIZATIONS AND INDIVIDUALS,,,04,PROJECT GRANT (B),,,,,PURPOSE: TO SUPPORT STAFF SALARIES FOR THE CREATION AND PRESENTATION OF THE MULTIDISCIPLINARY PERFORMING ARTS SHOW JEKYLL &AMP; HYDE.,PURPOSE: TO SUPPORT STAFF SALARIES FOR THE CREATION AND PRESENTATION OF THE MULTIDISCIPLINARY PERFORMING ARTS SHOW JEKYLL &AMP; HYDE.,NON,NOT RECOVERY ACT,M,NONPROFIT WITH 501C3 IRS STATUS (OTHER THAN AN INSTITUTION OF HIGHER EDUCATION),,,A1,New Award,2,NON-AGGREGATE RECORD,,,,,,,,,,,https://www.usaspending.gov/award/ASST_NON_1906050-54-23_417/,2023-04-25 15:23:27.944592+00,2023-04-25 15:23:27.944592+00,recipient county outside NYC
5920_1906186-31-23_-NONE-_45.024_-NONE-,ASST_NON_1906186-31-23_417,1906186-31-23,,,SAI EXEMPT,15000.00,15000.00,15000.00,0.00,0.00,0.00,0.00,0.00,0.00,0.00,15000.00,Q: Not Designated Nonemergency/Emergency/Disaster/Wildfire Suppression,,,,,2023-01-19,2023,2023-01-01,2023-05-31,417,National Endowment for the Arts,5920,National Endowment for the Arts,593105,NATIONAL ENDOWMENT FOR THE ARTS,417,National Endowment for the Arts,5920,National Endowment for the Arts,593105,NATIONAL ENDOWMENT FOR THE ARTS,417-X-0100-000,417-0100,"41.0: Grants, subsidies, and contributions",0001: PROMOTION OF THE ARTS,L62KHYWSQQE5,,BUFFALO PHILHARMONIC ORCHESTRA SOCIETY INC,BUFFALO PHILHARMONIC ORCHESTRA SOCIETY  INC.,L62KHYWSQQE5,,BUFFALO PHILHARMONIC ORCHESTRA SOCIETY INC,"BUFFALO PHILHARMONIC ORCHESTRA SOCIETY, INC.",USA,UNITED STATES,786 DELAWARE AVE,,11000,BUFFALO,36029,ERIE,36,NY,NEW YORK,14209,2006,NY-26,NY-26,,,,STATE-WIDE,USA,UNITED STATES,NY*****,,,,36,NEW YORK,,NY-26,,,45.024,PROMOTION OF THE ARTS GRANTS TO ORGANIZATIONS AND INDIVIDUALS,,,04,PROJECT GRANT (B),,,,,PURPOSE:&NBSP;TO SUPPORT A COMMUNITY ENGAGEMENT PROGRAM AND CONCERT.,PURPOSE:&NBSP;TO SUPPORT A COMMUNITY ENGAGEMENT PROGRAM AND CONCERT.,NON,NOT RECOVERY ACT,M,NONPROFIT WITH 501C3 IRS STATUS (OTHER THAN AN INSTITUTION OF HIGHER EDUCATION),,,A1,New Award,2,NON-AGGREGATE RECORD,,,,,,,,,,,https://www.usaspending.gov/award/ASST_NON_1906186-31-23_417/,2023-01-30 16:38:37.796977+00,2023-01-30 16:38:37.796977+00,recipient county outside NYC
5920_1906305-28-23_-NONE-_45.024_-NONE-,ASST_NON_1906305-28-23_417,1906305-28-23,,,SAI EXEMPT,10000.00,10000.00,10000.00,0.00,0.00,0.00,0.00,0.00,0.00,0.00,10000.00,Q: Not Designated Nonemergency/Emergency/Disaster/Wildfire Suppression,,,,,2022-12-07,2023,2023-01-01,2024-06-30,417,National Endowment for the Arts,5920,National Endowment for the Arts,593105,NATIONAL ENDOWMENT FOR THE ARTS,417,National Endowment for the Arts,5920,National Endowment for the Arts,593105,NATIONAL ENDOWMENT FOR THE ARTS,417-X-0100-000,417-0100,"41.0: Grants, subsidies, and contributions",0001: PROMOTION OF THE ARTS,NLC7HG3K3PA9,,DEEP ARTS INC,DEEP ARTS,,,,,USA,UNITED STATES,41 FRENCH RD,,63000,ROCHESTER,36055,MONROE,36,NY,NEW YORK,14618,3825,NY-25,NY-25,,,,STATE-WIDE,USA,UNITED STATES,NY*****,,,,36,NEW YORK,,NY-25,,,45.024,PROMOTION OF THE ARTS GRANTS TO ORGANIZATIONS AND INDIVIDUALS,,,04,PROJECT GRANT (B),,,,,PURPOSE: TO SUPPORT THE TOURING PRODUCTION OF LIKAH! A PUPPY MUSICAL.,PURPOSE: TO SUPPORT THE TOURING PRODUCTION OF LIKAH! A PUPPY MUSICAL.,NON,NOT RECOVERY ACT,M,NONPROFIT WITH 501C3 IRS STATUS (OTHER THAN AN INSTITUTION OF HIGHER EDUCATION),,,A1,New Award,2,NON-AGGREGATE RECORD,,,,,,,,,,,https://www.usaspending.gov/award/ASST_NON_1906305-28-23_417/,2022-12-12 16:26:46.400536+00,2022-12-12 16:26:46.400536+00,recipient county outside NYC
5920_1906305-28-23_-NONE-_45.024_1,ASST_NON_1906305-28-23_417,1906305-28-23,1,,SAI EXEMPT,0.00,10000.00,10000.00,0.00,0.00,0.00,0.00,0.00,0.00,0.00,0.00,Q: Not Designated Nonemergency/Emergency/Disaster/Wildfire Suppression,,,,,2022-12-07,2023,2023-01-01,2025-06-30,417,National Endowment for the Arts,5920,National Endowment for the Arts,593105,NATIONAL ENDOWMENT FOR THE ARTS,417,National Endowment for the Arts,5920,National Endowment for the Arts,593105,NATIONAL ENDOWMENT FOR THE ARTS,417-X-0100-000,417-0100,"41.0: Grants, subsidies, and contributions",0001: PROMOTION OF THE ARTS,NLC7HG3K3PA9,,DEEP ARTS INC,DEEP ARTS INC.,,,,,USA,UNITED STATES,41 FRENCH RD,,63000,ROCHESTER,36055,MONROE,36,NY,NEW YORK,14618,3825,NY-25,NY-25,,,,STATE-WIDE,USA,UNITED STATES,NY*****,,,,36,NEW YORK,,NY-25,,,45.024,PROMOTION OF THE ARTS GRANTS TO ORGANIZATIONS AND INDIVIDUALS,2022NEA01GAP1,,04,PROJECT GRANT (B),,,,,PURPOSE: TO SUPPORT THE TOURING PRODUCTION OF LIKAH! A PUPPY MUSICAL.,PURPOSE: TO SUPPORT THE TOURING PRODUCTION OF LIKAH! A PUPPY MUSICAL.,NON,NOT RECOVERY ACT,M,NONPROFIT WITH 501C3 IRS STATUS (OTHER THAN AN INSTITUTION OF HIGHER EDUCATION),,,A1,New Award,2,NON-AGGREGATE RECORD,,,,,,,,,,,https://www.usaspending.gov/award/ASST_NON_1906305-28-23_417/,2024-07-03 18:06:10.815226+00,2024-07-03 18:06:10.815226+00,recipient county outside NYC
5920_1906383-62-23_-NONE-_45.024_-NONE-,ASST_NON_1906383-62-23_417,1906383-62-23,,,SAI EXEMPT,25000.00,25000.00,25000.00,0.00,0.00,0.00,0.00,0.00,0.00,0.00,25000.00,Q: Not Designated Nonemergency/Emergency/Disaster/Wildfire Suppression,,,,,2023-05-16,2023,2023-01-01,2024-12-31,417,National Endowment for the Arts,5920,National Endowment for the Arts,593105,NATIONAL ENDOWMENT FOR THE ARTS,417,National Endowment for the Arts,5920,National Endowment for the Arts,593105,NATIONAL ENDOWMENT FOR THE ARTS,417-X-0100-000,417-0100,"41.0: Grants, subsidies, and contributions",0001: PROMOTION OF THE ARTS,QVRUL3PAQEK1,,"ARTSWESTCHESTER, INC",ARTSWESTCHESTER,,,,,USA,UNITED STATES,31 MAMARONECK AVE,,,,36119,WESTCHESTER,36,NY,NEW YORK,10601,3300,NY-16,NY-16,,,,STATE-WIDE,USA,UNITED STATES,NY*****,,,,36,NEW YORK,,NY-16,,,45.024,PROMOTION OF THE ARTS GRANTS TO ORGANIZATIONS AND INDIVIDUALS,,,04,PROJECT GRANT (B),,,,,PURPOSE: TO SUPPORT A GROUP EXHIBITION OF NEW WORKS AND RELATED PROGRAMMING FEATURING LOCAL AND REGIONAL VISUAL ARTISTS. &NBSP;,PURPOSE: TO SUPPORT A GROUP EXHIBITION OF NEW WORKS AND RELATED PROGRAMMING FEATURING LOCAL AND REGIONAL VISUAL ARTISTS. &NBSP;,NON,NOT RECOVERY ACT,M,NONPROFIT WITH 501C3 IRS STATUS (OTHER THAN AN INSTITUTION OF HIGHER EDUCATION),,,A1,New Award,2,NON-AGGREGATE RECORD,,,,,,,,,,,https://www.usaspending.gov/award/ASST_NON_1906383-62-23_417/,2023-05-22 17:02:24.537819+00,2023-05-22 17:02:24.537819+00,recipient county outside NYC
5920_1906391-52-23_-NONE-_45.024_-NONE-,ASST_NON_1906391-52-23_417,1906391-52-23,,,SAI EXEMPT,30000.00,30000.00,30000.00,4500.00,0.00,0.00,0.00,0.00,0.00,0.00,30000.00,Q: Not Designated Nonemergency/Emergency/Disaster/Wildfire Suppression,,,,,2023-01-17,2023,2023-01-01,2024-06-30,417,National Endowment for the Arts,5920,National Endowment for the Arts,593105,NATIONAL ENDOWMENT FOR THE ARTS,417,National Endowment for the Arts,5920,National Endowment for the Arts,593105,NATIONAL ENDOWMENT FOR THE ARTS,417-X-0100-000,417-0100,"41.0: Grants, subsidies, and contributions",0001: PROMOTION OF THE ARTS,F27KDXZMF9Y8,,UNIVERSITY OF ROCHESTER,UNIVERSITY OF ROCHESTER,F27KDXZMF9Y8,,UNIVERSITY OF ROCHESTER,UNIVERSITY OF ROCHESTER,USA,UNITED STATES,500 JOSEPH C WILSON BLVD,,63000,ROCHESTER,36055,MONROE,36,NY,NEW YORK,14627,0001,NY-25,NY-25,,,,STATE-WIDE,USA,UNITED STATES,NY*****,,,,36,NEW YORK,,NY-25,,,45.024,PROMOTION OF THE ARTS GRANTS TO ORGANIZATIONS AND INDIVIDUALS,,,04,PROJECT GRANT (B),,,,,PURPOSE: TO SUPPORT OPEN LETTER BOOKS IN THE PUBLICATION OF INTERNATIONAL LITERATURE.,PURPOSE: TO SUPPORT OPEN LETTER BOOKS IN THE PUBLICATION OF INTERNATIONAL LITERATURE.,NON,NOT RECOVERY ACT,M,NONPROFIT WITH 501C3 IRS STATUS (OTHER THAN AN INSTITUTION OF HIGHER EDUCATION),,,A1,New Award,2,NON-AGGREGATE RECORD,,,,,,,,,,,https://www.usaspending.gov/award/ASST_NON_1906391-52-23_417/,2023-01-30 16:38:37.796977+00,2023-01-30 16:38:37.796977+00,recipient county outside NYC
5920_1906391-52-23_-NONE-_45.024_1,ASST_NON_1906391-52-23_417,1906391-52-23,1,,SAI EXEMPT,0.00,30000.00,30000.00,4500.00,0.00,0.00,0.00,0.00,0.00,0.00,0.00,Q: Not Designated Nonemergency/Emergency/Disaster/Wildfire Suppression,,,,,2023-01-17,2023,2023-01-01,2025-06-30,417,National Endowment for the Arts,5920,National Endowment for the Arts,593105,NATIONAL ENDOWMENT FOR THE ARTS,417,National Endowment for the Arts,5920,National Endowment for the Arts,593105,NATIONAL ENDOWMENT FOR THE ARTS,417-X-0100-000,417-0100,"41.0: Grants, subsidies, and contributions",0001: PROMOTION OF THE ARTS,F27KDXZMF9Y8,,UNIVERSITY OF ROCHESTER,UNIVERSITY OF ROCHESTER,,,UNIVERSITY OF ROCHESTER,UNIVERSITY OF ROCHESTER,USA,UNITED STATES,910 GENESEE ST,STE 200,63000,ROCHESTER,36055,MONROE,36,NY,NEW YORK,14611,3847,NY-25,NY-25,,,,STATE-WIDE,USA,UNITED STATES,NY*****,,,,36,NEW YORK,,NY-25,,,45.024,PROMOTION OF THE ARTS GRANTS TO ORGANIZATIONS AND INDIVIDUALS,2022NEA01GAP1,,04,PROJECT GRANT (B),,,,,PURPOSE: TO SUPPORT OPEN LETTER BOOKS IN THE PUBLICATION OF INTERNATIONAL LITERATURE.,PURPOSE: TO SUPPORT OPEN LETTER BOOKS IN THE PUBLICATION OF INTERNATIONAL LITERATURE.,NON,NOT RECOVERY ACT,M,NONPROFIT WITH 501C3 IRS STATUS (OTHER THAN AN INSTITUTION OF HIGHER EDUCATION),,,A1,New Award,2,NON-AGGREGATE RECORD,,,,,,,,,,,https://www.usaspending.gov/award/ASST_NON_1906391-52-23_417/,2024-09-09 19:44:53.606674+00,2024-09-09 19:44:53.606674+00,recipient county outside NYC
5920_1906391-52-23_-NONE-_45.024_3,ASST_NON_1906391-52-23_417,1906391-52-23,3,,SAI EXEMPT,0.00,30000.00,30000.00,4500.00,0.00,0.00,0.00,0.00,0.00,0.00,0.00,Q: Not Designated Nonemergency/Emergency/Disaster/Wildfire Suppression,,,,,2023-01-17,2023,2023-01-01,2025-05-31,417,National Endowment for the Arts,5920,National Endowment for the Arts,593105,NATIONAL ENDOWMENT FOR THE ARTS,417,National Endowment for the Arts,5920,National Endowment for the Arts,593105,NATIONAL ENDOWMENT FOR THE ARTS,417-X-0100-000,417-0100,"41.0: Grants, subsidies, and contributions",0001: PROMOTION OF THE ARTS,F27KDXZMF9Y8,,UNIVERSITY OF ROCHESTER,UNIVERSITY OF ROCHESTER,,,UNIVERSITY OF ROCHESTER,UNIVERSITY OF ROCHESTER,USA,UNITED STATES,910 GENESEE ST,STE 200,63000,ROCHESTER,36055,MONROE,36,NY,NEW YORK,14611,3847,NY-25,NY-25,,,,STATE-WIDE,USA,UNITED STATES,NY*****,,,,36,NEW YORK,,NY-25,,,45.024,PROMOTION OF THE ARTS GRANTS TO ORGANIZATIONS AND INDIVIDUALS,2022NEA01GAP1,TO SUPPORT OPPORTUNITIES FOR ALL PEOPLE TO PARTICIPATE IN THE ARTS AND ARTS EDUCATION.,04,PROJECT GRANT (B),,,,,PURPOSE: TO SUPPORT OPEN LETTER BOOKS IN THE PUBLICATION OF INTERNATIONAL LITERATURE.,PURPOSE: TO SUPPORT OPEN LETTER BOOKS IN THE PUBLICATION OF INTERNATIONAL LITERATURE.,NON,NOT RECOVERY ACT,M,NONPROFIT WITH 501C3 IRS STATUS (OTHER THAN AN INSTITUTION OF HIGHER EDUCATION),,,A1,New Award,2,NON-AGGREGATE RECORD,,,,,,,,,,,https://www.usaspending.gov/award/ASST_NON_1906391-52-23_417/,2025-05-29 15:25:04.378853+00,2025-05-29 15:25:04.378853+00,recipient county outside NYC
5920_1906477-51-23_-NONE-_45.024_-NONE-,ASST_NON_1906477-51-23_417,1906477-51-23,,,SAI EXEMPT,15000.00,15000.00,15000.00,0.00,0.00,0.00,0.00,0.00,0.00,0.00,15000.00,Q: Not Designated Nonemergency/Emergency/Disaster/Wildfire Suppression,,,,,2023-03-20,2023,2023-01-01,2023-12-31,417,National Endowment for the Arts,5920,National Endowment for the Arts,593105,NATIONAL ENDOWMENT FOR THE ARTS,417,National Endowment for the Arts,5920,National Endowment for the Arts,593105,NATIONAL ENDOWMENT FOR THE ARTS,417-X-0100-000,417-0100,"41.0: Grants, subsidies, and contributions",0001: PROMOTION OF THE ARTS,MXBXN6FHM1L8,,BUFFALO MEDIA RESOURCES INC,BUFFALO MEDIA RESOURCES  INC.,,,,,USA,UNITED STATES,2495 MAIN ST,STE 310,11000,BUFFALO,36029,ERIE,36,NY,NEW YORK,14214,2154,NY-26,NY-26,,,,STATE-WIDE,USA,UNITED STATES,NY*****,,,,36,NEW YORK,,NY-26,,,45.024,PROMOTION OF THE ARTS GRANTS TO ORGANIZATIONS AND INDIVIDUALS,,,04,PROJECT GRANT (B),,,,,PURPOSE: TO SUPPORT AN ADVANCED-LEVEL ARTS MENTORSHIP PROGRAM FOR STUDENTS FROM UNDERSERVED COMMUNITIES IN BUFFALO.,PURPOSE: TO SUPPORT AN ADVANCED-LEVEL ARTS MENTORSHIP PROGRAM FOR STUDENTS FROM UNDERSERVED COMMUNITIES IN BUFFALO.,NON,NOT RECOVERY ACT,M,NONPROFIT WITH 501C3 IRS STATUS (OTHER THAN AN INSTITUTION OF HIGHER EDUCATION),,,A1,New Award,2,NON-AGGREGATE RECORD,,,,,,,,,,,https://www.usaspending.gov/award/ASST_NON_1906477-51-23_417/,2023-03-28 19:49:59.814274+00,2023-03-28 19:49:59.814274+00,recipient county outside NYC
5920_1906511-44-23_-NONE-_45.024_-NONE-,ASST_NON_1906511-44-23_417,1906511-44-23,,,SAI EXEMPT,40000.00,40000.00,40000.00,0.00,0.00,0.00,0.00,0.00,0.00,0.00,40000.00,Q: Not Designated Nonemergency/Emergency/Disaster/Wildfire Suppression,,,,,2023-03-27,2023,2023-05-01,2025-04-30,417,National Endowment for the Arts,5920,National Endowment for the Arts,593105,NATIONAL ENDOWMENT FOR THE ARTS,417,National Endowment for the Arts,5920,National Endowment for the Arts,593105,NATIONAL ENDOWMENT FOR THE ARTS,417-X-0100-000,417-0100,"41.0: Grants, subsidies, and contributions",0001: PROMOTION OF THE ARTS,JRG8EKN3EX98,,HAVERSTRAW BRICK MUSEUM,HAVERSTRAW BRICK MUSEUM,,,,,USA,UNITED STATES,12TH MAIN STREET,,32754,HAVERSTRAW,36087,ROCKLAND,36,NY,NEW YORK,10927,1908,NY-17,NY-17,,,,STATE-WIDE,USA,UNITED STATES,NY*****,,,,36,NEW YORK,,NY-17,,,45.024,PROMOTION OF THE ARTS GRANTS TO ORGANIZATIONS AND INDIVIDUALS,,,04,PROJECT GRANT (B),,,,,PURPOSE: TO SUPPORT AN INTERDISCIPLINARY STUDIO PROGRAM DEDICATED TO EXPLORING USING CLAY AS A MEDIUM.,PURPOSE: TO SUPPORT AN INTERDISCIPLINARY STUDIO PROGRAM DEDICATED TO EXPLORING USING CLAY AS A MEDIUM.,NON,NOT RECOVERY ACT,M,NONPROFIT WITH 501C3 IRS STATUS (OTHER THAN AN INSTITUTION OF HIGHER EDUCATION),,,A1,New Award,2,NON-AGGREGATE RECORD,,,,,,,,,,,https://www.usaspending.gov/award/ASST_NON_1906511-44-23_417/,2023-03-28 19:49:59.814274+00,2023-03-28 19:49:59.814274+00,recipient county outside NYC
5920_1906511-44-23_-NONE-_45.024_3,ASST_NON_1906511-44-23_417,1906511-44-23,3,,SAI EXEMPT,0.00,40000.00,40000.00,0.00,0.00,0.00,0.00,0.00,0.00,0.00,0.00,Q: Not Designated Nonemergency/Emergency/Disaster/Wildfire Suppression,,,,,2023-03-27,2023,2023-05-01,2025-05-31,417,National Endowment for the Arts,5920,National Endowment for the Arts,593105,NATIONAL ENDOWMENT FOR THE ARTS,417,National Endowment for the Arts,5920,National Endowment for the Arts,593105,NATIONAL ENDOWMENT FOR THE ARTS,417-X-0100-000,417-0100,"41.0: Grants, subsidies, and contributions",0001: PROMOTION OF THE ARTS,JRG8EKN3EX98,,HAVERSTRAW BRICK MUSEUM,HAVERSTRAW BRICK MUSEUM,,,,,USA,UNITED STATES,12 MAIN ST,,32754,HAVERSTRAW,36087,ROCKLAND,36,NY,NEW YORK,10927,1908,NY-17,NY-17,,,,STATE-WIDE,USA,UNITED STATES,NY*****,,,,36,NEW YORK,,NY-17,,,45.024,PROMOTION OF THE ARTS GRANTS TO ORGANIZATIONS AND INDIVIDUALS,2022NEA01GAP1,TO SUPPORT OPPORTUNITIES FOR ALL PEOPLE TO PARTICIPATE IN THE ARTS AND ARTS EDUCATION.,04,PROJECT GRANT (B),,,,,PURPOSE: TO SUPPORT AN INTERDISCIPLINARY STUDIO PROGRAM DEDICATED TO EXPLORING USING CLAY AS A MEDIUM.,PURPOSE: TO SUPPORT AN INTERDISCIPLINARY STUDIO PROGRAM DEDICATED TO EXPLORING USING CLAY AS A MEDIUM.,NON,NOT RECOVERY ACT,M,NONPROFIT WITH 501C3 IRS STATUS (OTHER THAN AN INSTITUTION OF HIGHER EDUCATION),,,A1,New Award,2,NON-AGGREGATE RECORD,,,,,,,,,,,https://www.usaspending.gov/award/ASST_NON_1906511-44-23_417/,2025-05-29 15:25:04.378853+00,2025-05-29 15:25:04.378853+00,recipient county outside NYC
5920_1906556-41-23_-NONE-_45.024_-NONE-,ASST_NON_1906556-41-23_417,1906556-41-23,,,SAI EXEMPT,20000.00,20000.00,20000.00,0.00,0.00,0.00,0.00,0.00,0.00,0.00,20000.00,Q: Not Designated Nonemergency/Emergency/Disaster/Wildfire Suppression,,,,,2023-05-03,2023,2023-01-01,2024-12-31,417,National Endowment for the Arts,5920,National Endowment for the Arts,593105,NATIONAL ENDOWMENT FOR THE ARTS,417,National Endowment for the Arts,5920,National Endowment for the Arts,593105,NATIONAL ENDOWMENT FOR THE ARTS,417-X-0100-000,417-0100,"41.0: Grants, subsidies, and contributions",0001: PROMOTION OF THE ARTS,KTD5LMTWEX25,,"PELHAM ART CENTER, INC.",PELHAM ART CENTER,,,,,USA,UNITED STATES,155 FIFTH AVE,,,,36119,WESTCHESTER,36,NY,NEW YORK,10803,1503,NY-16,NY-16,,,,STATE-WIDE,USA,UNITED STATES,NY*****,,,,36,NEW YORK,,NY-16,,,45.024,PROMOTION OF THE ARTS GRANTS TO ORGANIZATIONS AND INDIVIDUALS,,,04,PROJECT GRANT (B),,,,,PURPOSE: TO SUPPORT A VISUAL ARTS YOUTH LEADERSHIP AND ENGAGEMENT PROGRAM.,PURPOSE: TO SUPPORT A VISUAL ARTS YOUTH LEADERSHIP AND ENGAGEMENT PROGRAM.,NON,NOT RECOVERY ACT,M,NONPROFIT WITH 501C3 IRS STATUS (OTHER THAN AN INSTITUTION OF HIGHER EDUCATION),,,A1,New Award,2,NON-AGGREGATE RECORD,,,,,,,,,,,https://www.usaspending.gov/award/ASST_NON_1906556-41-23_417/,2023-05-22 17:02:24.537819+00,2023-05-22 17:02:24.537819+00,recipient county outside NYC
5920_1906565-41-23_-NONE-_45.024_-NONE-,ASST_NON_1906565-41-23_417,1906565-41-23,,,SAI EXEMPT,20000.00,20000.00,20000.00,0.00,0.00,0.00,0.00,0.00,0.00,0.00,20000.00,Q: Not Designated Nonemergency/Emergency/Disaster/Wildfire Suppression,,,,,2023-03-23,2023,2023-01-01,2023-12-31,417,National Endowment for the Arts,5920,National Endowment for the Arts,593105,NATIONAL ENDOWMENT FOR THE ARTS,417,National Endowment for the Arts,5920,National Endowment for the Arts,593105,NATIONAL ENDOWMENT FOR THE ARTS,417-X-0100-000,417-0100,"41.0: Grants, subsidies, and contributions",0001: PROMOTION OF THE ARTS,EUYYDFEY92J3,,CENTER FOR PHOTOGRAPHY AT WOODSTOCK  INC.,CENTER FOR PHOTOGRAPHY AT WOODSTOCK  INC.,,,,,USA,UNITED STATES,474 BROADWAY,,39727,KINGSTON,36111,ULSTER,36,NY,NEW YORK,12401,4630,NY-18,NY-18,,,,STATE-WIDE,USA,UNITED STATES,NY*****,,,,36,NEW YORK,,NY-19,,,45.024,PROMOTION OF THE ARTS GRANTS TO ORGANIZATIONS AND INDIVIDUALS,,,04,PROJECT GRANT (B),,,,,PURPOSE: TO SUPPORT A PHOTOGRAPHY RESIDENCY PROGRAM WITH A FOCUS ON ARTISTS OF COLOR.,PURPOSE: TO SUPPORT A PHOTOGRAPHY RESIDENCY PROGRAM WITH A FOCUS ON ARTISTS OF COLOR.,NON,NOT RECOVERY ACT,M,NONPROFIT WITH 501C3 IRS STATUS (OTHER THAN AN INSTITUTION OF HIGHER EDUCATION),,,A1,New Award,2,NON-AGGREGATE RECORD,,,,,,,,,,,https://www.usaspending.gov/award/ASST_NON_1906565-41-23_417/,2023-03-28 19:49:59.814274+00,2023-03-28 19:49:59.814274+00,recipient county outside NYC
5920_1909485-78-23_-NONE-_45.024_-NONE-,ASST_NON_1909485-78-23_417,1909485-78-23,,,SAI EXEMPT,10000.00,10000.00,10000.00,0.00,0.00,0.00,0.00,0.00,0.00,0.00,10000.00,Q: Not Designated Nonemergency/Emergency/Disaster/Wildfire Suppression,,,,,2023-03-02,2023,2023-03-01,2023-12-31,417,National Endowment for the Arts,5920,National Endowment for the Arts,593105,NATIONAL ENDOWMENT FOR THE ARTS,417,National Endowment for the Arts,5920,National Endowment for the Arts,593105,NATIONAL ENDOWMENT FOR THE ARTS,417-X-0100-000,417-0100,"41.0: Grants, subsidies, and contributions",0001: PROMOTION OF THE ARTS,H6D4VU4CVXD5,,VOICE THEATRE INC,VOICE THEATRE INC,,,,,USA,UNITED STATES,13 WITTENBERG RD,,05155,BEARSVILLE,36111,ULSTER,36,NY,NEW YORK,12409,5624,NY-19,NY-18,,,,STATE-WIDE,USA,UNITED STATES,NY*****,,,,36,NEW YORK,,NY-19,,,45.024,PROMOTION OF THE ARTS GRANTS TO ORGANIZATIONS AND INDIVIDUALS,,,04,PROJECT GRANT (B),,,,,PURPOSE: TO SUPPORT A SERIES OF THEATRE WORKSHOPS FOR HIGH SCHOOL STUDENTS.,PURPOSE: TO SUPPORT A SERIES OF THEATRE WORKSHOPS FOR HIGH SCHOOL STUDENTS.,NON,NOT RECOVERY ACT,M,NONPROFIT WITH 501C3 IRS STATUS (OTHER THAN AN INSTITUTION OF HIGHER EDUCATION),,,A1,New Award,2,NON-AGGREGATE RECORD,,,,,,,,,,,https://www.usaspending.gov/award/ASST_NON_1909485-78-23_417/,2023-03-28 19:49:59.814274+00,2023-03-28 19:49:59.814274+00,recipient county outside NYC
5920_1909490-78-23_-NONE-_45.024_-NONE-,ASST_NON_1909490-78-23_417,1909490-78-23,,,SAI EXEMPT,10000.00,10000.00,10000.00,0.00,0.00,0.00,0.00,0.00,0.00,0.00,10000.00,Q: Not Designated Nonemergency/Emergency/Disaster/Wildfire Suppression,,,,,2023-04-07,2023,2023-04-01,2024-01-31,417,National Endowment for the Arts,5920,National Endowment for the Arts,593105,NATIONAL ENDOWMENT FOR THE ARTS,417,National Endowment for the Arts,5920,National Endowment for the Arts,593105,NATIONAL ENDOWMENT FOR THE ARTS,417-X-0100-000,417-0100,"41.0: Grants, subsidies, and contributions",0001: PROMOTION OF THE ARTS,L5S7BLG4Y5N5,,KLINKHART HALL ARTS CENTER INC,KLINKHART HALL ARTS CENTER INC,,,,,USA,UNITED STATES,191 MAIN ST,,66663,SHARON SPRINGS,36095,SCHOHARIE,36,NY,NEW YORK,13459,3137,NY-21,NY-21,,,,STATE-WIDE,USA,UNITED STATES,NY*****,,,,36,NEW YORK,,NY-21,,,45.024,PROMOTION OF THE ARTS GRANTS TO ORGANIZATIONS AND INDIVIDUALS,,,04,PROJECT GRANT (B),,,,,PURPOSE: TO SUPPORT THE SHARON SPRINGS POETRY FESTIVAL.,PURPOSE: TO SUPPORT THE SHARON SPRINGS POETRY FESTIVAL.,NON,NOT RECOVERY ACT,M,NONPROFIT WITH 501C3 IRS STATUS (OTHER THAN AN INSTITUTION OF HIGHER EDUCATION),,,A1,New Award,2,NON-AGGREGATE RECORD,,,,,,,,,,,https://www.usaspending.gov/award/ASST_NON_1909490-78-23_417/,2023-04-25 15:23:27.944592+00,2023-04-25 15:23:27.944592+00,recipient county outside NYC
5920_1909565-38-23_-NONE-_45.024_-NONE-,ASST_NON_1909565-38-23_417,1909565-38-23,,,SAI EXEMPT,45000.00,45000.00,45000.00,24669.00,0.00,0.00,0.00,0.00,0.00,0.00,45000.00,Q: Not Designated Nonemergency/Emergency/Disaster/Wildfire Suppression,,,,,2023-03-16,2023,2023-04-01,2024-03-31,417,National Endowment for the Arts,5920,National Endowment for the Arts,593105,NATIONAL ENDOWMENT FOR THE ARTS,417,National Endowment for the Arts,5920,National Endowment for the Arts,593105,NATIONAL ENDOWMENT FOR THE ARTS,417-X-0100-000,417-0100,"41.0: Grants, subsidies, and contributions",0001: PROMOTION OF THE ARTS,F27KDXZMF9Y8,,UNIVERSITY OF ROCHESTER,UNIVERSITY OF ROCHESTER,,,UNIVERSITY OF ROCHESTER,UNIVERSITY OF ROCHESTER,USA,UNITED STATES,910 GENESEE ST,STE 200,63000,ROCHESTER,36055,MONROE,36,NY,NEW YORK,14611,3847,NY-25,NY-25,,,,STATE-WIDE,USA,UNITED STATES,NY*****,,,,36,NEW YORK,,NY-25,,,45.024,PROMOTION OF THE ARTS GRANTS TO ORGANIZATIONS AND INDIVIDUALS,,,04,PROJECT GRANT (B),,,,,PURPOSE: TO SUPPORT AN EXPERIMENTAL EVALUATION OF A WEB-BASED MUSIC EDUCATION APPLICATION FOR ENCOURAGING CREATIVITY AMONG PRIMARY AND SECONDARY SCHOOL STUDENTS.,"PURPOSE: TO SUPPORT AN
EXPERIMENTAL EVALUATION OF A WEB-BASED MUSIC EDUCATION APPLICATION FOR ENCOURAGING
CREATIVITY AMONG PRIMARY AND SECONDARY SCHOOL STUDENTS.",NON,NOT RECOVERY ACT,M,NONPROFIT WITH 501C3 IRS STATUS (OTHER THAN AN INSTITUTION OF HIGHER EDUCATION),,,A1,New Award,2,NON-AGGREGATE RECORD,,,,,,,,,,,https://www.usaspending.gov/award/ASST_NON_1909565-38-23_417/,2023-03-28 19:49:59.814274+00,2023-03-28 19:49:59.814274+00,recipient county outside NYC
5920_1909565-38-23_-NONE-_45.024_1,ASST_NON_1909565-38-23_417,1909565-38-23,1,,SAI EXEMPT,0.00,45000.00,45000.00,24669.00,0.00,0.00,0.00,0.00,0.00,0.00,0.00,Q: Not Designated Nonemergency/Emergency/Disaster/Wildfire Suppression,,,,,2023-03-16,2023,2023-04-01,2024-12-31,417,National Endowment for the Arts,5920,National Endowment for the Arts,593105,NATIONAL ENDOWMENT FOR THE ARTS,417,National Endowment for the Arts,5920,National Endowment for the Arts,593105,NATIONAL ENDOWMENT FOR THE ARTS,417-X-0100-000,417-0100,"41.0: Grants, subsidies, and contributions",0001: PROMOTION OF THE ARTS,F27KDXZMF9Y8,,UNIVERSITY OF ROCHESTER,UNIVERSITY OF ROCHESTER,,,UNIVERSITY OF ROCHESTER,UNIVERSITY OF ROCHESTER,USA,UNITED STATES,910 GENESEE ST,STE 200,63000,ROCHESTER,36055,MONROE,36,NY,NEW YORK,14611,3847,NY-25,NY-25,,,,STATE-WIDE,USA,UNITED STATES,NY*****,,,,36,NEW YORK,,NY-25,,,45.024,PROMOTION OF THE ARTS GRANTS TO ORGANIZATIONS AND INDIVIDUALS,2022NEA01ORAGRANTS,,04,PROJECT GRANT (B),,,,,"PURPOSE: TO SUPPORT AN
EXPERIMENTAL EVALUATION OF A WEB-BASED MUSIC EDUCATION APPLICATION FOR ENCOURAGING
CREATIVITY AMONG PRIMARY AND SECONDARY SCHOOL STUDENTS.","PURPOSE: TO SUPPORT AN
EXPERIMENTAL EVALUATION OF A WEB-BASED MUSIC EDUCATION APPLICATION FOR ENCOURAGING
CREATIVITY AMONG PRIMARY AND SECONDARY SCHOOL STUDENTS.",NON,NOT RECOVERY ACT,M,NONPROFIT WITH 501C3 IRS STATUS (OTHER THAN AN INSTITUTION OF HIGHER EDUCATION),,,A1,New Award,2,NON-AGGREGATE RECORD,,,,,,,,,,,https://www.usaspending.gov/award/ASST_NON_1909565-38-23_417/,2024-04-19 15:35:36.092857+00,2024-04-19 15:35:36.092857+00,recipient county outside NYC
5920_1909565-38-23_-NONE-_45.024_2,ASST_NON_1909565-38-23_417,1909565-38-23,2,,SAI EXEMPT,0.00,45000.00,45000.00,24669.00,0.00,0.00,0.00,0.00,0.00,0.00,0.00,Q: Not Designated Nonemergency/Emergency/Disaster/Wildfire Suppression,,,,,2023-03-16,2023,2023-04-01,2025-05-31,417,National Endowment for the Arts,5920,National Endowment for the Arts,593105,NATIONAL ENDOWMENT FOR THE ARTS,417,National Endowment for the Arts,5920,National Endowment for the Arts,593105,NATIONAL ENDOWMENT FOR THE ARTS,417-X-0100-000,417-0100,"41.0: Grants, subsidies, and contributions",0001: PROMOTION OF THE ARTS,F27KDXZMF9Y8,,UNIVERSITY OF ROCHESTER,UNIVERSITY OF ROCHESTER,,,UNIVERSITY OF ROCHESTER,UNIVERSITY OF ROCHESTER,USA,UNITED STATES,910 GENESEE ST,STE 200,63000,ROCHESTER,36055,MONROE,36,NY,NEW YORK,14611,3847,NY-25,NY-25,,,,STATE-WIDE,USA,UNITED STATES,NY*****,,,,36,NEW YORK,,NY-25,,,45.024,PROMOTION OF THE ARTS GRANTS TO ORGANIZATIONS AND INDIVIDUALS,2022NEA01ORAGRANTS,"TO PRODUCE RESEARCH, STATISTICS, AND GENERAL INFORMATION ABOUT THE ARTS FOR THE BENEFIT OF THE ARTS SECTOR AND BEYOND.",04,PROJECT GRANT (B),,,,,"PURPOSE: TO SUPPORT AN
EXPERIMENTAL EVALUATION OF A WEB-BASED MUSIC EDUCATION APPLICATION FOR ENCOURAGING
CREATIVITY AMONG PRIMARY AND SECONDARY SCHOOL STUDENTS.","PURPOSE: TO SUPPORT AN
EXPERIMENTAL EVALUATION OF A WEB-BASED MUSIC EDUCATION APPLICATION FOR ENCOURAGING
CREATIVITY AMONG PRIMARY AND SECONDARY SCHOOL STUDENTS.",NON,NOT RECOVERY ACT,M,NONPROFIT WITH 501C3 IRS STATUS (OTHER THAN AN INSTITUTION OF HIGHER EDUCATION),,,A1,New Award,2,NON-AGGREGATE RECORD,,,,,,,,,,,https://www.usaspending.gov/award/ASST_NON_1909565-38-23_417/,2025-02-03 19:54:39.47619+00,2025-02-03 19:54:39.47619+00,recipient county outside NYC
5920_1909740-78-23_-NONE-_45.024_-NONE-,ASST_NON_1909740-78-23_417,1909740-78-23,,,SAI EXEMPT,10000.00,10000.00,10000.00,0.00,0.00,0.00,0.00,0.00,0.00,0.00,10000.00,Q: Not Designated Nonemergency/Emergency/Disaster/Wildfire Suppression,,,,,2023-01-24,2023,2023-01-01,2023-12-31,417,National Endowment for the Arts,5920,National Endowment for the Arts,593105,NATIONAL ENDOWMENT FOR THE ARTS,417,National Endowment for the Arts,5920,National Endowment for the Arts,593105,NATIONAL ENDOWMENT FOR THE ARTS,417-X-0100-000,417-0100,"41.0: Grants, subsidies, and contributions",0001: PROMOTION OF THE ARTS,TE28DNN8JTQ4,,SCHWEINFURTH MEMORIAL ART CENTER,SCHWEINFURTH MEMORIAL ART CENTER,,,,,USA,UNITED STATES,205 GENESEE ST,,03078,AUBURN,36011,CAYUGA,36,NY,NEW YORK,13021,3304,NY-24,NY-22,,,,STATE-WIDE,USA,UNITED STATES,NY*****,,,,36,NEW YORK,,NY-24,,,45.024,PROMOTION OF THE ARTS GRANTS TO ORGANIZATIONS AND INDIVIDUALS,,,04,PROJECT GRANT (B),,,,,PURPOSE: TO SUPPORT WORKSHOPS AND AN EXHIBITION FOCUSED ON QUILTING AND FIBER ARTS.,PURPOSE: TO SUPPORT WORKSHOPS AND AN EXHIBITION FOCUSED ON QUILTING AND FIBER ARTS.,NON,NOT RECOVERY ACT,M,NONPROFIT WITH 501C3 IRS STATUS (OTHER THAN AN INSTITUTION OF HIGHER EDUCATION),,,A1,New Award,2,NON-AGGREGATE RECORD,,,,,,,,,,,https://www.usaspending.gov/award/ASST_NON_1909740-78-23_417/,2023-01-30 16:38:37.796977+00,2023-01-30 16:38:37.796977+00,recipient county outside NYC
5920_1909752-78-23_-NONE-_45.024_-NONE-,ASST_NON_1909752-78-23_417,1909752-78-23,,,SAI EXEMPT,10000.00,10000.00,10000.00,0.00,0.00,0.00,0.00,0.00,0.00,0.00,10000.00,Q: Not Designated Nonemergency/Emergency/Disaster/Wildfire Suppression,,,,,2023-02-16,2023,2023-01-01,2023-12-31,417,National Endowment for the Arts,5920,National Endowment for the Arts,593105,NATIONAL ENDOWMENT FOR THE ARTS,417,National Endowment for the Arts,5920,National Endowment for the Arts,593105,NATIONAL ENDOWMENT FOR THE ARTS,417-X-0100-000,417-0100,"41.0: Grants, subsidies, and contributions",0001: PROMOTION OF THE ARTS,WAQ7QB3CPXA3,,BINDLESTIFF FAMILY CIRKUS,BINDLESTIFF FAMILY VARIETY ARTS  INC.,F5GKTSNJCY83,,"BINDLESTIFF FAMILY VARIETY ARTS, INC.",BINDLESTIFF FAMILY VARIETY ARTS INC,USA,UNITED STATES,210 TANNERS LN,,35969,HUDSON,36021,COLUMBIA,36,NY,NEW YORK,12534,2114,NY-19,NY-19,,,,STATE-WIDE,USA,UNITED STATES,NY*****,,,,36,NEW YORK,,NY-19,,,45.024,PROMOTION OF THE ARTS GRANTS TO ORGANIZATIONS AND INDIVIDUALS,,,04,PROJECT GRANT (B),,,,,PURPOSE: TO SUPPORT CIRCUS ARTS PERFORMANCES AND RELATED ENGAGEMENT ACTIVITIES.,PURPOSE: TO SUPPORT CIRCUS ARTS PERFORMANCES AND RELATED ENGAGEMENT ACTIVITIES.,NON,NOT RECOVERY ACT,M,NONPROFIT WITH 501C3 IRS STATUS (OTHER THAN AN INSTITUTION OF HIGHER EDUCATION),,,A1,New Award,2,NON-AGGREGATE RECORD,,,,,,,,,,,https://www.usaspending.gov/award/ASST_NON_1909752-78-23_417/,2023-02-22 20:21:53.723553+00,2023-02-22 20:21:53.723553+00,recipient county outside NYC
5920_1909805-78-23_-NONE-_45.024_-NONE-,ASST_NON_1909805-78-23_417,1909805-78-23,,,SAI EXEMPT,10000.00,10000.00,10000.00,0.00,0.00,0.00,0.00,0.00,0.00,0.00,10000.00,Q: Not Designated Nonemergency/Emergency/Disaster/Wildfire Suppression,,,,,2023-03-02,2023,2023-01-01,2024-11-30,417,National Endowment for the Arts,5920,National Endowment for the Arts,593105,NATIONAL ENDOWMENT FOR THE ARTS,417,National Endowment for the Arts,5920,National Endowment for the Arts,593105,NATIONAL ENDOWMENT FOR THE ARTS,417-X-0100-000,417-0100,"41.0: Grants, subsidies, and contributions",0001: PROMOTION OF THE ARTS,T7KXJ9CBXJJ5,,"CAFFE LENA, INC.",CAFFE LENA INC.,,,,,USA,UNITED STATES,47 PHILA ST,,65255,SARATOGA SPRINGS,36091,SARATOGA,36,NY,NEW YORK,12866,3264,NY-20,NY-20,,,,STATE-WIDE,USA,UNITED STATES,NY*****,,,,36,NEW YORK,,NY-20,,,45.024,PROMOTION OF THE ARTS GRANTS TO ORGANIZATIONS AND INDIVIDUALS,,,04,PROJECT GRANT (B),,,,,PURPOSE: TO SUPPORT CONCERTS FOR UNDERSERVED AUDIENCES WITH RELATED EDUCATIONAL PROGRAMMING.,PURPOSE: TO SUPPORT CONCERTS FOR UNDERSERVED AUDIENCES WITH RELATED EDUCATIONAL PROGRAMMING.,NON,NOT RECOVERY ACT,M,NONPROFIT WITH 501C3 IRS STATUS (OTHER THAN AN INSTITUTION OF HIGHER EDUCATION),,,A1,New Award,2,NON-AGGREGATE RECORD,,,,,,,,,,,https://www.usaspending.gov/award/ASST_NON_1909805-78-23_417/,2023-03-28 19:49:59.814274+00,2023-03-28 19:49:59.814274+00,recipient county outside NYC
5920_1909808-78-23_-NONE-_45.024_-NONE-,ASST_NON_1909808-78-23_417,1909808-78-23,,,SAI EXEMPT,10000.00,10000.00,10000.00,0.00,0.00,0.00,0.00,0.00,0.00,0.00,10000.00,Q: Not Designated Nonemergency/Emergency/Disaster/Wildfire Suppression,,,,,2023-02-21,2023,2023-01-01,2023-12-31,417,National Endowment for the Arts,5920,National Endowment for the Arts,593105,NATIONAL ENDOWMENT FOR THE ARTS,417,National Endowment for the Arts,5920,National Endowment for the Arts,593105,NATIONAL ENDOWMENT FOR THE ARTS,417-X-0100-000,417-0100,"41.0: Grants, subsidies, and contributions",0001: PROMOTION OF THE ARTS,KPJTYM4M2F35,,CHIKU AWALI AFRICAN DANCE ARTS & CULTURE INC,CHIKU AWALI AFRICAN DANCE  ARTS & CULTURE  INC.,,,,,USA,UNITED STATES,76 RAMAPO AVE,,71894,SUFFERN,36087,ROCKLAND,36,NY,NEW YORK,10901,5919,NY-17,NY-17,,,,STATE-WIDE,USA,UNITED STATES,NY*****,,,,36,NEW YORK,,NY-17,,,45.024,PROMOTION OF THE ARTS GRANTS TO ORGANIZATIONS AND INDIVIDUALS,,,04,PROJECT GRANT (B),,,,,PURPOSE: TO SUPPORT THE CREATION OF MARIONETTES AND CORRESPONDING PERFORMANCES AT AN ANNUAL DANCE FESTIVAL.,PURPOSE: TO SUPPORT THE CREATION OF MARIONETTES AND CORRESPONDING PERFORMANCES AT AN ANNUAL DANCE FESTIVAL.,NON,NOT RECOVERY ACT,M,NONPROFIT WITH 501C3 IRS STATUS (OTHER THAN AN INSTITUTION OF HIGHER EDUCATION),,,A1,New Award,2,NON-AGGREGATE RECORD,,,,,,,,,,,https://www.usaspending.gov/award/ASST_NON_1909808-78-23_417/,2023-02-22 20:21:53.723553+00,2023-02-22 20:21:53.723553+00,recipient county outside NYC
5920_1909829-78-23_-NONE-_45.024_-NONE-,ASST_NON_1909829-78-23_417,1909829-78-23,,,SAI EXEMPT,10000.00,10000.00,10000.00,0.00,0.00,0.00,0.00,0.00,0.00,0.00,10000.00,Q: Not Designated Nonemergency/Emergency/Disaster/Wildfire Suppression,,,,,2023-03-09,2023,2023-07-01,2024-06-30,417,National Endowment for the Arts,5920,National Endowment for the Arts,593105,NATIONAL ENDOWMENT FOR THE ARTS,417,National Endowment for the Arts,5920,National Endowment for the Arts,593105,NATIONAL ENDOWMENT FOR THE ARTS,417-X-0100-000,417-0100,"41.0: Grants, subsidies, and contributions",0001: PROMOTION OF THE ARTS,J9WYPU62FH66,,FRIENDS OF CHAMBER MUSIC OF TROY NY INC,FRIENDS OF CHAMBER MUSIC OF TROY  NEW YORK  INC,,,,,USA,UNITED STATES,38 MAPLE AVE,,75484,TROY,36083,RENSSELAER,36,NY,NEW YORK,12180,5130,NY-20,NY-20,,,,STATE-WIDE,USA,UNITED STATES,NY*****,,,,36,NEW YORK,,NY-20,,,45.024,PROMOTION OF THE ARTS GRANTS TO ORGANIZATIONS AND INDIVIDUALS,,,04,PROJECT GRANT (B),,,,,PURPOSE: TO SUPPORT A WEEK-LONG ARTIST RESIDENCY FOR CLASSICAL MUSIC ENSEMBLE THIRD COAST PERCUSSION.,PURPOSE: TO SUPPORT A WEEK-LONG ARTIST RESIDENCY FOR CLASSICAL MUSIC ENSEMBLE THIRD COAST PERCUSSION.,NON,NOT RECOVERY ACT,M,NONPROFIT WITH 501C3 IRS STATUS (OTHER THAN AN INSTITUTION OF HIGHER EDUCATION),,,A1,New Award,2,NON-AGGREGATE RECORD,,,,,,,,,,,https://www.usaspending.gov/award/ASST_NON_1909829-78-23_417/,2023-03-28 19:49:59.814274+00,2023-03-28 19:49:59.814274+00,recipient county outside NYC
5920_1909902-78-23_-NONE-_45.024_-NONE-,ASST_NON_1909902-78-23_417,1909902-78-23,,,SAI EXEMPT,10000.00,10000.00,10000.00,0.00,0.00,0.00,0.00,0.00,0.00,0.00,10000.00,Q: Not Designated Nonemergency/Emergency/Disaster/Wildfire Suppression,,,,,2023-02-02,2023,2023-01-01,2023-06-30,417,National Endowment for the Arts,5920,National Endowment for the Arts,593105,NATIONAL ENDOWMENT FOR THE ARTS,417,National Endowment for the Arts,5920,National Endowment for the Arts,593105,NATIONAL ENDOWMENT FOR THE ARTS,417-X-0100-000,417-0100,"41.0: Grants, subsidies, and contributions",0001: PROMOTION OF THE ARTS,RDE7L5LKMTE7,,"EMPIRE STATE YOUTH ORCHESTRA, INC.",EMPIRE STATE YOUTH ORCHESTRA  INC.,,,,,USA,UNITED STATES,432 STATE ST,,65508,SCHENECTADY,36093,SCHENECTADY,36,NY,NEW YORK,12305,2393,NY-20,NY-20,,,,STATE-WIDE,USA,UNITED STATES,NY*****,,,,36,NEW YORK,,NY-20,,,45.024,PROMOTION OF THE ARTS GRANTS TO ORGANIZATIONS AND INDIVIDUALS,,,04,PROJECT GRANT (B),,,,,PURPOSE: TO SUPPORT A MUSICAL COLLABORATION BETWEEN COMPOSER ADRIAN GORDON&NBSP;AND STUDENTS.,PURPOSE: TO SUPPORT A MUSICAL COLLABORATION BETWEEN COMPOSER ADRIAN GORDON&NBSP;AND STUDENTS.,NON,NOT RECOVERY ACT,M,NONPROFIT WITH 501C3 IRS STATUS (OTHER THAN AN INSTITUTION OF HIGHER EDUCATION),,,A1,New Award,2,NON-AGGREGATE RECORD,,,,,,,,,,,https://www.usaspending.gov/award/ASST_NON_1909902-78-23_417/,2023-02-22 20:21:53.723553+00,2023-02-22 20:21:53.723553+00,recipient county outside NYC
5920_1910002-78-23_-NONE-_45.024_-NONE-,ASST_NON_1910002-78-23_417,1910002-78-23,,,SAI EXEMPT,10000.00,10000.00,10000.00,0.00,0.00,0.00,0.00,0.00,0.00,0.00,10000.00,Q: Not Designated Nonemergency/Emergency/Disaster/Wildfire Suppression,,,,,2023-03-02,2023,2023-03-01,2024-08-31,417,National Endowment for the Arts,5920,National Endowment for the Arts,593105,NATIONAL ENDOWMENT FOR THE ARTS,417,National Endowment for the Arts,5920,National Endowment for the Arts,593105,NATIONAL ENDOWMENT FOR THE ARTS,417-X-0100-000,417-0100,"41.0: Grants, subsidies, and contributions",0001: PROMOTION OF THE ARTS,JBJ6VMMJYKM3,,LOIRE VALLEY THEATER FESTIVAL INC,LOIRE VALLEY THEATER FESTIVAL  INC,,,,,USA,UNITED STATES,517 UNION ST,,35969,HUDSON,36021,COLUMBIA,36,NY,NEW YORK,12534,2809,NY-19,NY-19,,,,STATE-WIDE,USA,UNITED STATES,NY*****,,,,36,NEW YORK,,NY-19,,,45.024,PROMOTION OF THE ARTS GRANTS TO ORGANIZATIONS AND INDIVIDUALS,,,04,PROJECT GRANT (B),,,,,PURPOSE: TO SUPPORT A MUSICAL THEATER PRODUCTION BASED ON THE MEMOIR TURNING 15 ON THE ROAD TO FREEDOM&NBSP;BY LYNDA BLACKMON LOWERY.,PURPOSE: TO SUPPORT A MUSICAL THEATER PRODUCTION BASED ON THE MEMOIR TURNING 15 ON THE ROAD TO FREEDOM&NBSP;BY LYNDA BLACKMON LOWERY.,NON,NOT RECOVERY ACT,M,NONPROFIT WITH 501C3 IRS STATUS (OTHER THAN AN INSTITUTION OF HIGHER EDUCATION),,,A1,New Award,2,NON-AGGREGATE RECORD,,,,,,,,,,,https://www.usaspending.gov/award/ASST_NON_1910002-78-23_417/,2023-03-28 19:49:59.814274+00,2023-03-28 19:49:59.814274+00,recipient county outside NYC
5920_1910016-78-23_-NONE-_45.024_-NONE-,ASST_NON_1910016-78-23_417,1910016-78-23,,,SAI EXEMPT,10000.00,10000.00,10000.00,1880.00,0.00,0.00,0.00,0.00,0.00,0.00,10000.00,Q: Not Designated Nonemergency/Emergency/Disaster/Wildfire Suppression,,,,,2023-01-05,2023,2023-01-01,2023-05-31,417,National Endowment for the Arts,5920,National Endowment for the Arts,593105,NATIONAL ENDOWMENT FOR THE ARTS,417,National Endowment for the Arts,5920,National Endowment for the Arts,593105,NATIONAL ENDOWMENT FOR THE ARTS,417-X-0100-000,417-0100,"41.0: Grants, subsidies, and contributions",0001: PROMOTION OF THE ARTS,U4SCJK13LWL8,,KINGSTON MIDTOWN ARTS DISTRICT CORPORATION,KINGSTON MIDTOWN ARTS DISTRICT,,,,,USA,UNITED STATES,22-24 IWO JIMA LANE,,39727,KINGSTON,36111,ULSTER,36,NY,NEW YORK,12401,,NY-18,NY-18,,,,STATE-WIDE,USA,UNITED STATES,NY*****,,,,36,NEW YORK,,NY-18,,,45.024,PROMOTION OF THE ARTS GRANTS TO ORGANIZATIONS AND INDIVIDUALS,,,04,PROJECT GRANT (B),,,,,PURPOSE: TO SUPPORT PROGRAMMING THAT INTEGRATES THE ARTS AND THE ENVIRONMENT.,PURPOSE: TO SUPPORT PROGRAMMING THAT INTEGRATES THE ARTS AND THE ENVIRONMENT.,NON,NOT RECOVERY ACT,M,NONPROFIT WITH 501C3 IRS STATUS (OTHER THAN AN INSTITUTION OF HIGHER EDUCATION),,,A1,New Award,2,NON-AGGREGATE RECORD,,,,,,,,,,,https://www.usaspending.gov/award/ASST_NON_1910016-78-23_417/,2023-01-30 16:38:37.796977+00,2023-01-30 16:38:37.796977+00,recipient county outside NYC
5920_1910111-78-23_-NONE-_45.024_-NONE-,ASST_NON_1910111-78-23_417,1910111-78-23,,,SAI EXEMPT,10000.00,10000.00,10000.00,0.00,0.00,0.00,0.00,0.00,0.00,0.00,10000.00,Q: Not Designated Nonemergency/Emergency/Disaster/Wildfire Suppression,,,,,2023-02-13,2023,2023-06-01,2023-12-31,417,National Endowment for the Arts,5920,National Endowment for the Arts,593105,NATIONAL ENDOWMENT FOR THE ARTS,417,National Endowment for the Arts,5920,National Endowment for the Arts,593105,NATIONAL ENDOWMENT FOR THE ARTS,417-X-0100-000,417-0100,"41.0: Grants, subsidies, and contributions",0001: PROMOTION OF THE ARTS,ELVAHLWFLDR4,,WEST KORTRIGHT CENTRE  INC.,WEST KORTRIGHT CENTRE  INC.,,,,,USA,UNITED STATES,49 WEST KORTRIGHT CHURCH ROAD,,22513,EAST MEREDITH,36025,DELAWARE,36,NY,NEW YORK,13757,,NY-19,NY-19,,,,STATE-WIDE,USA,UNITED STATES,NY*****,,,,36,NEW YORK,,NY-19,,,45.024,PROMOTION OF THE ARTS GRANTS TO ORGANIZATIONS AND INDIVIDUALS,,,04,PROJECT GRANT (B),,,,,PURPOSE: TO SUPPORT ARTS WORKSHOPS FOR YOUTH AND THE INSTALLATION OF A NEW COMMUNITY SCULPTURE.,PURPOSE: TO SUPPORT ARTS WORKSHOPS FOR YOUTH AND THE INSTALLATION OF A NEW COMMUNITY SCULPTURE.,NON,NOT RECOVERY ACT,M,NONPROFIT WITH 501C3 IRS STATUS (OTHER THAN AN INSTITUTION OF HIGHER EDUCATION),,,A1,New Award,2,NON-AGGREGATE RECORD,,,,,,,,,,,https://www.usaspending.gov/award/ASST_NON_1910111-78-23_417/,2023-03-09 20:15:41.552865+00,2023-03-09 20:15:41.552865+00,recipient county outside NYC
5920_1910365-44-23_-NONE-_45.024_-NONE-,ASST_NON_1910365-44-23_417,1910365-44-23,,,SAI EXEMPT,25000.00,25000.00,25000.00,6685.00,0.00,0.00,0.00,0.00,0.00,0.00,25000.00,Q: Not Designated Nonemergency/Emergency/Disaster/Wildfire Suppression,,,,,2023-08-17,2023,2023-07-01,2024-06-30,417,National Endowment for the Arts,5920,National Endowment for the Arts,593105,NATIONAL ENDOWMENT FOR THE ARTS,417,National Endowment for the Arts,5920,National Endowment for the Arts,593105,NATIONAL ENDOWMENT FOR THE ARTS,417-X-0100-000,417-0100,"41.0: Grants, subsidies, and contributions",0001: PROMOTION OF THE ARTS,T76JMGGN39A1,,KATONAH MUSEUM OF ART,KATONAH MUSEUM OF ART  INC.,,,,,USA,UNITED STATES,RT 22 AT JAY ST,,38946,KATONAH,36119,WESTCHESTER,36,NY,NEW YORK,10536,,NY-17,NY-17,,,,STATE-WIDE,USA,UNITED STATES,NY*****,,,,36,NEW YORK,,NY-17,,,45.024,PROMOTION OF THE ARTS GRANTS TO ORGANIZATIONS AND INDIVIDUALS,2022NEA01GAP2,,04,PROJECT GRANT (B),,,,,PURPOSE: TO SUPPORT A BILINGUAL ARTS EDUCATION AND COMMUNITY ENGAGEMENT PROGRAM.,PURPOSE: TO SUPPORT A BILINGUAL ARTS EDUCATION AND COMMUNITY ENGAGEMENT PROGRAM.,NON,NOT RECOVERY ACT,M,NONPROFIT WITH 501C3 IRS STATUS (OTHER THAN AN INSTITUTION OF HIGHER EDUCATION),,,A1,New Award,2,NON-AGGREGATE RECORD,,,,,,,,,,,https://www.usaspending.gov/award/ASST_NON_1910365-44-23_417/,2023-08-29 18:25:33.406953+00,2023-08-29 18:25:33.406953+00,recipient county outside NYC
5920_1910376-36-23_-NONE-_45.024_-NONE-,ASST_NON_1910376-36-23_417,1910376-36-23,,,SAI EXEMPT,10000.00,10000.00,10000.00,0.00,0.00,0.00,0.00,0.00,0.00,0.00,10000.00,Q: Not Designated Nonemergency/Emergency/Disaster/Wildfire Suppression,,,,,2023-06-05,2023,2023-06-01,2023-08-31,417,National Endowment for the Arts,5920,National Endowment for the Arts,593105,NATIONAL ENDOWMENT FOR THE ARTS,417,National Endowment for the Arts,5920,National Endowment for the Arts,593105,NATIONAL ENDOWMENT FOR THE ARTS,417-X-0100-000,417-0100,"41.0: Grants, subsidies, and contributions",0001: PROMOTION OF THE ARTS,X9H8H5S7R3K5,,FINGER LAKES OPERA INC,FINGER LAKES OPERA  INC.,,,,,USA,UNITED STATES,300 BAUSCH AND LOMB PLACE,,63000,ROCHESTER,36055,MONROE,36,NY,NEW YORK,14604,2702,NY-25,NY-25,,,,STATE-WIDE,USA,UNITED STATES,NY*****,,,,36,NEW YORK,,NY-25,,,45.024,PROMOTION OF THE ARTS GRANTS TO ORGANIZATIONS AND INDIVIDUALS,2022NEA01GAP2,,04,PROJECT GRANT (B),,,,,PURPOSE: TO SUPPORT PERFORMANCES OF VERDIS AIDA  AS WELL AS WORKSHOPS OF THE NEWLY COMMISSIONED OPERA TWO CORNERS BY COMPOSER B.E. BOYKIN AND LIBRETTIST JARROD LEE.,PURPOSE: TO SUPPORT PERFORMANCES OF VERDIS AIDA  AS WELL AS WORKSHOPS OF THE NEWLY COMMISSIONED OPERA TWO CORNERS BY COMPOSER B.E. BOYKIN AND LIBRETTIST JARROD LEE.,NON,NOT RECOVERY ACT,M,NONPROFIT WITH 501C3 IRS STATUS (OTHER THAN AN INSTITUTION OF HIGHER EDUCATION),,,A1,New Award,2,NON-AGGREGATE RECORD,,,,,,,,,,,https://www.usaspending.gov/award/ASST_NON_1910376-36-23_417/,2023-06-27 18:00:19.566518+00,2023-06-27 18:00:19.566518+00,recipient county outside NYC
5920_1910440-52-23_-NONE-_45.024_-NONE-,ASST_NON_1910440-52-23_417,1910440-52-23,,,SAI EXEMPT,30000.00,30000.00,30000.00,0.00,0.00,0.00,0.00,0.00,0.00,0.00,30000.00,Q: Not Designated Nonemergency/Emergency/Disaster/Wildfire Suppression,,,,,2023-08-08,2023,2023-07-01,2024-06-30,417,National Endowment for the Arts,5920,National Endowment for the Arts,593105,NATIONAL ENDOWMENT FOR THE ARTS,417,National Endowment for the Arts,5920,National Endowment for the Arts,593105,NATIONAL ENDOWMENT FOR THE ARTS,417-X-0100-000,417-0100,"41.0: Grants, subsidies, and contributions",0001: PROMOTION OF THE ARTS,MM7LELDHJL35,,"JUST BUFFALO LITERARY CENTER, INC.",JUST BUFFALO LITERARY CENTER  INC.,,,,,USA,UNITED STATES,468 WASHINGTON ST,STE 2,11000,BUFFALO,36029,ERIE,36,NY,NEW YORK,14203,1708,NY-26,NY-26,,,,STATE-WIDE,USA,UNITED STATES,NY*****,,,,36,NEW YORK,,NY-26,,,45.024,PROMOTION OF THE ARTS GRANTS TO ORGANIZATIONS AND INDIVIDUALS,2022NEA01GAP2,,04,PROJECT GRANT (B),,,,,PURPOSE:&NBSP;TO SUPPORT LITERARY PROGRAMMING.,PURPOSE:&NBSP;TO SUPPORT LITERARY PROGRAMMING.,NON,NOT RECOVERY ACT,M,NONPROFIT WITH 501C3 IRS STATUS (OTHER THAN AN INSTITUTION OF HIGHER EDUCATION),,,A1,New Award,2,NON-AGGREGATE RECORD,,,,,,,,,,,https://www.usaspending.gov/award/ASST_NON_1910440-52-23_417/,2023-08-29 18:25:33.406953+00,2023-08-29 18:25:33.406953+00,recipient county outside NYC
5920_1910446-55-23_-NONE-_45.024_-NONE-,ASST_NON_1910446-55-23_417,1910446-55-23,,,SAI EXEMPT,15000.00,15000.00,15000.00,0.00,0.00,0.00,0.00,0.00,0.00,0.00,15000.00,Q: Not Designated Nonemergency/Emergency/Disaster/Wildfire Suppression,,,,,2023-07-12,2023,2023-06-01,2025-05-31,417,National Endowment for the Arts,5920,National Endowment for the Arts,593105,NATIONAL ENDOWMENT FOR THE ARTS,417,National Endowment for the Arts,5920,National Endowment for the Arts,593105,NATIONAL ENDOWMENT FOR THE ARTS,417-X-0100-000,417-0100,"41.0: Grants, subsidies, and contributions",0001: PROMOTION OF THE ARTS,KJNRJMKSLK51,,"LONG ISLAND TRADITIONS, INC",LONG ISLAND TRADITIONS INC.,,,,,USA,UNITED STATES,382 MAIN ST,,59520,PORT WASHINGTON,36059,NASSAU,36,NY,NEW YORK,11050,3136,NY-03,NY-03,,,,STATE-WIDE,USA,UNITED STATES,NY*****,,,,36,NEW YORK,,NY-03,,,45.024,PROMOTION OF THE ARTS GRANTS TO ORGANIZATIONS AND INDIVIDUALS,2022NEA01GAP2,,04,PROJECT GRANT (B),,,,,PURPOSE: TO SUPPORT FIELDWORK IDENTIFYING AND DOCUMENTING TRADITIONAL ARTISTS FROM LONG ISLANDS SOUTH ASIAN IMMIGRANT COMMUNITY.,PURPOSE: TO SUPPORT FIELDWORK IDENTIFYING AND DOCUMENTING TRADITIONAL ARTISTS FROM LONG ISLANDS SOUTH ASIAN IMMIGRANT COMMUNITY.,NON,NOT RECOVERY ACT,M,NONPROFIT WITH 501C3 IRS STATUS (OTHER THAN AN INSTITUTION OF HIGHER EDUCATION),,,A1,New Award,2,NON-AGGREGATE RECORD,,,,,,,,,,,https://www.usaspending.gov/award/ASST_NON_1910446-55-23_417/,2023-07-27 12:54:24.772627+00,2023-07-27 12:54:24.772627+00,recipient county outside NYC
5920_1910532-32-23_-NONE-_45.024_-NONE-,ASST_NON_1910532-32-23_417,1910532-32-23,,,SAI EXEMPT,15000.00,15000.00,15000.00,0.00,0.00,0.00,0.00,0.00,0.00,0.00,15000.00,Q: Not Designated Nonemergency/Emergency/Disaster/Wildfire Suppression,,,,,2023-05-17,2023,2023-06-01,2024-02-29,417,National Endowment for the Arts,5920,National Endowment for the Arts,593105,NATIONAL ENDOWMENT FOR THE ARTS,417,National Endowment for the Arts,5920,National Endowment for the Arts,593105,NATIONAL ENDOWMENT FOR THE ARTS,417-X-0100-000,417-0100,"41.0: Grants, subsidies, and contributions",0001: PROMOTION OF THE ARTS,G9J2LWMD4ZP3,,BAY STREET THEATRE FESTIVAL INC,BAY STREET THEATRE FESTIVAL INC.,XTDFNSMJR5P8,,,,USA,UNITED STATES,1 BAY ST,,,,36103,SUFFOLK,36,NY,NEW YORK,11963,3109,NY-01,NY-01,,,,STATE-WIDE,USA,UNITED STATES,NY*****,,,,36,NEW YORK,,NY-01,,,45.024,PROMOTION OF THE ARTS GRANTS TO ORGANIZATIONS AND INDIVIDUALS,,,04,PROJECT GRANT (B),,,,,PURPOSE: TO SUPPORT STAFF SALARIES AND ARTIST FEES FOR LITERATURE LIVE!  AN EDUCATION PROGRAM OFFERING PROFESSIONAL THEATER PRODUCTIONS OF LITERARY WORKS FOR MIDDLE AND HIGH SCHOOL STUDENTS.,PURPOSE: TO SUPPORT STAFF SALARIES AND ARTIST FEES FOR LITERATURE LIVE!  AN EDUCATION PROGRAM OFFERING PROFESSIONAL THEATER PRODUCTIONS OF LITERARY WORKS FOR MIDDLE AND HIGH SCHOOL STUDENTS.,NON,NOT RECOVERY ACT,M,NONPROFIT WITH 501C3 IRS STATUS (OTHER THAN AN INSTITUTION OF HIGHER EDUCATION),,,A1,New Award,2,NON-AGGREGATE RECORD,,,,,,,,,,,https://www.usaspending.gov/award/ASST_NON_1910532-32-23_417/,2023-05-22 17:02:24.537819+00,2023-05-22 17:02:24.537819+00,recipient county outside NYC
5920_1910642-41-23_-NONE-_45.024_-NONE-,ASST_NON_1910642-41-23_417,1910642-41-23,,,SAI EXEMPT,25000.00,25000.00,25000.00,8155.00,0.00,0.00,0.00,0.00,0.00,0.00,25000.00,Q: Not Designated Nonemergency/Emergency/Disaster/Wildfire Suppression,,,,,2023-08-03,2023,2023-06-01,2024-05-31,417,National Endowment for the Arts,5920,National Endowment for the Arts,593105,NATIONAL ENDOWMENT FOR THE ARTS,417,National Endowment for the Arts,5920,National Endowment for the Arts,593105,NATIONAL ENDOWMENT FOR THE ARTS,417-X-0100-000,417-0100,"41.0: Grants, subsidies, and contributions",0001: PROMOTION OF THE ARTS,S8DVS51AE3G5,,CENTER FOR EXPLORATORY AN,CENTER FOR EXPLORATORY AND PERCEPTUAL ARTS,,,,,USA,UNITED STATES,617 MAIN ST,STE 201AP,11000,BUFFALO,36029,ERIE,36,NY,NEW YORK,14203,1400,NY-26,NY-26,,,,STATE-WIDE,USA,UNITED STATES,NY*****,,,,36,NEW YORK,,NY-26,,,45.024,PROMOTION OF THE ARTS GRANTS TO ORGANIZATIONS AND INDIVIDUALS,2022NEA01GAP2,,04,PROJECT GRANT (B),,,,,PURPOSE: TO SUPPORT THE EXHIBITION PHOTOGRAPHY AND THE HOLOCAUST: THEN &AMP; NOW  AND AN ACCOMPANYING PUBLICATION.,PURPOSE: TO SUPPORT THE EXHIBITION PHOTOGRAPHY AND THE HOLOCAUST: THEN &AMP; NOW  AND AN ACCOMPANYING PUBLICATION.,NON,NOT RECOVERY ACT,M,NONPROFIT WITH 501C3 IRS STATUS (OTHER THAN AN INSTITUTION OF HIGHER EDUCATION),,,A1,New Award,2,NON-AGGREGATE RECORD,,,,,,,,,,,https://www.usaspending.gov/award/ASST_NON_1910642-41-23_417/,2023-08-29 18:25:33.406953+00,2023-08-29 18:25:33.406953+00,recipient county outside NYC
5920_1910657-34-23_-NONE-_45.024_-NONE-,ASST_NON_1910657-34-23_417,1910657-34-23,,,SAI EXEMPT,25000.00,25000.00,25000.00,0.00,0.00,0.00,0.00,0.00,0.00,0.00,25000.00,Q: Not Designated Nonemergency/Emergency/Disaster/Wildfire Suppression,,,,,2023-05-18,2023,2023-06-01,2024-05-31,417,National Endowment for the Arts,5920,National Endowment for the Arts,593105,NATIONAL ENDOWMENT FOR THE ARTS,417,National Endowment for the Arts,5920,National Endowment for the Arts,593105,NATIONAL ENDOWMENT FOR THE ARTS,417-X-0100-000,417-0100,"41.0: Grants, subsidies, and contributions",0001: PROMOTION OF THE ARTS,G9ALLQ9MX1K8,,"JACOB BURNS FILM CENTER, INC",JACOB BURNS FILM CENTER  INC.,UTQ3LDK3F2M1,,"JACOB BURNS FILM CENTER, INC.","JACOB BURNS FILM CENTER, INC.",USA,UNITED STATES,405 MANVILLE RD OFC,,,,36119,WESTCHESTER,36,NY,NEW YORK,10570,2846,NY-17,NY-17,,,,STATE-WIDE,USA,UNITED STATES,NY*****,,,,36,NEW YORK,,NY-17,,,45.024,PROMOTION OF THE ARTS GRANTS TO ORGANIZATIONS AND INDIVIDUALS,,,04,PROJECT GRANT (B),,,,,PURPOSE: TO SUPPORT A PRE-PROFESSIONAL PROGRAM IN SCREENWRITING AND FILM PRODUCTION FOR HIGH SCHOOL STUDENTS.,PURPOSE: TO SUPPORT A PRE-PROFESSIONAL PROGRAM IN SCREENWRITING AND FILM PRODUCTION FOR HIGH SCHOOL STUDENTS.,NON,NOT RECOVERY ACT,M,NONPROFIT WITH 501C3 IRS STATUS (OTHER THAN AN INSTITUTION OF HIGHER EDUCATION),,,A1,New Award,2,NON-AGGREGATE RECORD,,,,,,,,,,,https://www.usaspending.gov/award/ASST_NON_1910657-34-23_417/,2023-05-22 17:02:24.537819+00,2023-05-22 17:02:24.537819+00,recipient county outside NYC
5920_1910688-34-23_-NONE-_45.024_-NONE-,ASST_NON_1910688-34-23_417,1910688-34-23,,,SAI EXEMPT,25000.00,23383.23,23383.23,0.00,0.00,0.00,0.00,0.00,0.00,0.00,25000.00,Q: Not Designated Nonemergency/Emergency/Disaster/Wildfire Suppression,,,,,2023-05-18,2023,2023-06-01,2024-05-31,417,National Endowment for the Arts,5920,National Endowment for the Arts,593105,NATIONAL ENDOWMENT FOR THE ARTS,417,National Endowment for the Arts,5920,National Endowment for the Arts,593105,NATIONAL ENDOWMENT FOR THE ARTS,417-X-0100-000,417-0100,"41.0: Grants, subsidies, and contributions",0001: PROMOTION OF THE ARTS,J1B5PBG573T1,,ALFRED UNIVERSITY,ALFRED UNIVERSITY,,,ALFRED UNIVERSITY,ALFRED UNIVERSITY,USA,UNITED STATES,1 SAXON DR,,,,36003,ALLEGANY,36,NY,NEW YORK,14802,1205,NY-23,NY-23,,,,STATE-WIDE,USA,UNITED STATES,NY*****,,,,36,NEW YORK,,NY-23,,,45.024,PROMOTION OF THE ARTS GRANTS TO ORGANIZATIONS AND INDIVIDUALS,,,04,PROJECT GRANT (B),,,,,PURPOSE: TO SUPPORT AN ARTIST RESIDENCY PROGRAM AT THE INSTITUTE FOR ELECTRONIC ARTS.,PURPOSE: TO SUPPORT AN ARTIST RESIDENCY PROGRAM AT THE INSTITUTE FOR ELECTRONIC ARTS.,NON,NOT RECOVERY ACT,M,NONPROFIT WITH 501C3 IRS STATUS (OTHER THAN AN INSTITUTION OF HIGHER EDUCATION),,,A1,New Award,2,NON-AGGREGATE RECORD,,,,,,,,,,,https://www.usaspending.gov/award/ASST_NON_1910688-34-23_417/,2023-05-22 17:02:24.537819+00,2023-05-22 17:02:24.537819+00,recipient county outside NYC
5920_1910688-34-23_-NONE-_45.024_1,ASST_NON_1910688-34-23_417,1910688-34-23,1,,SAI EXEMPT,-1616.77,23383.23,23383.23,0.00,0.00,0.00,0.00,0.00,0.00,0.00,-1616.77,Q: Not Designated Nonemergency/Emergency/Disaster/Wildfire Suppression,,,,,2024-09-17,2024,2023-06-01,2024-05-31,417,National Endowment for the Arts,5920,National Endowment for the Arts,593105,NATIONAL ENDOWMENT FOR THE ARTS,417,National Endowment for the Arts,5920,National Endowment for the Arts,593105,NATIONAL ENDOWMENT FOR THE ARTS,417-X-0100-000,417-0100,"41.0: Grants, subsidies, and contributions",0001: PROMOTION OF THE ARTS,J1B5PBG573T1,,ALFRED UNIVERSITY,ALFRED UNIVERSITY,,,ALFRED UNIVERSITY,ALFRED UNIVERSITY,USA,UNITED STATES,1 SAXON DR,,01198,ALFRED,36003,ALLEGANY,36,NY,NEW YORK,14802,1232,NY-23,NY-23,,,,STATE-WIDE,USA,UNITED STATES,NY*****,,,,36,NEW YORK,,NY-23,,,45.024,PROMOTION OF THE ARTS GRANTS TO ORGANIZATIONS AND INDIVIDUALS,2022NEA01GAP2,TO SUPPORT OPPORTUNITIES FOR ALL PEOPLE TO PARTICIPATE IN THE ARTS AND ARTS EDUCATION.,04,PROJECT GRANT (B),,,,,PURPOSE: TO SUPPORT AN ARTIST RESIDENCY PROGRAM AT THE INSTITUTE FOR ELECTRONIC ARTS.,PURPOSE: TO SUPPORT AN ARTIST RESIDENCY PROGRAM AT THE INSTITUTE FOR ELECTRONIC ARTS.,NON,NOT RECOVERY ACT,M,NONPROFIT WITH 501C3 IRS STATUS (OTHER THAN AN INSTITUTION OF HIGHER EDUCATION),,,A1,New Award,2,NON-AGGREGATE RECORD,,,,,,,,,,,https://www.usaspending.gov/award/ASST_NON_1910688-34-23_417/,2024-09-19 15:19:13.774122+00,2024-09-19 15:19:13.774122+00,recipient county outside NYC
5920_1910692-34-23_-NONE-_45.024_-NONE-,ASST_NON_1910692-34-23_417,1910692-34-23,,,SAI EXEMPT,20000.00,20000.00,20000.00,0.00,0.00,0.00,0.00,0.00,0.00,0.00,20000.00,Q: Not Designated Nonemergency/Emergency/Disaster/Wildfire Suppression,,,,,2023-07-11,2023,2023-07-01,2024-05-31,417,National Endowment for the Arts,5920,National Endowment for the Arts,593105,NATIONAL ENDOWMENT FOR THE ARTS,417,National Endowment for the Arts,5920,National Endowment for the Arts,593105,NATIONAL ENDOWMENT FOR THE ARTS,417-X-0100-000,417-0100,"41.0: Grants, subsidies, and contributions",0001: PROMOTION OF THE ARTS,P2DWYD3PFAK7,,THE ART EFFECT OF THE HUDSON VALLEY INC.,ART EFFECT OF THE HUDSON VALLEY INC.,P2DWYD3PFAK7,,THE ART EFFECT OF THE HUDSON VALLEY INC.,THE ART EFFECT OF THE HUDSON VALLEY INC,USA,UNITED STATES,45 PERSHING AVENUE,,59641,POUGHKEEPSIE,36027,DUTCHESS,36,NY,NEW YORK,12601,2729,NY-18,NY-18,,,,STATE-WIDE,USA,UNITED STATES,NY*****,,,,36,NEW YORK,,NY-18,,,45.024,PROMOTION OF THE ARTS GRANTS TO ORGANIZATIONS AND INDIVIDUALS,2022NEA01GAP2,,04,PROJECT GRANT (B),,,,,PURPOSE: TO SUPPORT A FESTIVAL OF YOUTH-PRODUCED FILMS AND RELATED PUBLIC PROGRAMMING.,PURPOSE: TO SUPPORT A FESTIVAL OF YOUTH-PRODUCED FILMS AND RELATED PUBLIC PROGRAMMING.,NON,NOT RECOVERY ACT,M,NONPROFIT WITH 501C3 IRS STATUS (OTHER THAN AN INSTITUTION OF HIGHER EDUCATION),,,A1,New Award,2,NON-AGGREGATE RECORD,,,,,,,,,,,https://www.usaspending.gov/award/ASST_NON_1910692-34-23_417/,2023-07-27 12:54:24.772627+00,2023-07-27 12:54:24.772627+00,recipient county outside NYC
5920_1910764-54-23_-NONE-_45.024_-NONE-,ASST_NON_1910764-54-23_417,1910764-54-23,,,SAI EXEMPT,20000.00,20000.00,20000.00,0.00,0.00,0.00,0.00,0.00,0.00,0.00,20000.00,Q: Not Designated Nonemergency/Emergency/Disaster/Wildfire Suppression,,,,,2023-08-24,2023,2023-06-01,2025-05-31,417,National Endowment for the Arts,5920,National Endowment for the Arts,593105,NATIONAL ENDOWMENT FOR THE ARTS,417,National Endowment for the Arts,5920,National Endowment for the Arts,593105,NATIONAL ENDOWMENT FOR THE ARTS,417-X-0100-000,417-0100,"41.0: Grants, subsidies, and contributions",0001: PROMOTION OF THE ARTS,NEP4LKKJYNX4,,MUSICAL ASSOCIATES OF CENTRAL NEW YORK INC,MUSICAL ASSOCIATES OF CENTRAL NEW YORK INC.,,,,,USA,UNITED STATES,450 S SALINA STREET,STE 100,73000,SYRACUSE,36067,ONONDAGA,36,NY,NEW YORK,13202,2416,NY-22,NY-22,,,,STATE-WIDE,USA,UNITED STATES,NY*****,,,,36,NEW YORK,,NY-22,,,45.024,PROMOTION OF THE ARTS GRANTS TO ORGANIZATIONS AND INDIVIDUALS,2022NEA01GAP2,,04,PROJECT GRANT (B),,,,,PURPOSE: TO SUPPORT PERFORMANCES COMBINING CIRCUS ARTS CHOREOGRAPHY AND CURATED MUSIC&NBSP;BY SYMPHORIA.,PURPOSE: TO SUPPORT PERFORMANCES COMBINING CIRCUS ARTS CHOREOGRAPHY AND CURATED MUSIC&NBSP;BY SYMPHORIA.,NON,NOT RECOVERY ACT,M,NONPROFIT WITH 501C3 IRS STATUS (OTHER THAN AN INSTITUTION OF HIGHER EDUCATION),,,A1,New Award,2,NON-AGGREGATE RECORD,,,,,,,,,,,https://www.usaspending.gov/award/ASST_NON_1910764-54-23_417/,2023-08-29 18:25:33.406953+00,2023-08-29 18:25:33.406953+00,recipient county outside NYC
5920_1910768-41-23_-NONE-_45.024_-NONE-,ASST_NON_1910768-41-23_417,1910768-41-23,,,SAI EXEMPT,32000.00,32000.00,32000.00,0.00,0.00,0.00,0.00,0.00,0.00,0.00,32000.00,Q: Not Designated Nonemergency/Emergency/Disaster/Wildfire Suppression,,,,,2023-08-24,2023,2023-06-01,2025-03-31,417,National Endowment for the Arts,5920,National Endowment for the Arts,593105,NATIONAL ENDOWMENT FOR THE ARTS,417,National Endowment for the Arts,5920,National Endowment for the Arts,593105,NATIONAL ENDOWMENT FOR THE ARTS,417-X-0100-000,417-0100,"41.0: Grants, subsidies, and contributions",0001: PROMOTION OF THE ARTS,FDWHMML8HMA4,,"REHABILITATION THROUGH THE ARTS, INC",PRISON COMMUNITIES INTERNATIONAL INC,Z6BLGTL97MW5,,"PRISON COMMUNITIES INTERNATIONAL, INC",,USA,UNITED STATES,735 ANDERSON HILL RD,,60026,PURCHASE,36119,WESTCHESTER,36,NY,NEW YORK,10577,1402,NY-17,NY-16,,,,STATE-WIDE,USA,UNITED STATES,NY*****,,,,36,NEW YORK,,NY-17,,,45.024,PROMOTION OF THE ARTS GRANTS TO ORGANIZATIONS AND INDIVIDUALS,2022NEA01GAP2,,04,PROJECT GRANT (B),,,,,PURPOSE: TO SUPPORT A VISUAL ARTS PROGRAM AND EXHIBITION OPPORTUNITY FACILIATED BY REHABILITATION THROUGH THE ARTS FOR INCARCERATED MEN AND WOMEN IN THE NEW YORK STATE PRISON SYSTEM.,PURPOSE: TO SUPPORT A VISUAL ARTS PROGRAM AND EXHIBITION OPPORTUNITY FACILIATED BY REHABILITATION THROUGH THE ARTS FOR INCARCERATED MEN AND WOMEN IN THE NEW YORK STATE PRISON SYSTEM.,NON,NOT RECOVERY ACT,M,NONPROFIT WITH 501C3 IRS STATUS (OTHER THAN AN INSTITUTION OF HIGHER EDUCATION),,,A1,New Award,2,NON-AGGREGATE RECORD,,,,,,,,,,,https://www.usaspending.gov/award/ASST_NON_1910768-41-23_417/,2023-08-29 18:25:33.406953+00,2023-08-29 18:25:33.406953+00,recipient county outside NYC
5920_1910993-44-23_-NONE-_45.024_-NONE-,ASST_NON_1910993-44-23_417,1910993-44-23,,,SAI EXEMPT,27500.00,27500.00,27500.00,0.00,0.00,0.00,0.00,0.00,0.00,0.00,27500.00,Q: Not Designated Nonemergency/Emergency/Disaster/Wildfire Suppression,,,,,2023-08-16,2023,2023-06-01,2025-05-31,417,National Endowment for the Arts,5920,National Endowment for the Arts,593105,NATIONAL ENDOWMENT FOR THE ARTS,417,National Endowment for the Arts,5920,National Endowment for the Arts,593105,NATIONAL ENDOWMENT FOR THE ARTS,417-X-0100-000,417-0100,"41.0: Grants, subsidies, and contributions",0001: PROMOTION OF THE ARTS,ZEBKUNNFQ3B5,,NATURAL HISTORY MUSEUM OF ADIRONDACKS,NATURAL HISTORY MUSEUM OF THE ADIRONDACKS,,,,,USA,UNITED STATES,45 MUSEUM DR,,75671,TUPPER LAKE,36033,FRANKLIN,36,NY,NEW YORK,12986,9712,NY-21,NY-21,,,,STATE-WIDE,USA,UNITED STATES,NY*****,,,,36,NEW YORK,,NY-21,,,45.024,PROMOTION OF THE ARTS GRANTS TO ORGANIZATIONS AND INDIVIDUALS,2022NEA01GAP2,,04,PROJECT GRANT (B),,,,,PURPOSE: TO SUPPORT AN OUTDOOR ART INSTALLATION AND VIDEO DOCUMENTARY AT THE WILD CENTER.,PURPOSE: TO SUPPORT AN OUTDOOR ART INSTALLATION AND VIDEO DOCUMENTARY AT THE WILD CENTER.,NON,NOT RECOVERY ACT,M,NONPROFIT WITH 501C3 IRS STATUS (OTHER THAN AN INSTITUTION OF HIGHER EDUCATION),,,A1,New Award,2,NON-AGGREGATE RECORD,,,,,,,,,,,https://www.usaspending.gov/award/ASST_NON_1910993-44-23_417/,2023-08-29 18:25:33.406953+00,2023-08-29 18:25:33.406953+00,recipient county outside NYC
5920_1911019-36-23_-NONE-_45.024_-NONE-,ASST_NON_1911019-36-23_417,1911019-36-23,,,SAI EXEMPT,25000.00,25000.00,25000.00,0.00,0.00,0.00,0.00,0.00,0.00,0.00,25000.00,Q: Not Designated Nonemergency/Emergency/Disaster/Wildfire Suppression,,,,,2023-06-05,2023,2023-06-01,2023-08-31,417,National Endowment for the Arts,5920,National Endowment for the Arts,593105,NATIONAL ENDOWMENT FOR THE ARTS,417,National Endowment for the Arts,5920,National Endowment for the Arts,593105,NATIONAL ENDOWMENT FOR THE ARTS,417-X-0100-000,417-0100,"41.0: Grants, subsidies, and contributions",0001: PROMOTION OF THE ARTS,H33NNTSHGW69,,"SEAGLE MUSIC COLONY, INC.",SEAGLE MUSIC COLONY  INC.,,,,,USA,UNITED STATES,999 CHARLEY HILL RD.,,65640,SCHROON LAKE,36031,ESSEX,36,NY,NEW YORK,12870,2220,NY-21,NY-21,,,,STATE-WIDE,USA,UNITED STATES,NY*****,,,,36,NEW YORK,,NY-21,,,45.024,PROMOTION OF THE ARTS GRANTS TO ORGANIZATIONS AND INDIVIDUALS,2022NEA01GAP2,,04,PROJECT GRANT (B),,,,,PURPOSE: TO SUPPORT PERFORMANCES OF WITH BLOOD  WITH INK BY COMPOSER DANIEL CROZIER AND LIBRETTIST PETER KRASK.,PURPOSE: TO SUPPORT PERFORMANCES OF WITH BLOOD  WITH INK BY COMPOSER DANIEL CROZIER AND LIBRETTIST PETER KRASK.,NON,NOT RECOVERY ACT,M,NONPROFIT WITH 501C3 IRS STATUS (OTHER THAN AN INSTITUTION OF HIGHER EDUCATION),,,A1,New Award,2,NON-AGGREGATE RECORD,,,,,,,,,,,https://www.usaspending.gov/award/ASST_NON_1911019-36-23_417/,2023-06-27 18:00:19.566518+00,2023-06-27 18:00:19.566518+00,recipient county outside NYC
5920_1911072-31-23_-NONE-_45.024_-NONE-,ASST_NON_1911072-31-23_417,1911072-31-23,,,SAI EXEMPT,30000.00,30000.00,30000.00,0.00,0.00,0.00,0.00,0.00,0.00,0.00,30000.00,Q: Not Designated Nonemergency/Emergency/Disaster/Wildfire Suppression,,,,,2023-05-16,2023,2023-06-01,2023-09-30,417,National Endowment for the Arts,5920,National Endowment for the Arts,593105,NATIONAL ENDOWMENT FOR THE ARTS,417,National Endowment for the Arts,5920,National Endowment for the Arts,593105,NATIONAL ENDOWMENT FOR THE ARTS,417-X-0100-000,417-0100,"41.0: Grants, subsidies, and contributions",0001: PROMOTION OF THE ARTS,D8RQY9ANS356,,CARAMOOR CENTER FOR MUSIC AND THE ARTS INCORPORATED,CARAMOOR CENTER FOR MUSIC AND THE ARTS  INC.,,,,,USA,UNITED STATES,149 GIRDLE RIDGE RD,,,,36119,WESTCHESTER,36,NY,NEW YORK,10536,3815,NY-17,NY-17,,,,STATE-WIDE,USA,UNITED STATES,NY*****,,,,36,NEW YORK,,NY-17,,,45.024,PROMOTION OF THE ARTS GRANTS TO ORGANIZATIONS AND INDIVIDUALS,,,04,PROJECT GRANT (B),,,,,PURPOSE: TO SUPPORT ARTIST FEES FOR THE CARAMOOR SUMMER SEASON.,PURPOSE: TO SUPPORT ARTIST FEES FOR THE CARAMOOR SUMMER SEASON.,NON,NOT RECOVERY ACT,M,NONPROFIT WITH 501C3 IRS STATUS (OTHER THAN AN INSTITUTION OF HIGHER EDUCATION),,,A1,New Award,2,NON-AGGREGATE RECORD,,,,,,,,,,,https://www.usaspending.gov/award/ASST_NON_1911072-31-23_417/,2023-05-22 17:02:24.537819+00,2023-05-22 17:02:24.537819+00,recipient county outside NYC
5920_1911114-32-23_-NONE-_45.024_-NONE-,ASST_NON_1911114-32-23_417,1911114-32-23,,,SAI EXEMPT,25000.00,25000.00,25000.00,0.00,0.00,0.00,0.00,0.00,0.00,0.00,25000.00,Q: Not Designated Nonemergency/Emergency/Disaster/Wildfire Suppression,,,,,2023-08-03,2023,2023-06-01,2024-07-31,417,National Endowment for the Arts,5920,National Endowment for the Arts,593105,NATIONAL ENDOWMENT FOR THE ARTS,417,National Endowment for the Arts,5920,National Endowment for the Arts,593105,NATIONAL ENDOWMENT FOR THE ARTS,417-X-0100-000,417-0100,"41.0: Grants, subsidies, and contributions",0001: PROMOTION OF THE ARTS,S7TNEMPLN4X7,,PEACE OF THE CITY MINISTRIES,PEACE OF THE CITY MINISTRIES,,,,,USA,UNITED STATES,146 PARKDALE AVE,,11000,BUFFALO,36029,ERIE,36,NY,NEW YORK,14213,1613,NY-26,NY-26,,,,STATE-WIDE,USA,UNITED STATES,NY*****,,,,36,NEW YORK,,NY-26,,,45.024,PROMOTION OF THE ARTS GRANTS TO ORGANIZATIONS AND INDIVIDUALS,2022NEA01GAP2,,04,PROJECT GRANT (B),,,,,PURPOSE: TO SUPPORT THEATER FOR ALL  A YOUTH-FOCUSED THEATER EXPOSURE AND ENRICHMENT PROGRAM.,PURPOSE: TO SUPPORT THEATER FOR ALL  A YOUTH-FOCUSED THEATER EXPOSURE AND ENRICHMENT PROGRAM.,NON,NOT RECOVERY ACT,M,NONPROFIT WITH 501C3 IRS STATUS (OTHER THAN AN INSTITUTION OF HIGHER EDUCATION),,,A1,New Award,2,NON-AGGREGATE RECORD,,,,,,,,,,,https://www.usaspending.gov/award/ASST_NON_1911114-32-23_417/,2023-08-29 18:25:33.406953+00,2023-08-29 18:25:33.406953+00,recipient county outside NYC
5920_1911130-32-23_-NONE-_45.024_-NONE-,ASST_NON_1911130-32-23_417,1911130-32-23,,,SAI EXEMPT,15000.00,15000.00,15000.00,0.00,0.00,0.00,0.00,0.00,0.00,0.00,15000.00,Q: Not Designated Nonemergency/Emergency/Disaster/Wildfire Suppression,,,,,2023-08-07,2023,2023-07-01,2024-07-31,417,National Endowment for the Arts,5920,National Endowment for the Arts,593105,NATIONAL ENDOWMENT FOR THE ARTS,417,National Endowment for the Arts,5920,National Endowment for the Arts,593105,NATIONAL ENDOWMENT FOR THE ARTS,417-X-0100-000,417-0100,"41.0: Grants, subsidies, and contributions",0001: PROMOTION OF THE ARTS,XKDBBNWHQEW5,,CIVIC ENSEMBLE INC.,CIVIC ENSEMBLE  INC.,,,,,USA,UNITED STATES,127 CLEVELAND AVE.,,38077,ITHACA,36109,TOMPKINS,36,NY,NEW YORK,14850,5201,NY-19,NY-19,,,,STATE-WIDE,USA,UNITED STATES,NY*****,,,,36,NEW YORK,,NY-19,,,45.024,PROMOTION OF THE ARTS GRANTS TO ORGANIZATIONS AND INDIVIDUALS,2022NEA01GAP2,,04,PROJECT GRANT (B),,,,,PURPOSE: TO SUPPORT STAFF SALARIES AND ARTIST FEES FOR THE REENTRY THEATRE PROGRAM.,PURPOSE: TO SUPPORT STAFF SALARIES AND ARTIST FEES FOR THE REENTRY THEATRE PROGRAM.,NON,NOT RECOVERY ACT,M,NONPROFIT WITH 501C3 IRS STATUS (OTHER THAN AN INSTITUTION OF HIGHER EDUCATION),,,A1,New Award,2,NON-AGGREGATE RECORD,,,,,,,,,,,https://www.usaspending.gov/award/ASST_NON_1911130-32-23_417/,2023-08-29 18:25:33.406953+00,2023-08-29 18:25:33.406953+00,recipient county outside NYC
5920_1911188-32-23_-NONE-_45.024_-NONE-,ASST_NON_1911188-32-23_417,1911188-32-23,,,SAI EXEMPT,40000.00,40000.00,40000.00,0.00,0.00,0.00,0.00,0.00,0.00,0.00,40000.00,Q: Not Designated Nonemergency/Emergency/Disaster/Wildfire Suppression,,,,,2023-07-10,2023,2023-06-01,2024-05-31,417,National Endowment for the Arts,5920,National Endowment for the Arts,593105,NATIONAL ENDOWMENT FOR THE ARTS,417,National Endowment for the Arts,5920,National Endowment for the Arts,593105,NATIONAL ENDOWMENT FOR THE ARTS,417-X-0100-000,417-0100,"41.0: Grants, subsidies, and contributions",0001: PROMOTION OF THE ARTS,GZJBB9J5BAE3,,SPACE ON THE FARM INC,SPACE ON THE FARM,,,,,USA,UNITED STATES,406 STARR RIDGE RD,,08070,BREWSTER,36079,PUTNAM,36,NY,NEW YORK,10509,4705,NY-07,NY-17,,,,STATE-WIDE,USA,UNITED STATES,NY*****,,,,36,NEW YORK,,NY-07,,,45.024,PROMOTION OF THE ARTS GRANTS TO ORGANIZATIONS AND INDIVIDUALS,2022NEA01GAP2,,04,PROJECT GRANT (B),,,,,PURPOSE: TO SUPPORT STAFF SALARIES AND RENTAL FEES FOR RESIDENCIES FOR THEATER ARTISTS AND ORGANIZATIONS AT SPACE ON RYDER FARM IN BREWSTER  NEW YORK.,PURPOSE: TO SUPPORT STAFF SALARIES AND RENTAL FEES FOR RESIDENCIES FOR THEATER ARTISTS AND ORGANIZATIONS AT SPACE ON RYDER FARM IN BREWSTER  NEW YORK.,NON,NOT RECOVERY ACT,M,NONPROFIT WITH 501C3 IRS STATUS (OTHER THAN AN INSTITUTION OF HIGHER EDUCATION),,,A1,New Award,2,NON-AGGREGATE RECORD,,,,,,,,,,,https://www.usaspending.gov/award/ASST_NON_1911188-32-23_417/,2023-07-27 12:54:24.772627+00,2023-07-27 12:54:24.772627+00,recipient county outside NYC
5920_1911212-59-22_-NONE-_45.024_-NONE-,ASST_NON_1911212-59-22_417,1911212-59-22,,,SAI EXEMPT,10000.00,10000.00,10000.00,0.00,0.00,0.00,0.00,0.00,0.00,0.00,10000.00,Q: Not Designated Nonemergency/Emergency/Disaster/Wildfire Suppression,,,,,2022-08-05,2022,2023-01-01,2023-12-31,417,National Endowment for the Arts,5920,National Endowment for the Arts,593105,NATIONAL ENDOWMENT FOR THE ARTS,417,National Endowment for the Arts,5920,National Endowment for the Arts,593105,NATIONAL ENDOWMENT FOR THE ARTS,417-X-0100-000,417-0100,"41.0: Grants, subsidies, and contributions",0001: PROMOTION OF THE ARTS,MMQEA9YKG3K5,,BABYLON CITIZENS COUNCIL ON ARTS,BABYLON CITIZENS COUNCIL ON THE ARTS  INC.,,,,,USA,UNITED STATES,47 W MAIN ST STE 4,,03408,BABYLON,36103,SUFFOLK,36,NY,NEW YORK,11702,3423,NY-02,NY-02,,,,STATE-WIDE,USA,UNITED STATES,NY*****,,,,36,NEW YORK,,NY-02,,,45.024,PROMOTION OF THE ARTS GRANTS TO ORGANIZATIONS AND INDIVIDUALS,,,04,PROJECT GRANT (B),,,,,PURPOSE: TO SUPPORT A MARKETING AND OUTREACH INITIATIVE.,"PURPOSE: TO
SUPPORT A MARKETING AND OUTREACH INITIATIVE.",NON,NOT RECOVERY ACT,M,NONPROFIT WITH 501C3 IRS STATUS (OTHER THAN AN INSTITUTION OF HIGHER EDUCATION),,,A1,New Award,2,NON-AGGREGATE RECORD,,,,,,,,,,,https://www.usaspending.gov/award/ASST_NON_1911212-59-22_417/,2022-08-26 15:40:21.061306+00,2022-08-26 15:40:21.061306+00,recipient county outside NYC
5920_1911212-59-22_-NONE-_45.024_1,ASST_NON_1911212-59-22_417,1911212-59-22,1,,SAI EXEMPT,0.00,10000.00,10000.00,0.00,0.00,0.00,0.00,0.00,0.00,0.00,0.00,Q: Not Designated Nonemergency/Emergency/Disaster/Wildfire Suppression,,,,,2022-08-05,2022,2023-01-01,2024-08-31,417,National Endowment for the Arts,5920,National Endowment for the Arts,593105,NATIONAL ENDOWMENT FOR THE ARTS,417,National Endowment for the Arts,5920,National Endowment for the Arts,593105,NATIONAL ENDOWMENT FOR THE ARTS,417-X-0100-000,417-0100,"41.0: Grants, subsidies, and contributions",0001: PROMOTION OF THE ARTS,MMQEA9YKG3K5,,BABYLON CITIZENS COUNCIL ON ARTS,"BABYLON CITIZENS COUNCIL ON THE ARTS, INC.",,,,,USA,UNITED STATES,47 W MAIN ST,STE 4,03408,BABYLON,36103,SUFFOLK,36,NY,NEW YORK,11702,3423,NY-02,NY-02,,,,STATE-WIDE,USA,UNITED STATES,NY*****,,,,36,NEW YORK,,NY-02,,,45.024,PROMOTION OF THE ARTS GRANTS TO ORGANIZATIONS AND INDIVIDUALS,2022NEAAEAC,,04,PROJECT GRANT (B),,,,,"PURPOSE: TO
SUPPORT A MARKETING AND OUTREACH INITIATIVE.","PURPOSE: TO
SUPPORT A MARKETING AND OUTREACH INITIATIVE.",NON,NOT RECOVERY ACT,M,NONPROFIT WITH 501C3 IRS STATUS (OTHER THAN AN INSTITUTION OF HIGHER EDUCATION),,,A1,New Award,2,NON-AGGREGATE RECORD,,,,,,,,,,,https://www.usaspending.gov/award/ASST_NON_1911212-59-22_417/,2024-01-12 19:38:10.084164+00,2024-01-12 19:38:10.084164+00,recipient county outside NYC
5920_1911213-34-23_-NONE-_45.024_-NONE-,ASST_NON_1911213-34-23_417,1911213-34-23,,,SAI EXEMPT,15000.00,15000.00,15000.00,0.00,0.00,0.00,0.00,0.00,0.00,0.00,15000.00,Q: Not Designated Nonemergency/Emergency/Disaster/Wildfire Suppression,,,,,2023-06-14,2023,2023-06-01,2024-05-31,417,National Endowment for the Arts,5920,National Endowment for the Arts,593105,NATIONAL ENDOWMENT FOR THE ARTS,417,National Endowment for the Arts,5920,National Endowment for the Arts,593105,NATIONAL ENDOWMENT FOR THE ARTS,417-X-0100-000,417-0100,"41.0: Grants, subsidies, and contributions",0001: PROMOTION OF THE ARTS,JVBCPVMRM1J5,,"BUFFALO INTERNATIONAL FILM FESTIVAL, INC.",BUFFALO INTERNATIONAL FILM FESTIVAL  INC.,,,,,USA,UNITED STATES,1428 HERTEL AVE,,11000,BUFFALO,36029,ERIE,36,NY,NEW YORK,14216,2827,NY-26,NY-26,,,,STATE-WIDE,USA,UNITED STATES,NY*****,,,,36,NEW YORK,,NY-26,,,45.024,PROMOTION OF THE ARTS GRANTS TO ORGANIZATIONS AND INDIVIDUALS,2022NEA01GAP2,,04,PROJECT GRANT (B),,,,,PURPOSE: TO SUPPORT THE BUFFALO INTERNATIONAL FILM FESTIVAL AND ASSOCIATED PUBLIC PROGRAMMING.,PURPOSE: TO SUPPORT THE BUFFALO INTERNATIONAL FILM FESTIVAL AND ASSOCIATED PUBLIC PROGRAMMING.,NON,NOT RECOVERY ACT,M,NONPROFIT WITH 501C3 IRS STATUS (OTHER THAN AN INSTITUTION OF HIGHER EDUCATION),,,A1,New Award,2,NON-AGGREGATE RECORD,,,,,,,,,,,https://www.usaspending.gov/award/ASST_NON_1911213-34-23_417/,2023-06-27 18:00:19.566518+00,2023-06-27 18:00:19.566518+00,recipient county outside NYC
5920_1911217-51-23_-NONE-_45.024_-NONE-,ASST_NON_1911217-51-23_417,1911217-51-23,,,SAI EXEMPT,30000.00,30000.00,30000.00,0.00,0.00,0.00,0.00,0.00,0.00,0.00,30000.00,Q: Not Designated Nonemergency/Emergency/Disaster/Wildfire Suppression,,,,,2023-07-11,2023,2023-06-01,2024-05-31,417,National Endowment for the Arts,5920,National Endowment for the Arts,593105,NATIONAL ENDOWMENT FOR THE ARTS,417,National Endowment for the Arts,5920,National Endowment for the Arts,593105,NATIONAL ENDOWMENT FOR THE ARTS,417-X-0100-000,417-0100,"41.0: Grants, subsidies, and contributions",0001: PROMOTION OF THE ARTS,EV7FDZ5HCQE3,,"WESTERN NEW YORK BOOK ARTS COLLABORATIVE, INC.",WESTERN NEW YORK BOOK ARTS COLLABORATIVE  INC.,,,,,USA,UNITED STATES,468 WASHINGTON ST,,11000,BUFFALO,36029,ERIE,36,NY,NEW YORK,14203,1749,NY-26,NY-26,,,,STATE-WIDE,USA,UNITED STATES,NY*****,,,,36,NEW YORK,,NY-26,,,45.024,PROMOTION OF THE ARTS GRANTS TO ORGANIZATIONS AND INDIVIDUALS,2022NEA01GAP2,,04,PROJECT GRANT (B),,,,,PURPOSE:&NBSP;TO SUPPORT PRINTING PARTNERS  A FREE BOOK ARTS EDUCATION PROGRAM FOR STUDENTS.,PURPOSE:&NBSP;TO SUPPORT PRINTING PARTNERS  A FREE BOOK ARTS EDUCATION PROGRAM FOR STUDENTS.,NON,NOT RECOVERY ACT,M,NONPROFIT WITH 501C3 IRS STATUS (OTHER THAN AN INSTITUTION OF HIGHER EDUCATION),,,A1,New Award,2,NON-AGGREGATE RECORD,,,,,,,,,,,https://www.usaspending.gov/award/ASST_NON_1911217-51-23_417/,2023-07-27 12:54:24.772627+00,2023-07-27 12:54:24.772627+00,recipient county outside NYC
5920_1911266-31-23_-NONE-_45.024_-NONE-,ASST_NON_1911266-31-23_417,1911266-31-23,,,SAI EXEMPT,15000.00,15000.00,15000.00,0.00,0.00,0.00,0.00,0.00,0.00,0.00,15000.00,Q: Not Designated Nonemergency/Emergency/Disaster/Wildfire Suppression,,,,,2023-05-11,2023,2023-06-01,2023-12-31,417,National Endowment for the Arts,5920,National Endowment for the Arts,593105,NATIONAL ENDOWMENT FOR THE ARTS,417,National Endowment for the Arts,5920,National Endowment for the Arts,593105,NATIONAL ENDOWMENT FOR THE ARTS,417-X-0100-000,417-0100,"41.0: Grants, subsidies, and contributions",0001: PROMOTION OF THE ARTS,F5ZNH5QJTP37,,GENEVA MUSIC FESTIVAL INC,GENEVA MUSIC FESTIVAL INC,,,,,USA,UNITED STATES,124 N MAIN ST,,,,36069,ONTARIO,36,NY,NEW YORK,14456,1604,NY-24,NY-24,,,,STATE-WIDE,USA,UNITED STATES,NY*****,,,,36,NEW YORK,,NY-24,,,45.024,PROMOTION OF THE ARTS GRANTS TO ORGANIZATIONS AND INDIVIDUALS,,,04,PROJECT GRANT (B),,,,,PURPOSE: TO SUPPORT THE GENEVA MUSIC FESTIVAL OF CHAMBER MUSIC PERFORMANCES AND EDUCATIONAL ACTIVITIES.,PURPOSE: TO SUPPORT THE GENEVA MUSIC FESTIVAL OF CHAMBER MUSIC PERFORMANCES AND EDUCATIONAL ACTIVITIES.,NON,NOT RECOVERY ACT,M,NONPROFIT WITH 501C3 IRS STATUS (OTHER THAN AN INSTITUTION OF HIGHER EDUCATION),,,A1,New Award,2,NON-AGGREGATE RECORD,,,,,,,,,,,https://www.usaspending.gov/award/ASST_NON_1911266-31-23_417/,2023-05-22 17:02:24.537819+00,2023-05-22 17:02:24.537819+00,recipient county outside NYC
5920_1911278-41-23_-NONE-_45.024_-NONE-,ASST_NON_1911278-41-23_417,1911278-41-23,,,SAI EXEMPT,30000.00,30000.00,30000.00,0.00,0.00,0.00,0.00,0.00,0.00,0.00,30000.00,Q: Not Designated Nonemergency/Emergency/Disaster/Wildfire Suppression,,,,,2023-08-24,2023,2023-07-01,2024-06-30,417,National Endowment for the Arts,5920,National Endowment for the Arts,593105,NATIONAL ENDOWMENT FOR THE ARTS,417,National Endowment for the Arts,5920,National Endowment for the Arts,593105,NATIONAL ENDOWMENT FOR THE ARTS,417-X-0100-000,417-0100,"41.0: Grants, subsidies, and contributions",0001: PROMOTION OF THE ARTS,SDGRBDX91JH1,,"WOMEN'S STUDIO WORKSHOP, INC.",WOMENS STUDIO WORKSHOP  INC.,,,,,USA,UNITED STATES,722 BINNEWATER LN,,39727,KINGSTON,36111,ULSTER,36,NY,NEW YORK,12401,8420,NY-18,NY-19,,,,STATE-WIDE,USA,UNITED STATES,NY*****,,,,36,NEW YORK,,NY-18,,,45.024,PROMOTION OF THE ARTS GRANTS TO ORGANIZATIONS AND INDIVIDUALS,2022NEA01GAP2,,04,PROJECT GRANT (B),,,,,PURPOSE: TO SUPPORT AN ARTIST-IN-RESIDENCE PROGRAM AND ADDITIONAL ACTIVITIES CELEBRATING THE INSTITUTIONS 50TH ANNIVERSARY.,PURPOSE: TO SUPPORT AN ARTIST-IN-RESIDENCE PROGRAM AND ADDITIONAL ACTIVITIES CELEBRATING THE INSTITUTIONS 50TH ANNIVERSARY.,NON,NOT RECOVERY ACT,M,NONPROFIT WITH 501C3 IRS STATUS (OTHER THAN AN INSTITUTION OF HIGHER EDUCATION),,,A1,New Award,2,NON-AGGREGATE RECORD,,,,,,,,,,,https://www.usaspending.gov/award/ASST_NON_1911278-41-23_417/,2023-08-29 18:25:33.406953+00,2023-08-29 18:25:33.406953+00,recipient county outside NYC
5920_1911356-36-23_-NONE-_45.024_-NONE-,ASST_NON_1911356-36-23_417,1911356-36-23,,,SAI EXEMPT,10000.00,10000.00,10000.00,0.00,0.00,0.00,0.00,0.00,0.00,0.00,10000.00,Q: Not Designated Nonemergency/Emergency/Disaster/Wildfire Suppression,,,,,2023-08-07,2023,2023-06-01,2024-05-31,417,National Endowment for the Arts,5920,National Endowment for the Arts,593105,NATIONAL ENDOWMENT FOR THE ARTS,417,National Endowment for the Arts,5920,National Endowment for the Arts,593105,NATIONAL ENDOWMENT FOR THE ARTS,417-X-0100-000,417-0100,"41.0: Grants, subsidies, and contributions",0001: PROMOTION OF THE ARTS,KGF2LGEELFN3,,"TRI-CITIES OPERA COMPANY, INC.",TRI-CITIES OPERA COMPANY  INC.,,,"TRI-CITIES OPERA COMPANY, INC.","TRI-CITIES OPERA COMPANY, INC.",USA,UNITED STATES,315 CLINTON ST,,06607,BINGHAMTON,36007,BROOME,36,NY,NEW YORK,13905,2017,NY-19,NY-19,,,,STATE-WIDE,USA,UNITED STATES,NY*****,,,,36,NEW YORK,,NY-19,,,45.024,PROMOTION OF THE ARTS GRANTS TO ORGANIZATIONS AND INDIVIDUALS,2022NEA01GAP2,,04,PROJECT GRANT (B),,,,,PURPOSE: TO SUPPORT A TRAINING PROGRAM FOR EMERGING ARTISTS.&NBSP;,PURPOSE: TO SUPPORT A TRAINING PROGRAM FOR EMERGING ARTISTS.&NBSP;,NON,NOT RECOVERY ACT,M,NONPROFIT WITH 501C3 IRS STATUS (OTHER THAN AN INSTITUTION OF HIGHER EDUCATION),,,A1,New Award,2,NON-AGGREGATE RECORD,,,,,,,,,,,https://www.usaspending.gov/award/ASST_NON_1911356-36-23_417/,2023-08-29 18:25:33.406953+00,2023-08-29 18:25:33.406953+00,recipient county outside NYC
5920_1911457-54-23_-NONE-_45.024_-NONE-,ASST_NON_1911457-54-23_417,1911457-54-23,,,SAI EXEMPT,15000.00,15000.00,15000.00,0.00,0.00,0.00,0.00,0.00,0.00,0.00,15000.00,Q: Not Designated Nonemergency/Emergency/Disaster/Wildfire Suppression,,,,,2023-07-18,2023,2023-06-01,2023-10-31,417,National Endowment for the Arts,5920,National Endowment for the Arts,593105,NATIONAL ENDOWMENT FOR THE ARTS,417,National Endowment for the Arts,5920,National Endowment for the Arts,593105,NATIONAL ENDOWMENT FOR THE ARTS,417-X-0100-000,417-0100,"41.0: Grants, subsidies, and contributions",0001: PROMOTION OF THE ARTS,KNN1V97M78M6,,PS/21 INC,PS/21  INC.,,,,,USA,UNITED STATES,2980 STATE ROUTE 66,,14003,CHATHAM,36021,COLUMBIA,36,NY,NEW YORK,12037,3613,NY-19,NY-19,,,,STATE-WIDE,USA,UNITED STATES,NY*****,,,,36,NEW YORK,,NY-19,,,45.024,PROMOTION OF THE ARTS GRANTS TO ORGANIZATIONS AND INDIVIDUALS,2022NEA01GAP2,,04,PROJECT GRANT (B),,,,,PURPOSE: TO SUPPORT A MULTIDISCIPLINARY PERFORMANCE SERIES.,PURPOSE: TO SUPPORT A MULTIDISCIPLINARY PERFORMANCE SERIES.,NON,NOT RECOVERY ACT,M,NONPROFIT WITH 501C3 IRS STATUS (OTHER THAN AN INSTITUTION OF HIGHER EDUCATION),,,A1,New Award,2,NON-AGGREGATE RECORD,,,,,,,,,,,https://www.usaspending.gov/award/ASST_NON_1911457-54-23_417/,2023-07-27 12:54:24.772627+00,2023-07-27 12:54:24.772627+00,recipient county outside NYC
5920_1911470-52-23_-NONE-_45.024_-NONE-,ASST_NON_1911470-52-23_417,1911470-52-23,,,SAI EXEMPT,12000.00,12000.00,12000.00,0.00,0.00,0.00,0.00,0.00,0.00,0.00,12000.00,Q: Not Designated Nonemergency/Emergency/Disaster/Wildfire Suppression,,,,,2023-07-25,2023,2023-06-01,2024-05-31,417,National Endowment for the Arts,5920,National Endowment for the Arts,593105,NATIONAL ENDOWMENT FOR THE ARTS,417,National Endowment for the Arts,5920,National Endowment for the Arts,593105,NATIONAL ENDOWMENT FOR THE ARTS,417-X-0100-000,417-0100,"41.0: Grants, subsidies, and contributions",0001: PROMOTION OF THE ARTS,CKL8CLDBN7D7,,HERSTORY WRITERS WORKSHOP INC,HERSTORY WRITERS WORKSHOP  INC,,,,,USA,UNITED STATES,2539 MIDDLE COUNTRY RD,FL 2,13376,CENTEREACH,36103,SUFFOLK,36,NY,NEW YORK,11720,3597,NY-01,NY-01,,,,STATE-WIDE,USA,UNITED STATES,NY*****,,,,36,NEW YORK,,NY-01,,,45.024,PROMOTION OF THE ARTS GRANTS TO ORGANIZATIONS AND INDIVIDUALS,2022NEA01GAP2,,04,PROJECT GRANT (B),,,,,PURPOSE: TO SUPPORT LITERARY WORKSHOPS AND PEDAGOGICAL TRAINING.,PURPOSE: TO SUPPORT LITERARY WORKSHOPS AND PEDAGOGICAL TRAINING.,NON,NOT RECOVERY ACT,M,NONPROFIT WITH 501C3 IRS STATUS (OTHER THAN AN INSTITUTION OF HIGHER EDUCATION),,,A1,New Award,2,NON-AGGREGATE RECORD,,,,,,,,,,,https://www.usaspending.gov/award/ASST_NON_1911470-52-23_417/,2023-07-27 12:54:24.772627+00,2023-07-27 12:54:24.772627+00,recipient county outside NYC
5920_1911490-34-23_-NONE-_45.024_-NONE-,ASST_NON_1911490-34-23_417,1911490-34-23,,,SAI EXEMPT,25000.00,25000.00,25000.00,0.00,0.00,0.00,0.00,0.00,0.00,0.00,25000.00,Q: Not Designated Nonemergency/Emergency/Disaster/Wildfire Suppression,,,,,2023-07-26,2023,2023-06-01,2024-05-31,417,National Endowment for the Arts,5920,National Endowment for the Arts,593105,NATIONAL ENDOWMENT FOR THE ARTS,417,National Endowment for the Arts,5920,National Endowment for the Arts,593105,NATIONAL ENDOWMENT FOR THE ARTS,417-X-0100-000,417-0100,"41.0: Grants, subsidies, and contributions",0001: PROMOTION OF THE ARTS,MXBXN6FHM1L8,,BUFFALO MEDIA RESOURCES INC,BUFFALO MEDIA RESOURCES  INC.,,,,,USA,UNITED STATES,2495 MAIN ST,STE 310,11000,BUFFALO,36029,ERIE,36,NY,NEW YORK,14214,2154,NY-26,NY-26,,,,STATE-WIDE,USA,UNITED STATES,NY*****,,,,36,NEW YORK,,NY-26,,,45.024,PROMOTION OF THE ARTS GRANTS TO ORGANIZATIONS AND INDIVIDUALS,2022NEA01GAP2,,04,PROJECT GRANT (B),,,,,PURPOSE: TO SUPPORT A WORKSPACE RESIDENCY PROGRAM FOR MEDIA ARTS PRACTITIONERS AT SQUEAKY WHEEL FILM &AMP; MEDIA ART CENTER.,PURPOSE: TO SUPPORT A WORKSPACE RESIDENCY PROGRAM FOR MEDIA ARTS PRACTITIONERS AT SQUEAKY WHEEL FILM &AMP; MEDIA ART CENTER.,NON,NOT RECOVERY ACT,M,NONPROFIT WITH 501C3 IRS STATUS (OTHER THAN AN INSTITUTION OF HIGHER EDUCATION),,,A1,New Award,2,NON-AGGREGATE RECORD,,,,,,,,,,,https://www.usaspending.gov/award/ASST_NON_1911490-34-23_417/,2023-07-27 12:54:24.772627+00,2023-07-27 12:54:24.772627+00,recipient county outside NYC
5920_1911689-54-23_-NONE-_45.024_-NONE-,ASST_NON_1911689-54-23_417,1911689-54-23,,,SAI EXEMPT,10000.00,10000.00,10000.00,0.00,0.00,0.00,0.00,0.00,0.00,0.00,10000.00,Q: Not Designated Nonemergency/Emergency/Disaster/Wildfire Suppression,,,,,2023-06-14,2023,2023-06-01,2023-12-31,417,National Endowment for the Arts,5920,National Endowment for the Arts,593105,NATIONAL ENDOWMENT FOR THE ARTS,417,National Endowment for the Arts,5920,National Endowment for the Arts,593105,NATIONAL ENDOWMENT FOR THE ARTS,417-X-0100-000,417-0100,"41.0: Grants, subsidies, and contributions",0001: PROMOTION OF THE ARTS,YXKYGNFMEMM3,,EAST MEADOW PUBLIC LIBRARY,EAST MEADOW PUBLIC LIBRARY,,,,,USA,UNITED STATES,1886 FRONT ST,,22502,EAST MEADOW,36059,NASSAU,36,NY,NEW YORK,11554,1717,NY-04,NY-04,,,,STATE-WIDE,USA,UNITED STATES,NY*****,,,,36,NEW YORK,,NY-04,,,45.024,PROMOTION OF THE ARTS GRANTS TO ORGANIZATIONS AND INDIVIDUALS,2022NEA01GAP2,,04,PROJECT GRANT (B),,,,,PURPOSE: TO SUPPORT MULTIDISCIPLINARY ARTS PRESENTATIONS AND RELATED PROGRAMMING.,PURPOSE: TO SUPPORT MULTIDISCIPLINARY ARTS PRESENTATIONS AND RELATED PROGRAMMING.,NON,NOT RECOVERY ACT,C,CITY OR TOWNSHIP GOVERNMENT,,,A1,New Award,2,NON-AGGREGATE RECORD,,,,,,,,,,,https://www.usaspending.gov/award/ASST_NON_1911689-54-23_417/,2023-06-27 18:00:19.566518+00,2023-06-27 18:00:19.566518+00,recipient county outside NYC
5920_1911705-31-23_-NONE-_45.024_-NONE-,ASST_NON_1911705-31-23_417,1911705-31-23,,,SAI EXEMPT,10000.00,10000.00,10000.00,0.00,0.00,0.00,0.00,0.00,0.00,0.00,10000.00,Q: Not Designated Nonemergency/Emergency/Disaster/Wildfire Suppression,,,,,2023-06-05,2023,2023-06-01,2023-12-31,417,National Endowment for the Arts,5920,National Endowment for the Arts,593105,NATIONAL ENDOWMENT FOR THE ARTS,417,National Endowment for the Arts,5920,National Endowment for the Arts,593105,NATIONAL ENDOWMENT FOR THE ARTS,417-X-0100-000,417-0100,"41.0: Grants, subsidies, and contributions",0001: PROMOTION OF THE ARTS,K2DDAS2E6DP7,,SKIDMORE COLLEGE,SKIDMORE COLLEGE,,,SKIDMORE COLLEGE,SKIDMORE COLLEGE,USA,UNITED STATES,815 N BROADWAY,,65255,SARATOGA SPRINGS,36091,SARATOGA,36,NY,NEW YORK,12866,1632,NY-20,NY-20,,,,STATE-WIDE,USA,UNITED STATES,NY*****,,,,36,NEW YORK,,NY-20,,,45.024,PROMOTION OF THE ARTS GRANTS TO ORGANIZATIONS AND INDIVIDUALS,2022NEA01GAP2,,04,PROJECT GRANT (B),,,,,PURPOSE: TO SUPPORT THE SKIDMORE JAZZ INSTITUTE.,PURPOSE: TO SUPPORT THE SKIDMORE JAZZ INSTITUTE.,NON,NOT RECOVERY ACT,M,NONPROFIT WITH 501C3 IRS STATUS (OTHER THAN AN INSTITUTION OF HIGHER EDUCATION),,,A1,New Award,2,NON-AGGREGATE RECORD,,,,,,,,,,,https://www.usaspending.gov/award/ASST_NON_1911705-31-23_417/,2023-06-27 18:00:19.566518+00,2023-06-27 18:00:19.566518+00,recipient county outside NYC
5920_1911737-36-23_-NONE-_45.024_-NONE-,ASST_NON_1911737-36-23_417,1911737-36-23,,,SAI EXEMPT,30000.00,30000.00,30000.00,0.00,0.00,0.00,0.00,0.00,0.00,0.00,30000.00,Q: Not Designated Nonemergency/Emergency/Disaster/Wildfire Suppression,,,,,2023-06-05,2023,2023-06-01,2023-11-30,417,National Endowment for the Arts,5920,National Endowment for the Arts,593105,NATIONAL ENDOWMENT FOR THE ARTS,417,National Endowment for the Arts,5920,National Endowment for the Arts,593105,NATIONAL ENDOWMENT FOR THE ARTS,417-X-0100-000,417-0100,"41.0: Grants, subsidies, and contributions",0001: PROMOTION OF THE ARTS,PCWWUCWEV363,,BARD COLLEGE,BARD COLLEGE,PCWWUCWEV363,,BARD COLLEGE,BARD COLLEGE,USA,UNITED STATES,30 CAMPUS RD,,,ANNANDALE ON HUDSON,36027,DUTCHESS,36,NY,NEW YORK,12504,9800,NY-18,NY-18,,,,STATE-WIDE,USA,UNITED STATES,NY*****,,,,36,NEW YORK,,NY-18,,,45.024,PROMOTION OF THE ARTS GRANTS TO ORGANIZATIONS AND INDIVIDUALS,2022NEA01GAP2,,04,PROJECT GRANT (B),,,,,PURPOSE: TO SUPPORT ARTIST FEES FOR A PRODUCTION OF HENRY VIII&NBSP;BY COMPOSER CAMILLE SAINT-SAËNS  AS PART OF THE 20TH ANNIVERSARY CELEBRATION OF THE FISHER CENTER AND BARD SUMMERSCAPE FESTIVAL.,PURPOSE: TO SUPPORT ARTIST FEES FOR A PRODUCTION OF HENRY VIII&NBSP;BY COMPOSER CAMILLE SAINT-SAËNS  AS PART OF THE 20TH ANNIVERSARY CELEBRATION OF THE FISHER CENTER AND BARD SUMMERSCAPE FESTIVAL.,NON,NOT RECOVERY ACT,M,NONPROFIT WITH 501C3 IRS STATUS (OTHER THAN AN INSTITUTION OF HIGHER EDUCATION),,,A1,New Award,2,NON-AGGREGATE RECORD,,,,,,,,,,,https://www.usaspending.gov/award/ASST_NON_1911737-36-23_417/,2023-06-27 18:00:19.566518+00,2023-06-27 18:00:19.566518+00,recipient county outside NYC
5920_1911790-31-23_-NONE-_45.024_-NONE-,ASST_NON_1911790-31-23_417,1911790-31-23,,,SAI EXEMPT,30000.00,30000.00,30000.00,0.00,0.00,0.00,0.00,0.00,0.00,0.00,30000.00,Q: Not Designated Nonemergency/Emergency/Disaster/Wildfire Suppression,,,,,2023-07-17,2023,2023-07-01,2024-06-30,417,National Endowment for the Arts,5920,National Endowment for the Arts,593105,NATIONAL ENDOWMENT FOR THE ARTS,417,National Endowment for the Arts,5920,National Endowment for the Arts,593105,NATIONAL ENDOWMENT FOR THE ARTS,417-X-0100-000,417-0100,"41.0: Grants, subsidies, and contributions",0001: PROMOTION OF THE ARTS,PCWWUCWEV363,,BARD COLLEGE,BARD COLLEGE,PCWWUCWEV363,,BARD COLLEGE,BARD COLLEGE,USA,UNITED STATES,30 CAMPUS RD,,,ANNANDALE ON HUDSON,36027,DUTCHESS,36,NY,NEW YORK,12504,9800,NY-18,NY-18,,,,STATE-WIDE,USA,UNITED STATES,NY*****,,,,36,NEW YORK,,NY-18,,,45.024,PROMOTION OF THE ARTS GRANTS TO ORGANIZATIONS AND INDIVIDUALS,2022NEA01GAP2,,04,PROJECT GRANT (B),,,,,PURPOSE: TO SUPPORT THE SIDE-BY-SIDE SERIES AT THE LONGY SCHOOL OF MUSIC.,PURPOSE: TO SUPPORT THE SIDE-BY-SIDE SERIES AT THE LONGY SCHOOL OF MUSIC.,NON,NOT RECOVERY ACT,M,NONPROFIT WITH 501C3 IRS STATUS (OTHER THAN AN INSTITUTION OF HIGHER EDUCATION),,,A1,New Award,2,NON-AGGREGATE RECORD,,,,,,,,,,,https://www.usaspending.gov/award/ASST_NON_1911790-31-23_417/,2023-07-27 12:54:24.772627+00,2023-07-27 12:54:24.772627+00,recipient county outside NYC
5920_1911823-32-23_-NONE-_45.024_-NONE-,ASST_NON_1911823-32-23_417,1911823-32-23,,,SAI EXEMPT,10000.00,10000.00,10000.00,0.00,0.00,0.00,0.00,0.00,0.00,0.00,10000.00,Q: Not Designated Nonemergency/Emergency/Disaster/Wildfire Suppression,,,,,2023-07-12,2023,2023-06-01,2023-10-31,417,National Endowment for the Arts,5920,National Endowment for the Arts,593105,NATIONAL ENDOWMENT FOR THE ARTS,417,National Endowment for the Arts,5920,National Endowment for the Arts,593105,NATIONAL ENDOWMENT FOR THE ARTS,417-X-0100-000,417-0100,"41.0: Grants, subsidies, and contributions",0001: PROMOTION OF THE ARTS,VZ2WNCM677S3,,PHOENIX THEATRE ENSEMBLE INC,PHOENIX THEATRE ENSEMBLE  INC.,,,,,USA,UNITED STATES,106 HIGH AVE,,54100,NYACK,36087,ROCKLAND,36,NY,NEW YORK,10960,2696,NY-12,NY-17,,,,STATE-WIDE,USA,UNITED STATES,NY*****,,,,36,NEW YORK,,NY-12,,,45.024,PROMOTION OF THE ARTS GRANTS TO ORGANIZATIONS AND INDIVIDUALS,2022NEA01GAP2,,04,PROJECT GRANT (B),,,,,PURPOSE: TO SUPPORT A PRODUCTION OF FRANCIS BEAUMONTS THE KNIGHT OF THE BURNING PESTLE AND RELATED ENGAGEMENT ACTIVITIES.,PURPOSE: TO SUPPORT A PRODUCTION OF FRANCIS BEAUMONTS THE KNIGHT OF THE BURNING PESTLE AND RELATED ENGAGEMENT ACTIVITIES.,NON,NOT RECOVERY ACT,M,NONPROFIT WITH 501C3 IRS STATUS (OTHER THAN AN INSTITUTION OF HIGHER EDUCATION),,,A1,New Award,2,NON-AGGREGATE RECORD,,,,,,,,,,,https://www.usaspending.gov/award/ASST_NON_1911823-32-23_417/,2023-07-27 12:54:24.772627+00,2023-07-27 12:54:24.772627+00,recipient county outside NYC
5920_1911855-51-23_-NONE-_45.024_-NONE-,ASST_NON_1911855-51-23_417,1911855-51-23,,,SAI EXEMPT,25000.00,25000.00,25000.00,0.00,0.00,0.00,0.00,0.00,0.00,0.00,25000.00,Q: Not Designated Nonemergency/Emergency/Disaster/Wildfire Suppression,,,,,2023-07-20,2023,2023-07-01,2024-06-30,417,National Endowment for the Arts,5920,National Endowment for the Arts,593105,NATIONAL ENDOWMENT FOR THE ARTS,417,National Endowment for the Arts,5920,National Endowment for the Arts,593105,NATIONAL ENDOWMENT FOR THE ARTS,417-X-0100-000,417-0100,"41.0: Grants, subsidies, and contributions",0001: PROMOTION OF THE ARTS,YGG2JEPSTL83,,"MAGIC BOX PRODUCTIONS, INC.",MAGIC BOX PRODUCTIONS  INC.,,,,,USA,UNITED STATES,444 BEDFORD RD STE 203,,58728,PLEASANTVILLE,36119,WESTCHESTER,36,NY,NEW YORK,10570,3055,NY-17,NY-17,,,,STATE-WIDE,USA,UNITED STATES,NY*****,,,,36,NEW YORK,,NY-17,,,45.024,PROMOTION OF THE ARTS GRANTS TO ORGANIZATIONS AND INDIVIDUALS,2022NEA01GAP2,,04,PROJECT GRANT (B),,,,,PURPOSE:&NBSP;TO SUPPORT PICTURING MY WORLD  A PHOTOGRAPHY RESIDENCY PROGRAM FOR STUDENTS.,PURPOSE:&NBSP;TO SUPPORT PICTURING MY WORLD  A PHOTOGRAPHY RESIDENCY PROGRAM FOR STUDENTS.,NON,NOT RECOVERY ACT,M,NONPROFIT WITH 501C3 IRS STATUS (OTHER THAN AN INSTITUTION OF HIGHER EDUCATION),,,A1,New Award,2,NON-AGGREGATE RECORD,,,,,,,,,,,https://www.usaspending.gov/award/ASST_NON_1911855-51-23_417/,2023-07-27 12:54:24.772627+00,2023-07-27 12:54:24.772627+00,recipient county outside NYC
5920_1911909-54-23_-NONE-_45.024_-NONE-,ASST_NON_1911909-54-23_417,1911909-54-23,,,SAI EXEMPT,27000.00,0.00,,0.00,0.00,0.00,0.00,0.00,0.00,0.00,27000.00,Q: Not Designated Nonemergency/Emergency/Disaster/Wildfire Suppression,,,,,2023-08-21,2023,2023-12-01,2024-12-31,417,National Endowment for the Arts,5920,National Endowment for the Arts,593105,NATIONAL ENDOWMENT FOR THE ARTS,417,National Endowment for the Arts,5920,National Endowment for the Arts,593105,NATIONAL ENDOWMENT FOR THE ARTS,417-X-0100-000,417-0100,"41.0: Grants, subsidies, and contributions",0001: PROMOTION OF THE ARTS,GZLCN82CTJM8,,THE HURLEYVILLE PERFORMING ARTS CENTRE INC,HURLEYVILLE PERFORMING ARTS CENTRE INC,,,,,USA,UNITED STATES,219 MAIN ST,,37154,HURLEYVILLE,36105,SULLIVAN,36,NY,NEW YORK,12747,5458,NY-19,NY-19,,,,STATE-WIDE,USA,UNITED STATES,NY*****,,,,36,NEW YORK,,NY-19,,,45.024,PROMOTION OF THE ARTS GRANTS TO ORGANIZATIONS AND INDIVIDUALS,2022NEA01GAP2,,04,PROJECT GRANT (B),,,,,PURPOSE: TO SUPPORT MULTIDISCIPLINARY ARTS PROGRAMMING.,PURPOSE: TO SUPPORT MULTIDISCIPLINARY ARTS PROGRAMMING.,NON,NOT RECOVERY ACT,M,NONPROFIT WITH 501C3 IRS STATUS (OTHER THAN AN INSTITUTION OF HIGHER EDUCATION),,,A1,New Award,2,NON-AGGREGATE RECORD,,,,,,,,,,,https://www.usaspending.gov/award/ASST_NON_1911909-54-23_417/,2023-08-29 18:25:33.406953+00,2023-08-29 18:25:33.406953+00,recipient county outside NYC
5920_1911952-34-23_-NONE-_45.024_-NONE-,ASST_NON_1911952-34-23_417,1911952-34-23,,,SAI EXEMPT,20000.00,20000.00,20000.00,0.00,0.00,0.00,0.00,0.00,0.00,0.00,20000.00,Q: Not Designated Nonemergency/Emergency/Disaster/Wildfire Suppression,,,,,2023-07-20,2023,2023-06-01,2024-02-29,417,National Endowment for the Arts,5920,National Endowment for the Arts,593105,NATIONAL ENDOWMENT FOR THE ARTS,417,National Endowment for the Arts,5920,National Endowment for the Arts,593105,NATIONAL ENDOWMENT FOR THE ARTS,417-X-0100-000,417-0100,"41.0: Grants, subsidies, and contributions",0001: PROMOTION OF THE ARTS,JSB3YLYVB2G5,,WAVE FARM INC,WAVE FARM INC.,,,,,USA,UNITED STATES,5662 ROUTE 23,,00177,ACRA,36039,GREENE,36,NY,NEW YORK,12405,1026,NY-19,NY-19,,,,STATE-WIDE,USA,UNITED STATES,NY*****,,,,36,NEW YORK,,NY-19,,,45.024,PROMOTION OF THE ARTS GRANTS TO ORGANIZATIONS AND INDIVIDUALS,2022NEA01GAP2,,04,PROJECT GRANT (B),,,,,PURPOSE: TO SUPPORT THE WAVE FARM RADIO ARTIST FELLOWSHIP PROGRAM.,PURPOSE: TO SUPPORT THE WAVE FARM RADIO ARTIST FELLOWSHIP PROGRAM.,NON,NOT RECOVERY ACT,M,NONPROFIT WITH 501C3 IRS STATUS (OTHER THAN AN INSTITUTION OF HIGHER EDUCATION),,,A1,New Award,2,NON-AGGREGATE RECORD,,,,,,,,,,,https://www.usaspending.gov/award/ASST_NON_1911952-34-23_417/,2023-07-27 12:54:24.772627+00,2023-07-27 12:54:24.772627+00,recipient county outside NYC
5920_1912103-54-23_-NONE-_45.024_1,ASST_NON_1912103-54-23_417,1912103-54-23,1,,SAI EXEMPT,10000.00,10000.00,10000.00,0.00,0.00,0.00,0.00,0.00,0.00,0.00,10000.00,Q: Not Designated Nonemergency/Emergency/Disaster/Wildfire Suppression,,,,,2023-09-13,2023,2023-06-01,2024-04-30,417,National Endowment for the Arts,5920,National Endowment for the Arts,593105,NATIONAL ENDOWMENT FOR THE ARTS,417,National Endowment for the Arts,5920,National Endowment for the Arts,593105,NATIONAL ENDOWMENT FOR THE ARTS,417-X-0100-000,417-0100,"41.0: Grants, subsidies, and contributions",0001: PROMOTION OF THE ARTS,HXUYPR3F7YD6,,ROCHESTER FRINGE FESTIVAL INC,ROCHESTER FRINGE FESTIVAL  INC.,,,,,USA,UNITED STATES,208 MILL ST,,63000,ROCHESTER,36055,MONROE,36,NY,NEW YORK,14614,1045,NY-25,NY-25,,,,STATE-WIDE,USA,UNITED STATES,NY*****,,,,36,NEW YORK,,NY-25,,,45.024,PROMOTION OF THE ARTS GRANTS TO ORGANIZATIONS AND INDIVIDUALS,2022NEA01GAP2,,04,PROJECT GRANT (B),,,,,PURPOSE: TO SUPPORT THE ROCHESTER FRINGE FESTIVAL.,PURPOSE: TO SUPPORT THE ROCHESTER FRINGE FESTIVAL.,NON,NOT RECOVERY ACT,M,NONPROFIT WITH 501C3 IRS STATUS (OTHER THAN AN INSTITUTION OF HIGHER EDUCATION),,,A1,New Award,2,NON-AGGREGATE RECORD,,,,,,,,,,,https://www.usaspending.gov/award/ASST_NON_1912103-54-23_417/,2023-09-25 16:50:34.526245+00,2023-09-25 16:50:34.526245+00,recipient county outside NYC
5920_1912242-31-23_-NONE-_45.024_-NONE-,ASST_NON_1912242-31-23_417,1912242-31-23,,,SAI EXEMPT,20000.00,20000.00,20000.00,0.00,0.00,0.00,0.00,0.00,0.00,0.00,20000.00,Q: Not Designated Nonemergency/Emergency/Disaster/Wildfire Suppression,,,,,2023-06-02,2023,2023-06-01,2023-12-31,417,National Endowment for the Arts,5920,National Endowment for the Arts,593105,NATIONAL ENDOWMENT FOR THE ARTS,417,National Endowment for the Arts,5920,National Endowment for the Arts,593105,NATIONAL ENDOWMENT FOR THE ARTS,417-X-0100-000,417-0100,"41.0: Grants, subsidies, and contributions",0001: PROMOTION OF THE ARTS,F2NVTYNT1736,,SKANEATELES FESTIVAL INC,SKANEATELES FESTIVAL  INC.,,,,,USA,UNITED STATES,97 E GENESEE ST,,67510,SKANEATELES,36067,ONONDAGA,36,NY,NEW YORK,13152,2301,NY-22,NY-22,,,,STATE-WIDE,USA,UNITED STATES,NY*****,,,,36,NEW YORK,,NY-22,,,45.024,PROMOTION OF THE ARTS GRANTS TO ORGANIZATIONS AND INDIVIDUALS,2022NEA01GAP2,,04,PROJECT GRANT (B),,,,,PURPOSE: TO SUPPORT PERFORMANCES AND RELATED EDUCATIONAL PROGRAMMING AT THE ANNUAL SKANEATELES FESTIVAL.,PURPOSE: TO SUPPORT PERFORMANCES AND RELATED EDUCATIONAL PROGRAMMING AT THE ANNUAL SKANEATELES FESTIVAL.,NON,NOT RECOVERY ACT,M,NONPROFIT WITH 501C3 IRS STATUS (OTHER THAN AN INSTITUTION OF HIGHER EDUCATION),,,A1,New Award,2,NON-AGGREGATE RECORD,,,,,,,,,,,https://www.usaspending.gov/award/ASST_NON_1912242-31-23_417/,2023-06-27 18:00:19.566518+00,2023-06-27 18:00:19.566518+00,recipient county outside NYC
5920_1912254-44-23_-NONE-_45.024_-NONE-,ASST_NON_1912254-44-23_417,1912254-44-23,,,SAI EXEMPT,30000.00,30000.00,30000.00,0.00,0.00,0.00,0.00,0.00,0.00,0.00,30000.00,Q: Not Designated Nonemergency/Emergency/Disaster/Wildfire Suppression,,,,,2023-07-19,2023,2023-06-01,2024-05-31,417,National Endowment for the Arts,5920,National Endowment for the Arts,593105,NATIONAL ENDOWMENT FOR THE ARTS,417,National Endowment for the Arts,5920,National Endowment for the Arts,593105,NATIONAL ENDOWMENT FOR THE ARTS,417-X-0100-000,417-0100,"41.0: Grants, subsidies, and contributions",0001: PROMOTION OF THE ARTS,L7LLBNS38CL4,,NASSAU COUNTY MUSEUM OF ART,NASSAU COUNTY MUSEUM OF ART,,,,,USA,UNITED STATES,1 MUSEUM DR,,63770,ROSLYN,36059,NASSAU,36,NY,NEW YORK,11576,1138,NY-03,NY-03,,,,STATE-WIDE,USA,UNITED STATES,NY*****,,,,36,NEW YORK,,NY-03,,,45.024,PROMOTION OF THE ARTS GRANTS TO ORGANIZATIONS AND INDIVIDUALS,2022NEA01GAP2,,04,PROJECT GRANT (B),,,,,PURPOSE: TO SUPPORT AN EXHIBITION AND CATALOGUE THAT ADDRESSES MODERN ISSUES LINKED TO THE GILDED AGE.,PURPOSE: TO SUPPORT AN EXHIBITION AND CATALOGUE THAT ADDRESSES MODERN ISSUES LINKED TO THE GILDED AGE.,NON,NOT RECOVERY ACT,M,NONPROFIT WITH 501C3 IRS STATUS (OTHER THAN AN INSTITUTION OF HIGHER EDUCATION),,,A1,New Award,2,NON-AGGREGATE RECORD,,,,,,,,,,,https://www.usaspending.gov/award/ASST_NON_1912254-44-23_417/,2023-07-27 12:54:24.772627+00,2023-07-27 12:54:24.772627+00,recipient county outside NYC
5920_1912265-36-23_-NONE-_45.024_-NONE-,ASST_NON_1912265-36-23_417,1912265-36-23,,,SAI EXEMPT,75000.00,75000.00,75000.00,0.00,0.00,0.00,0.00,0.00,0.00,0.00,75000.00,Q: Not Designated Nonemergency/Emergency/Disaster/Wildfire Suppression,,,,,2023-06-05,2023,2023-06-01,2023-08-31,417,National Endowment for the Arts,5920,National Endowment for the Arts,593105,NATIONAL ENDOWMENT FOR THE ARTS,417,National Endowment for the Arts,5920,National Endowment for the Arts,593105,NATIONAL ENDOWMENT FOR THE ARTS,417-X-0100-000,417-0100,"41.0: Grants, subsidies, and contributions",0001: PROMOTION OF THE ARTS,FPS6NHSLMDE9,,GLIMMERGLASS OPERA THEATRE INC,GLIMMERGLASS OPERA THEATRE INC.,ZAF6NGH2PQD1,,,,USA,UNITED STATES,7300 STATE HIGHWAY 80,,18047,COOPERSTOWN,36077,OTSEGO,36,NY,NEW YORK,13326,3212,NY-21,NY-19,,,,STATE-WIDE,USA,UNITED STATES,NY*****,,,,36,NEW YORK,,NY-21,,,45.024,PROMOTION OF THE ARTS GRANTS TO ORGANIZATIONS AND INDIVIDUALS,2022NEA01GAP2,,04,PROJECT GRANT (B),,,,,PURPOSE: TO SUPPORT A NEW PRODUCTION OF HANDELS RINALDO.,PURPOSE: TO SUPPORT A NEW PRODUCTION OF HANDELS RINALDO.,NON,NOT RECOVERY ACT,M,NONPROFIT WITH 501C3 IRS STATUS (OTHER THAN AN INSTITUTION OF HIGHER EDUCATION),,,A1,New Award,2,NON-AGGREGATE RECORD,,,,,,,,,,,https://www.usaspending.gov/award/ASST_NON_1912265-36-23_417/,2023-06-27 18:00:19.566518+00,2023-06-27 18:00:19.566518+00,recipient county outside NYC
5920_1912269-44-23_-NONE-_45.024_-NONE-,ASST_NON_1912269-44-23_417,1912269-44-23,,,SAI EXEMPT,35000.00,35000.00,35000.00,9077.00,0.00,0.00,0.00,0.00,0.00,0.00,35000.00,Q: Not Designated Nonemergency/Emergency/Disaster/Wildfire Suppression,,,,,2023-07-18,2023,2023-06-01,2024-05-31,417,National Endowment for the Arts,5920,National Endowment for the Arts,593105,NATIONAL ENDOWMENT FOR THE ARTS,417,National Endowment for the Arts,5920,National Endowment for the Arts,593105,NATIONAL ENDOWMENT FOR THE ARTS,417-X-0100-000,417-0100,"41.0: Grants, subsidies, and contributions",0001: PROMOTION OF THE ARTS,M9LZY7PPEX73,,LONG ISLAND CHILDREN'S MUSEUM,LONG ISLAND CHILDRENS MUSEUM,,,,,USA,UNITED STATES,11 DAVIS AVE,,28178,GARDEN CITY,36059,NASSAU,36,NY,NEW YORK,11530,6745,NY-04,NY-04,,,,STATE-WIDE,USA,UNITED STATES,NY*****,,,,36,NEW YORK,,NY-04,,,45.024,PROMOTION OF THE ARTS GRANTS TO ORGANIZATIONS AND INDIVIDUALS,2022NEA01GAP2,,04,PROJECT GRANT (B),,,,,PURPOSE: TO SUPPORT THE CREATION OF AN OUTDOOR MURAL.,PURPOSE: TO SUPPORT THE CREATION OF AN OUTDOOR MURAL.,NON,NOT RECOVERY ACT,M,NONPROFIT WITH 501C3 IRS STATUS (OTHER THAN AN INSTITUTION OF HIGHER EDUCATION),,,A1,New Award,2,NON-AGGREGATE RECORD,,,,,,,,,,,https://www.usaspending.gov/award/ASST_NON_1912269-44-23_417/,2023-07-27 12:54:24.772627+00,2023-07-27 12:54:24.772627+00,recipient county outside NYC
5920_1912369-31-23_-NONE-_45.024_-NONE-,ASST_NON_1912369-31-23_417,1912369-31-23,,,SAI EXEMPT,15000.00,15000.00,15000.00,0.00,0.00,0.00,0.00,0.00,0.00,0.00,15000.00,Q: Not Designated Nonemergency/Emergency/Disaster/Wildfire Suppression,,,,,2023-08-24,2023,2023-06-01,2024-05-31,417,National Endowment for the Arts,5920,National Endowment for the Arts,593105,NATIONAL ENDOWMENT FOR THE ARTS,417,National Endowment for the Arts,5920,National Endowment for the Arts,593105,NATIONAL ENDOWMENT FOR THE ARTS,417-X-0100-000,417-0100,"41.0: Grants, subsidies, and contributions",0001: PROMOTION OF THE ARTS,N2U7M3QRV9W1,,COPLAND HOUSE INC,COPLAND HOUSE,,,,,USA,UNITED STATES,1538 WASHINGTON ST,,,CORTLANDT MANOR,36119,WESTCHESTER,36,NY,NEW YORK,10567,7025,NY-17,NY-17,,,,STATE-WIDE,USA,UNITED STATES,NY*****,,,,36,NEW YORK,,NY-17,,,45.024,PROMOTION OF THE ARTS GRANTS TO ORGANIZATIONS AND INDIVIDUALS,2022NEA01GAP2,,04,PROJECT GRANT (B),,,,,PURPOSE: TO SUPPORT A SERIES OF PERFORMANCES OF AMERICAN MUSIC BY THE MUSIC FROM COPLAND HOUSE ENSEMBLE.,PURPOSE: TO SUPPORT A SERIES OF PERFORMANCES OF AMERICAN MUSIC BY THE MUSIC FROM COPLAND HOUSE ENSEMBLE.,NON,NOT RECOVERY ACT,M,NONPROFIT WITH 501C3 IRS STATUS (OTHER THAN AN INSTITUTION OF HIGHER EDUCATION),,,A1,New Award,2,NON-AGGREGATE RECORD,,,,,,,,,,,https://www.usaspending.gov/award/ASST_NON_1912369-31-23_417/,2023-08-29 18:25:33.406953+00,2023-08-29 18:25:33.406953+00,recipient county outside NYC
5920_1912410-55-23_-NONE-_45.024_-NONE-,ASST_NON_1912410-55-23_417,1912410-55-23,,,SAI EXEMPT,20000.00,20000.00,20000.00,0.00,0.00,0.00,0.00,0.00,0.00,0.00,20000.00,Q: Not Designated Nonemergency/Emergency/Disaster/Wildfire Suppression,,,,,2023-08-07,2023,2023-06-01,2024-08-31,417,National Endowment for the Arts,5920,National Endowment for the Arts,593105,NATIONAL ENDOWMENT FOR THE ARTS,417,National Endowment for the Arts,5920,National Endowment for the Arts,593105,NATIONAL ENDOWMENT FOR THE ARTS,417-X-0100-000,417-0100,"41.0: Grants, subsidies, and contributions",0001: PROMOTION OF THE ARTS,PSMJY4GAR2X1,,"NUSANTARA ARTS, INC",NUSANTARA ARTS INC.,,,,,USA,UNITED STATES,345 W FERRY ST,,11000,BUFFALO,36029,ERIE,36,NY,NEW YORK,14213,1911,NY-26,NY-26,,,,STATE-WIDE,USA,UNITED STATES,NY*****,,,,36,NEW YORK,,NY-26,,,45.024,PROMOTION OF THE ARTS GRANTS TO ORGANIZATIONS AND INDIVIDUALS,2022NEA01GAP2,,04,PROJECT GRANT (B),,,,,PURPOSE: TO SUPPORT A SERIES OF CONCERTS PRESENTING GAMELAN MUSIC IN COMMUNITY GARDENS.,PURPOSE: TO SUPPORT A SERIES OF CONCERTS PRESENTING GAMELAN MUSIC IN COMMUNITY GARDENS.,NON,NOT RECOVERY ACT,M,NONPROFIT WITH 501C3 IRS STATUS (OTHER THAN AN INSTITUTION OF HIGHER EDUCATION),,,A1,New Award,2,NON-AGGREGATE RECORD,,,,,,,,,,,https://www.usaspending.gov/award/ASST_NON_1912410-55-23_417/,2023-08-29 18:25:33.406953+00,2023-08-29 18:25:33.406953+00,recipient county outside NYC
5920_1912410-55-23_-NONE-_45.024_1,ASST_NON_1912410-55-23_417,1912410-55-23,1,,SAI EXEMPT,0.00,20000.00,20000.00,0.00,0.00,0.00,0.00,0.00,0.00,0.00,0.00,Q: Not Designated Nonemergency/Emergency/Disaster/Wildfire Suppression,,,,,2023-08-07,2023,2023-06-01,2024-09-30,417,National Endowment for the Arts,5920,National Endowment for the Arts,593105,NATIONAL ENDOWMENT FOR THE ARTS,417,National Endowment for the Arts,5920,National Endowment for the Arts,593105,NATIONAL ENDOWMENT FOR THE ARTS,417-X-0100-000,417-0100,"41.0: Grants, subsidies, and contributions",0001: PROMOTION OF THE ARTS,PSMJY4GAR2X1,,"NUSANTARA ARTS, INC",NUSANTARA ARTS INC.,,,,,USA,UNITED STATES,51 COLONIAL CIR,,11000,BUFFALO,36029,ERIE,36,NY,NEW YORK,14222,1303,NY-26,NY-26,,,,STATE-WIDE,USA,UNITED STATES,NY*****,,,,36,NEW YORK,,NY-26,,,45.024,PROMOTION OF THE ARTS GRANTS TO ORGANIZATIONS AND INDIVIDUALS,2022NEA01GAP2,,04,PROJECT GRANT (B),,,,,PURPOSE: TO SUPPORT A SERIES OF CONCERTS PRESENTING GAMELAN MUSIC IN COMMUNITY GARDENS.,PURPOSE: TO SUPPORT A SERIES OF CONCERTS PRESENTING GAMELAN MUSIC IN COMMUNITY GARDENS.,NON,NOT RECOVERY ACT,M,NONPROFIT WITH 501C3 IRS STATUS (OTHER THAN AN INSTITUTION OF HIGHER EDUCATION),,,A1,New Award,2,NON-AGGREGATE RECORD,,,,,,,,,,,https://www.usaspending.gov/award/ASST_NON_1912410-55-23_417/,2024-07-30 17:42:58.180365+00,2024-07-30 17:42:58.180365+00,recipient county outside NYC
5920_1912410-55-23_-NONE-_45.024_2,ASST_NON_1912410-55-23_417,1912410-55-23,2,,SAI EXEMPT,0.00,20000.00,20000.00,0.00,0.00,0.00,0.00,0.00,0.00,0.00,0.00,Q: Not Designated Nonemergency/Emergency/Disaster/Wildfire Suppression,,,,,2023-08-07,2023,2023-06-01,2024-09-30,417,National Endowment for the Arts,5920,National Endowment for the Arts,593105,NATIONAL ENDOWMENT FOR THE ARTS,417,National Endowment for the Arts,5920,National Endowment for the Arts,593105,NATIONAL ENDOWMENT FOR THE ARTS,417-X-0100-000,417-0100,"41.0: Grants, subsidies, and contributions",0001: PROMOTION OF THE ARTS,PSMJY4GAR2X1,,"NUSANTARA ARTS, INC",NUSANTARA ARTS INC.,,,,,USA,UNITED STATES,51 COLONIAL CIR,,11000,BUFFALO,36029,ERIE,36,NY,NEW YORK,14222,1303,NY-26,NY-26,,,,STATE-WIDE,USA,UNITED STATES,NY*****,,,,36,NEW YORK,,NY-26,,,45.024,PROMOTION OF THE ARTS GRANTS TO ORGANIZATIONS AND INDIVIDUALS,2022NEA01GAP2,,04,PROJECT GRANT (B),,,,,PURPOSE: TO SUPPORT A SERIES OF CONCERTS PRESENTING GAMELAN MUSIC IN COMMUNITY GARDENS.,PURPOSE: TO SUPPORT A SERIES OF CONCERTS PRESENTING GAMELAN MUSIC IN COMMUNITY GARDENS.,NON,NOT RECOVERY ACT,M,NONPROFIT WITH 501C3 IRS STATUS (OTHER THAN AN INSTITUTION OF HIGHER EDUCATION),,,A1,New Award,2,NON-AGGREGATE RECORD,,,,,,,,,,,https://www.usaspending.gov/award/ASST_NON_1912410-55-23_417/,2024-08-09 18:02:15.36709+00,2024-08-09 18:02:15.36709+00,recipient county outside NYC
5920_1912454-34-23_-NONE-_45.024_-NONE-,ASST_NON_1912454-34-23_417,1912454-34-23,,,SAI EXEMPT,20000.00,20000.00,20000.00,0.00,0.00,0.00,0.00,0.00,0.00,0.00,20000.00,Q: Not Designated Nonemergency/Emergency/Disaster/Wildfire Suppression,,,,,2023-08-16,2023,2023-07-01,2024-06-30,417,National Endowment for the Arts,5920,National Endowment for the Arts,593105,NATIONAL ENDOWMENT FOR THE ARTS,417,National Endowment for the Arts,5920,National Endowment for the Arts,593105,NATIONAL ENDOWMENT FOR THE ARTS,417-X-0100-000,417-0100,"41.0: Grants, subsidies, and contributions",0001: PROMOTION OF THE ARTS,PN4LBCGBL8P7,,"VISUAL STUDIES WORKSHOP, INC.",VISUAL STUDIES WORKSHOP  INC.,,,,,USA,UNITED STATES,31 PRINCE ST,,63000,ROCHESTER,36055,MONROE,36,NY,NEW YORK,14607,1405,NY-25,NY-25,,,,STATE-WIDE,USA,UNITED STATES,NY*****,,,,36,NEW YORK,,NY-25,,,45.024,PROMOTION OF THE ARTS GRANTS TO ORGANIZATIONS AND INDIVIDUALS,2022NEA01GAP2,,04,PROJECT GRANT (B),,,,,PURPOSE: TO SUPPORT A SERIES OF CURATED SCREENINGS OF CONTEMPORARY EXPERIMENTAL AND AVANT-GARDE FILM AND VIDEO WORKS.,PURPOSE: TO SUPPORT A SERIES OF CURATED SCREENINGS OF CONTEMPORARY EXPERIMENTAL AND AVANT-GARDE FILM AND VIDEO WORKS.,NON,NOT RECOVERY ACT,M,NONPROFIT WITH 501C3 IRS STATUS (OTHER THAN AN INSTITUTION OF HIGHER EDUCATION),,,A1,New Award,2,NON-AGGREGATE RECORD,,,,,,,,,,,https://www.usaspending.gov/award/ASST_NON_1912454-34-23_417/,2023-08-29 18:25:33.406953+00,2023-08-29 18:25:33.406953+00,recipient county outside NYC
5920_1913556-33-23_-NONE-_45.024_-NONE-,ASST_NON_1913556-33-23_417,1913556-33-23,,,SAI EXEMPT,15000.00,15000.00,15000.00,6145.00,0.00,0.00,0.00,0.00,0.00,0.00,15000.00,Q: Not Designated Nonemergency/Emergency/Disaster/Wildfire Suppression,,,,,2023-08-16,2023,2023-07-01,2024-06-30,417,National Endowment for the Arts,5920,National Endowment for the Arts,593105,NATIONAL ENDOWMENT FOR THE ARTS,417,National Endowment for the Arts,5920,National Endowment for the Arts,593105,NATIONAL ENDOWMENT FOR THE ARTS,417-X-0100-000,417-0100,"41.0: Grants, subsidies, and contributions",0001: PROMOTION OF THE ARTS,TR4DDBCLMAC5,,"STEFFI NOSSEN DANCE FOUNDATION, INC.",STEFFI NOSSEN DANCE FOUNDATION  INC.,,,,,USA,UNITED STATES,216 CENTRAL AVE,,81677,WHITE PLAINS,36119,WESTCHESTER,36,NY,NEW YORK,10606,1123,NY-16,NY-16,,,,STATE-WIDE,USA,UNITED STATES,NY*****,,,,36,NEW YORK,,NY-16,,,45.024,PROMOTION OF THE ARTS GRANTS TO ORGANIZATIONS AND INDIVIDUALS,2022NEA01GAP2,,04,PROJECT GRANT (B),,,,,PURPOSE: TO SUPPORT ADAPTIVE DANCE EDUCATION CLASSES FOR CHILDREN AND ADULTS WITH DEVELOPMENTAL AND PHYSICAL DISABILITIES.,PURPOSE: TO SUPPORT ADAPTIVE DANCE EDUCATION CLASSES FOR CHILDREN AND ADULTS WITH DEVELOPMENTAL AND PHYSICAL DISABILITIES.,NON,NOT RECOVERY ACT,M,NONPROFIT WITH 501C3 IRS STATUS (OTHER THAN AN INSTITUTION OF HIGHER EDUCATION),,,A1,New Award,2,NON-AGGREGATE RECORD,,,,,,,,,,,https://www.usaspending.gov/award/ASST_NON_1913556-33-23_417/,2023-08-29 18:25:33.406953+00,2023-08-29 18:25:33.406953+00,recipient county outside NYC
5920_1913576-32-23_-NONE-_45.024_-NONE-,ASST_NON_1913576-32-23_417,1913576-32-23,,,SAI EXEMPT,15000.00,15000.00,15000.00,3543.00,0.00,0.00,0.00,0.00,0.00,0.00,15000.00,Q: Not Designated Nonemergency/Emergency/Disaster/Wildfire Suppression,,,,,2023-08-09,2023,2023-07-01,2024-07-31,417,National Endowment for the Arts,5920,National Endowment for the Arts,593105,NATIONAL ENDOWMENT FOR THE ARTS,417,National Endowment for the Arts,5920,National Endowment for the Arts,593105,NATIONAL ENDOWMENT FOR THE ARTS,417-X-0100-000,417-0100,"41.0: Grants, subsidies, and contributions",0001: PROMOTION OF THE ARTS,NMQJL64JKTL8,,"GEVA THEATRE CENTER, INC.",GEVA THEATRE CENTER  INC.,,,"GEVA THEATRE CENTER, INC.","GEVA THEATRE CENTER, INC.",USA,UNITED STATES,75 WOODBURY BLVD,,63000,ROCHESTER,36055,MONROE,36,NY,NEW YORK,14607,1717,NY-25,NY-25,,,,STATE-WIDE,USA,UNITED STATES,NY*****,,,,36,NEW YORK,,NY-25,,,45.024,PROMOTION OF THE ARTS GRANTS TO ORGANIZATIONS AND INDIVIDUALS,2022NEA01GAP2,,04,PROJECT GRANT (B),,,,,PURPOSE: TO SUPPORT A THEATER SYMPOSIUM.,PURPOSE: TO SUPPORT A THEATER SYMPOSIUM.,NON,NOT RECOVERY ACT,M,NONPROFIT WITH 501C3 IRS STATUS (OTHER THAN AN INSTITUTION OF HIGHER EDUCATION),,,A1,New Award,2,NON-AGGREGATE RECORD,,,,,,,,,,,https://www.usaspending.gov/award/ASST_NON_1913576-32-23_417/,2023-08-29 18:25:33.406953+00,2023-08-29 18:25:33.406953+00,recipient county outside NYC
5920_1913590-54-23_-NONE-_45.024_-NONE-,ASST_NON_1913590-54-23_417,1913590-54-23,,,SAI EXEMPT,15000.00,15000.00,15000.00,0.00,0.00,0.00,0.00,0.00,0.00,0.00,15000.00,Q: Not Designated Nonemergency/Emergency/Disaster/Wildfire Suppression,,,,,2023-08-21,2023,2023-06-01,2024-05-31,417,National Endowment for the Arts,5920,National Endowment for the Arts,593105,NATIONAL ENDOWMENT FOR THE ARTS,417,National Endowment for the Arts,5920,National Endowment for the Arts,593105,NATIONAL ENDOWMENT FOR THE ARTS,417-X-0100-000,417-0100,"41.0: Grants, subsidies, and contributions",0001: PROMOTION OF THE ARTS,J6JETABL6WY4,,EVERSON MUSEUM OF ART OF SYRACUSE AND ONONDAGA COUNTY,EVERSON MUSEUM OF ART OF SYRACUSE & ONONDAGA COUNTY,,,,,USA,UNITED STATES,401 HARRISON ST,,73000,SYRACUSE,36067,ONONDAGA,36,NY,NEW YORK,13202,3019,NY-22,NY-22,,,,STATE-WIDE,USA,UNITED STATES,NY*****,,,,36,NEW YORK,,NY-22,,,45.024,PROMOTION OF THE ARTS GRANTS TO ORGANIZATIONS AND INDIVIDUALS,2022NEA01GAP2,,04,PROJECT GRANT (B),,,,,PURPOSE: TO SUPPORT A RESIDENCY WITH MULTIDISCIPLINARY ARTISTS.,PURPOSE: TO SUPPORT A RESIDENCY WITH MULTIDISCIPLINARY ARTISTS.,NON,NOT RECOVERY ACT,M,NONPROFIT WITH 501C3 IRS STATUS (OTHER THAN AN INSTITUTION OF HIGHER EDUCATION),,,A1,New Award,2,NON-AGGREGATE RECORD,,,,,,,,,,,https://www.usaspending.gov/award/ASST_NON_1913590-54-23_417/,2023-08-29 18:25:33.406953+00,2023-08-29 18:25:33.406953+00,recipient county outside NYC
5920_1913590-54-23_-NONE-_45.024_1,ASST_NON_1913590-54-23_417,1913590-54-23,1,,SAI EXEMPT,0.00,15000.00,15000.00,0.00,0.00,0.00,0.00,0.00,0.00,0.00,0.00,Q: Not Designated Nonemergency/Emergency/Disaster/Wildfire Suppression,,,,,2023-08-21,2023,2023-06-01,2024-06-30,417,National Endowment for the Arts,5920,National Endowment for the Arts,593105,NATIONAL ENDOWMENT FOR THE ARTS,417,National Endowment for the Arts,5920,National Endowment for the Arts,593105,NATIONAL ENDOWMENT FOR THE ARTS,417-X-0100-000,417-0100,"41.0: Grants, subsidies, and contributions",0001: PROMOTION OF THE ARTS,J6JETABL6WY4,,EVERSON MUSEUM OF ART OF SYRACUSE AND ONONDAGA COUNTY,EVERSON MUSEUM OF ART OF SYRACUSE & ONONDAGA COUNTY,,,,,USA,UNITED STATES,401 HARRISON ST,,73000,SYRACUSE,36067,ONONDAGA,36,NY,NEW YORK,13202,3019,NY-22,NY-22,,,,STATE-WIDE,USA,UNITED STATES,NY*****,,,,36,NEW YORK,,NY-22,,,45.024,PROMOTION OF THE ARTS GRANTS TO ORGANIZATIONS AND INDIVIDUALS,2022NEA01GAP2,,04,PROJECT GRANT (B),,,,,PURPOSE: TO SUPPORT A RESIDENCY WITH MULTIDISCIPLINARY ARTISTS.,PURPOSE: TO SUPPORT A RESIDENCY WITH MULTIDISCIPLINARY ARTISTS.,NON,NOT RECOVERY ACT,M,NONPROFIT WITH 501C3 IRS STATUS (OTHER THAN AN INSTITUTION OF HIGHER EDUCATION),,,A1,New Award,2,NON-AGGREGATE RECORD,,,,,,,,,,,https://www.usaspending.gov/award/ASST_NON_1913590-54-23_417/,2024-07-03 18:06:10.815226+00,2024-07-03 18:06:10.815226+00,recipient county outside NYC
5920_1913611-41-23_-NONE-_45.024_-NONE-,ASST_NON_1913611-41-23_417,1913611-41-23,,,SAI EXEMPT,50000.00,0.00,,0.00,0.00,0.00,0.00,0.00,0.00,0.00,50000.00,Q: Not Designated Nonemergency/Emergency/Disaster/Wildfire Suppression,,,,,2023-08-17,2023,2023-07-01,2024-06-30,417,National Endowment for the Arts,5920,National Endowment for the Arts,593105,NATIONAL ENDOWMENT FOR THE ARTS,417,National Endowment for the Arts,5920,National Endowment for the Arts,593105,NATIONAL ENDOWMENT FOR THE ARTS,417-X-0100-000,417-0100,"41.0: Grants, subsidies, and contributions",0001: PROMOTION OF THE ARTS,DEVSENX8BHJ8,,CITY SCHOOL DISTRICT OF THE CITY OF KINGSTON NEW YORK,CITY SCHOOL DISTRICT KINGSTON NY,FEGPEMN7T8Z3,,CITY OF KINGSTON NEW YORK BOARD OF EDUCATION,CITY OF KINGSTON NEW YORK BOARD OF EDUCATION,USA,UNITED STATES,21 WYNKOOP PL,,39727,KINGSTON,36111,ULSTER,36,NY,NEW YORK,12401,4000,NY-18,NY-18,,,,STATE-WIDE,USA,UNITED STATES,NY*****,,,,36,NEW YORK,,NY-18,,,45.024,PROMOTION OF THE ARTS GRANTS TO ORGANIZATIONS AND INDIVIDUALS,2022NEA01GAP2,,04,PROJECT GRANT (B),,,,,PURPOSE: TO SUPPORT AN ARTIST-IN-RESIDENCE PROGRAM.,PURPOSE: TO SUPPORT AN ARTIST-IN-RESIDENCE PROGRAM.,NON,NOT RECOVERY ACT,C,CITY OR TOWNSHIP GOVERNMENT,,,A1,New Award,2,NON-AGGREGATE RECORD,,,,,,,,,,,https://www.usaspending.gov/award/ASST_NON_1913611-41-23_417/,2023-08-29 18:25:33.406953+00,2023-08-29 18:25:33.406953+00,recipient county outside NYC
5920_1913611-41-23_-NONE-_45.024_1,ASST_NON_1913611-41-23_417,1913611-41-23,1,,SAI EXEMPT,-50000.00,0.00,,0.00,0.00,0.00,0.00,0.00,0.00,0.00,-50000.00,Q: Not Designated Nonemergency/Emergency/Disaster/Wildfire Suppression,,,,,2025-02-21,2025,2023-07-01,2024-06-30,417,National Endowment for the Arts,5920,National Endowment for the Arts,593105,NATIONAL ENDOWMENT FOR THE ARTS,417,National Endowment for the Arts,5920,National Endowment for the Arts,593105,NATIONAL ENDOWMENT FOR THE ARTS,417-X-0100-000,417-0100,"41.0: Grants, subsidies, and contributions",0001: PROMOTION OF THE ARTS,DEVSENX8BHJ8,,CITY SCHOOL DISTRICT OF THE CITY OF KINGSTON NEW YORK,CITY SCHOOL DISTRICT KINGSTON NY,FEGPEMN7T8Z3,,CITY OF KINGSTON NEW YORK BOARD OF EDUCATION,CITY OF KINGSTON NEW YORK BOARD OF EDUCATION,USA,UNITED STATES,21 WYNKOOP PL,,39727,KINGSTON,36111,ULSTER,36,NY,NEW YORK,12401,4000,NY-18,NY-18,,,,STATE-WIDE,USA,UNITED STATES,NY*****,,,,36,NEW YORK,,NY-18,,,45.024,PROMOTION OF THE ARTS GRANTS TO ORGANIZATIONS AND INDIVIDUALS,2022NEA01GAP2,TO SUPPORT OPPORTUNITIES FOR ALL PEOPLE TO PARTICIPATE IN THE ARTS AND ARTS EDUCATION.,04,PROJECT GRANT (B),,,,,PURPOSE: TO SUPPORT AN ARTIST-IN-RESIDENCE PROGRAM.,PURPOSE: TO SUPPORT AN ARTIST-IN-RESIDENCE PROGRAM.,NON,NOT RECOVERY ACT,C,CITY OR TOWNSHIP GOVERNMENT,,,A1,New Award,2,NON-AGGREGATE RECORD,,,,,,,,,,,https://www.usaspending.gov/award/ASST_NON_1913611-41-23_417/,2025-02-24 16:04:07.700018+00,2025-02-24 16:04:07.700018+00,recipient county outside NYC
5920_1913624-32-23_-NONE-_45.024_-NONE-,ASST_NON_1913624-32-23_417,1913624-32-23,,,SAI EXEMPT,15000.00,15000.00,15000.00,0.00,0.00,0.00,0.00,0.00,0.00,0.00,15000.00,Q: Not Designated Nonemergency/Emergency/Disaster/Wildfire Suppression,,,,,2023-05-11,2023,2023-06-01,2023-11-30,417,National Endowment for the Arts,5920,National Endowment for the Arts,593105,NATIONAL ENDOWMENT FOR THE ARTS,417,National Endowment for the Arts,5920,National Endowment for the Arts,593105,NATIONAL ENDOWMENT FOR THE ARTS,417-X-0100-000,417-0100,"41.0: Grants, subsidies, and contributions",0001: PROMOTION OF THE ARTS,NK9JRNSQZJU7,,"ANCRAM OPERA HOUSE THEATER, INC",ANCRAM OPERA HOUSE THEATER  INC,,,,,USA,UNITED STATES,1330 COUNTY ROUTE 7,,,,36021,COLUMBIA,36,NY,NEW YORK,12502,5318,NY-19,NY-19,,,,STATE-WIDE,USA,UNITED STATES,NY*****,,,,36,NEW YORK,,NY-19,,,45.024,PROMOTION OF THE ARTS GRANTS TO ORGANIZATIONS AND INDIVIDUALS,,,04,PROJECT GRANT (B),,,,,PURPOSE: TO SUPPORT THE DEVELOPMENT OF YOU DONT KNOW THE LONELY ONE  A NEW NON-NARRATIVE MULTIDISCIPLINARY WORK BY DAVID CALE  MATTHEW DEAN MARSH  AND DAEL ORLANDERSMITH.,PURPOSE: TO SUPPORT THE DEVELOPMENT OF YOU DONT KNOW THE LONELY ONE  A NEW NON-NARRATIVE MULTIDISCIPLINARY WORK BY DAVID CALE  MATTHEW DEAN MARSH  AND DAEL ORLANDERSMITH.,NON,NOT RECOVERY ACT,M,NONPROFIT WITH 501C3 IRS STATUS (OTHER THAN AN INSTITUTION OF HIGHER EDUCATION),,,A1,New Award,2,NON-AGGREGATE RECORD,,,,,,,,,,,https://www.usaspending.gov/award/ASST_NON_1913624-32-23_417/,2023-05-22 17:02:24.537819+00,2023-05-22 17:02:24.537819+00,recipient county outside NYC
5920_1913664-33-23_-NONE-_45.024_-NONE-,ASST_NON_1913664-33-23_417,1913664-33-23,,,SAI EXEMPT,20000.00,20000.00,20000.00,0.00,0.00,0.00,0.00,0.00,0.00,0.00,20000.00,Q: Not Designated Nonemergency/Emergency/Disaster/Wildfire Suppression,,,,,2023-08-16,2023,2023-08-01,2025-01-31,417,National Endowment for the Arts,5920,National Endowment for the Arts,593105,NATIONAL ENDOWMENT FOR THE ARTS,417,National Endowment for the Arts,5920,National Endowment for the Arts,593105,NATIONAL ENDOWMENT FOR THE ARTS,417-X-0100-000,417-0100,"41.0: Grants, subsidies, and contributions",0001: PROMOTION OF THE ARTS,KGJJYW2MKYN6,,"GARTH FAGAN DANCE, INC.",GARTH FAGAN DANCE  INC.,,,,,USA,UNITED STATES,50 CHESTNUT ST,,63000,ROCHESTER,36055,MONROE,36,NY,NEW YORK,14604,2318,NY-25,NY-25,,,,STATE-WIDE,USA,UNITED STATES,NY*****,,,,36,NEW YORK,,NY-25,,,45.024,PROMOTION OF THE ARTS GRANTS TO ORGANIZATIONS AND INDIVIDUALS,2022NEA01GAP2,,04,PROJECT GRANT (B),,,,,PURPOSE: TO SUPPORT THE CREATION AND PRODUCTION OF THE RITE OF SPRING  BY CHOREOGRAPHER NORWOOD PENNEWELL  IN COLLABORATION WITH THE ROCHESTER PHILHARMONIC ORCHESTRA.,PURPOSE: TO SUPPORT THE CREATION AND PRODUCTION OF THE RITE OF SPRING  BY CHOREOGRAPHER NORWOOD PENNEWELL  IN COLLABORATION WITH THE ROCHESTER PHILHARMONIC ORCHESTRA.,NON,NOT RECOVERY ACT,M,NONPROFIT WITH 501C3 IRS STATUS (OTHER THAN AN INSTITUTION OF HIGHER EDUCATION),,,A1,New Award,2,NON-AGGREGATE RECORD,,,,,,,,,,,https://www.usaspending.gov/award/ASST_NON_1913664-33-23_417/,2023-08-29 18:25:33.406953+00,2023-08-29 18:25:33.406953+00,recipient county outside NYC
5920_1913677-31-23_-NONE-_45.024_-NONE-,ASST_NON_1913677-31-23_417,1913677-31-23,,,SAI EXEMPT,20000.00,20000.00,20000.00,0.00,0.00,0.00,0.00,0.00,0.00,0.00,20000.00,Q: Not Designated Nonemergency/Emergency/Disaster/Wildfire Suppression,,,,,2023-05-17,2023,2023-06-01,2023-12-31,417,National Endowment for the Arts,5920,National Endowment for the Arts,593105,NATIONAL ENDOWMENT FOR THE ARTS,417,National Endowment for the Arts,5920,National Endowment for the Arts,593105,NATIONAL ENDOWMENT FOR THE ARTS,417-X-0100-000,417-0100,"41.0: Grants, subsidies, and contributions",0001: PROMOTION OF THE ARTS,DM8VD3FBV117,,NEW AMSTERDAM PRESENTS INC,NEW AMSTERDAM PRESENTS,DM8VD3FBV117,,NEW AMSTERDAM PRESENTS INC,,USA,UNITED STATES,39 N SHORE DR,,,,36021,COLUMBIA,36,NY,NEW YORK,12523,1303,NY-19,NY-19,,,,STATE-WIDE,USA,UNITED STATES,NY*****,,,,36,NEW YORK,,NY-19,,,45.024,PROMOTION OF THE ARTS GRANTS TO ORGANIZATIONS AND INDIVIDUALS,,,04,PROJECT GRANT (B),,,,,PURPOSE: TO SUPPORT RECORDING PROJECTS FROM ESTABLISHED AND EMERGING ARTISTS.,PURPOSE: TO SUPPORT RECORDING PROJECTS FROM ESTABLISHED AND EMERGING ARTISTS.,NON,NOT RECOVERY ACT,M,NONPROFIT WITH 501C3 IRS STATUS (OTHER THAN AN INSTITUTION OF HIGHER EDUCATION),,,A1,New Award,2,NON-AGGREGATE RECORD,,,,,,,,,,,https://www.usaspending.gov/award/ASST_NON_1913677-31-23_417/,2023-05-22 17:02:24.537819+00,2023-05-22 17:02:24.537819+00,recipient county outside NYC
5920_1913705-52-23_-NONE-_45.024_-NONE-,ASST_NON_1913705-52-23_417,1913705-52-23,,,SAI EXEMPT,20000.00,20000.00,20000.00,10818.00,0.00,0.00,0.00,0.00,0.00,0.00,20000.00,Q: Not Designated Nonemergency/Emergency/Disaster/Wildfire Suppression,,,,,2023-06-27,2023,2023-07-01,2024-06-30,417,National Endowment for the Arts,5920,National Endowment for the Arts,593105,NATIONAL ENDOWMENT FOR THE ARTS,417,National Endowment for the Arts,5920,National Endowment for the Arts,593105,NATIONAL ENDOWMENT FOR THE ARTS,417-X-0100-000,417-0100,"41.0: Grants, subsidies, and contributions",0001: PROMOTION OF THE ARTS,XLCAWFXT6JD9,,"STARLING PRODUCTIONS, INC.",STARLING PRODUCTIONS  INC.,,,,,USA,UNITED STATES,65 SAINT JAMES ST,,39727,KINGSTON,36111,ULSTER,36,NY,NEW YORK,12401,4533,NY-18,NY-18,,,,STATE-WIDE,USA,UNITED STATES,NY*****,,,,36,NEW YORK,,NY-18,,,45.024,PROMOTION OF THE ARTS GRANTS TO ORGANIZATIONS AND INDIVIDUALS,2022NEA01GAP2,,04,PROJECT GRANT (B),,,,,PURPOSE:&NBSP;TO SUPPORT A SERIES OF STORYTELLING WORKSHOPS OFFERED BY THE TMI PROJECT.,PURPOSE:&NBSP;TO SUPPORT A SERIES OF STORYTELLING WORKSHOPS OFFERED BY THE TMI PROJECT.,NON,NOT RECOVERY ACT,M,NONPROFIT WITH 501C3 IRS STATUS (OTHER THAN AN INSTITUTION OF HIGHER EDUCATION),,,A1,New Award,2,NON-AGGREGATE RECORD,,,,,,,,,,,https://www.usaspending.gov/award/ASST_NON_1913705-52-23_417/,2023-06-27 18:00:19.566518+00,2023-06-27 18:00:19.566518+00,recipient county outside NYC
5920_1913753-34-23_-NONE-_45.024_-NONE-,ASST_NON_1913753-34-23_417,1913753-34-23,,,SAI EXEMPT,10000.00,10000.00,10000.00,0.00,0.00,0.00,0.00,0.00,0.00,0.00,10000.00,Q: Not Designated Nonemergency/Emergency/Disaster/Wildfire Suppression,,,,,2023-05-10,2023,2023-06-01,2023-11-30,417,National Endowment for the Arts,5920,National Endowment for the Arts,593105,NATIONAL ENDOWMENT FOR THE ARTS,417,National Endowment for the Arts,5920,National Endowment for the Arts,593105,NATIONAL ENDOWMENT FOR THE ARTS,417-X-0100-000,417-0100,"41.0: Grants, subsidies, and contributions",0001: PROMOTION OF THE ARTS,VR2HHKGPDRH1,,SCHOOL OF MAKING THINKING INC.,SCHOOL OF MAKING THINKING INC.,,,,,USA,UNITED STATES,25 ROBERT PITT DR,STE 204,,,36087,ROCKLAND,36,NY,NEW YORK,10952,,NY-17,NY-17,,,,STATE-WIDE,USA,UNITED STATES,NY*****,,,,36,NEW YORK,,NY-17,,,45.024,PROMOTION OF THE ARTS GRANTS TO ORGANIZATIONS AND INDIVIDUALS,,,04,PROJECT GRANT (B),,,,,PURPOSE: TO SUPPORT AN ARTIST RESIDENCY PROGRAM.,PURPOSE: TO SUPPORT AN ARTIST RESIDENCY PROGRAM.,NON,NOT RECOVERY ACT,M,NONPROFIT WITH 501C3 IRS STATUS (OTHER THAN AN INSTITUTION OF HIGHER EDUCATION),,,A1,New Award,2,NON-AGGREGATE RECORD,,,,,,,,,,,https://www.usaspending.gov/award/ASST_NON_1913753-34-23_417/,2023-05-22 17:02:24.537819+00,2023-05-22 17:02:24.537819+00,recipient county outside NYC
5920_1913836-42-23_-NONE-_45.024_-NONE-,ASST_NON_1913836-42-23_417,1913836-42-23,,,SAI EXEMPT,75000.00,75000.00,75000.00,0.00,0.00,0.00,0.00,0.00,0.00,0.00,75000.00,Q: Not Designated Nonemergency/Emergency/Disaster/Wildfire Suppression,,,,,2023-08-28,2023,2023-08-01,2024-09-30,417,National Endowment for the Arts,5920,National Endowment for the Arts,593105,NATIONAL ENDOWMENT FOR THE ARTS,417,National Endowment for the Arts,5920,National Endowment for the Arts,593105,NATIONAL ENDOWMENT FOR THE ARTS,417-X-0100-000,417-0100,"41.0: Grants, subsidies, and contributions",0001: PROMOTION OF THE ARTS,QMV4L3M8FXU5,,"PENDRAGON, INC",PENDRAGON  INC.,,,,,USA,UNITED STATES,15 BRANDY BROOK AVE,,65233,SARANAC LAKE,36033,FRANKLIN,36,NY,NEW YORK,12983,2055,NY-21,NY-21,,,,STATE-WIDE,USA,UNITED STATES,NY*****,,,,36,NEW YORK,,NY-21,,,45.024,PROMOTION OF THE ARTS GRANTS TO ORGANIZATIONS AND INDIVIDUALS,2022NEA01OT,,04,PROJECT GRANT (B),,,,,PURPOSE: TO SUPPORT AN ARTIST-IN-RESIDENCE PROGRAM.,PURPOSE: TO SUPPORT AN ARTIST-IN-RESIDENCE PROGRAM.,NON,NOT RECOVERY ACT,M,NONPROFIT WITH 501C3 IRS STATUS (OTHER THAN AN INSTITUTION OF HIGHER EDUCATION),,,A1,New Award,2,NON-AGGREGATE RECORD,,,,,,,,,,,https://www.usaspending.gov/award/ASST_NON_1913836-42-23_417/,2023-08-29 18:25:33.406953+00,2023-08-29 18:25:33.406953+00,recipient county outside NYC
5920_1913884-42-23_-NONE-_45.024_-NONE-,ASST_NON_1913884-42-23_417,1913884-42-23,,,SAI EXEMPT,50000.00,50000.00,50000.00,0.00,0.00,0.00,0.00,0.00,0.00,0.00,50000.00,Q: Not Designated Nonemergency/Emergency/Disaster/Wildfire Suppression,,,,,2023-08-21,2023,2023-07-01,2024-06-30,417,National Endowment for the Arts,5920,National Endowment for the Arts,593105,NATIONAL ENDOWMENT FOR THE ARTS,417,National Endowment for the Arts,5920,National Endowment for the Arts,593105,NATIONAL ENDOWMENT FOR THE ARTS,417-X-0100-000,417-0100,"41.0: Grants, subsidies, and contributions",0001: PROMOTION OF THE ARTS,FTXFG8UEMVH3,,"NEW YORK FOLKLORE SOCIETY, INC",NEW YORK FOLKLORE SOCIETY  INC.,,,,,USA,UNITED STATES,129 JAY ST,,65508,SCHENECTADY,36093,SCHENECTADY,36,NY,NEW YORK,12305,1903,NY-20,NY-20,,,,STATE-WIDE,USA,UNITED STATES,NY*****,,,,36,NEW YORK,,NY-20,,,45.024,PROMOTION OF THE ARTS GRANTS TO ORGANIZATIONS AND INDIVIDUALS,2022NEA01OT,,04,PROJECT GRANT (B),,,,,PURPOSE: TO SUPPORT A SERIES OF MULTIDISCIPLINARY ARTS ACTIVITIES THAT HIGHLIGHT CLASSICAL INDIAN MUSIC  DANCE  POETRY  AND PAINTING TRADITIONS.,"PURPOSE: TO SUPPORT A SERIES OF
MULTIDISCIPLINARY ARTS ACTIVITIES THAT HIGHLIGHT CLASSICAL INDIAN MUSIC, DANCE,
POETRY, AND PAINTING TRADITIONS.",NON,NOT RECOVERY ACT,M,NONPROFIT WITH 501C3 IRS STATUS (OTHER THAN AN INSTITUTION OF HIGHER EDUCATION),,,A1,New Award,2,NON-AGGREGATE RECORD,,,,,,,,,,,https://www.usaspending.gov/award/ASST_NON_1913884-42-23_417/,2023-08-29 18:25:33.406953+00,2023-08-29 18:25:33.406953+00,recipient county outside NYC
5920_1913884-42-23_-NONE-_45.024_1,ASST_NON_1913884-42-23_417,1913884-42-23,1,,SAI EXEMPT,0.00,50000.00,50000.00,0.00,0.00,0.00,0.00,0.00,0.00,0.00,0.00,Q: Not Designated Nonemergency/Emergency/Disaster/Wildfire Suppression,,,,,2023-08-21,2023,2023-07-01,2024-09-30,417,National Endowment for the Arts,5920,National Endowment for the Arts,593105,NATIONAL ENDOWMENT FOR THE ARTS,417,National Endowment for the Arts,5920,National Endowment for the Arts,593105,NATIONAL ENDOWMENT FOR THE ARTS,417-X-0100-000,417-0100,"41.0: Grants, subsidies, and contributions",0001: PROMOTION OF THE ARTS,FTXFG8UEMVH3,,"NEW YORK FOLKLORE SOCIETY, INC","NEW YORK FOLKLORE SOCIETY, INC.",FTXFG8UEMVH3,,"NEW YORK FOLKLORE SOCIETY, INC",,USA,UNITED STATES,129 JAY ST,,65508,SCHENECTADY,36093,SCHENECTADY,36,NY,NEW YORK,12305,1903,NY-20,NY-20,,,,STATE-WIDE,USA,UNITED STATES,NY*****,,,,36,NEW YORK,,NY-20,,,45.024,PROMOTION OF THE ARTS GRANTS TO ORGANIZATIONS AND INDIVIDUALS,2022NEA01OT,,04,PROJECT GRANT (B),,,,,"PURPOSE: TO SUPPORT A SERIES OF
MULTIDISCIPLINARY ARTS ACTIVITIES THAT HIGHLIGHT CLASSICAL INDIAN MUSIC, DANCE,
POETRY, AND PAINTING TRADITIONS.","PURPOSE: TO SUPPORT A SERIES OF
MULTIDISCIPLINARY ARTS ACTIVITIES THAT HIGHLIGHT CLASSICAL INDIAN MUSIC, DANCE,
POETRY, AND PAINTING TRADITIONS.",NON,NOT RECOVERY ACT,M,NONPROFIT WITH 501C3 IRS STATUS (OTHER THAN AN INSTITUTION OF HIGHER EDUCATION),,,A1,New Award,2,NON-AGGREGATE RECORD,,,,,,,,,,,https://www.usaspending.gov/award/ASST_NON_1913884-42-23_417/,2024-02-08 15:16:04.851804+00,2024-02-08 15:16:04.851804+00,recipient county outside NYC
5920_1914159-61-23_-NONE-_45.025_-NONE-,ASST_NON_1914159-61-23_417,1914159-61-23,,,SAI EXEMPT,130300.00,1090220.00,1090220.00,0.00,0.00,0.00,0.00,0.00,0.00,0.00,130300.00,Q: Not Designated Nonemergency/Emergency/Disaster/Wildfire Suppression,,,,,2023-06-06,2023,2023-07-01,2025-09-30,417,National Endowment for the Arts,5920,National Endowment for the Arts,593105,NATIONAL ENDOWMENT FOR THE ARTS,417,National Endowment for the Arts,5920,National Endowment for the Arts,593105,NATIONAL ENDOWMENT FOR THE ARTS,417-X-0100-000,417-0100,"41.0: Grants, subsidies, and contributions",0001: PROMOTION OF THE ARTS,QCK4L4K7G3F3,,NEW YORK STATE COUNCIL ON THE ARTS,NEW YORK STATE COUNCIL ON THE ARTS,,,,,USA,UNITED STATES,300 PARK AVE S,,51000,NEW YORK,36061,NEW YORK,36,NY,NEW YORK,10010,5313,NY-12,NY-12,,,,STATE-WIDE,USA,UNITED STATES,NY*****,,,,36,NEW YORK,,NY-12,,,45.025,PROMOTION OF THE ARTS PARTNERSHIP AGREEMENTS,2023NEA04PA,,04,PROJECT GRANT (B),,,,,PURPOSE: TO SUPPORT ARTS PROGRAMS  SERVICES  AND ACTIVITIES ASSOCIATED WITH CARRYING OUT THE AGENCYS NATIONAL ENDOWMENT FOR THE ARTS-APPROVED STRATEGIC PLAN.,PURPOSE: TO SUPPORT ARTS PROGRAMS  SERVICES  AND ACTIVITIES ASSOCIATED WITH CARRYING OUT THE AGENCYS NATIONAL ENDOWMENT FOR THE ARTS-APPROVED STRATEGIC PLAN.,NON,NOT RECOVERY ACT,A,STATE GOVERNMENT,,,A1,New Award,2,NON-AGGREGATE RECORD,,,,,,,,,,,https://www.usaspending.gov/award/ASST_NON_1914159-61-23_417/,2023-06-27 18:00:19.566518+00,2023-06-27 18:00:19.566518+00,not listing 45.024
5920_1914159-61-23_-NONE-_45.025_1.1,ASST_NON_1914159-61-23_417,1914159-61-23,1.1,,SAI EXEMPT,20000.00,1090220.00,1090220.00,0.00,0.00,0.00,0.00,0.00,0.00,0.00,20000.00,Q: Not Designated Nonemergency/Emergency/Disaster/Wildfire Suppression,,,,,2023-06-06,2023,2023-07-01,2025-09-30,417,National Endowment for the Arts,5920,National Endowment for the Arts,593105,NATIONAL ENDOWMENT FOR THE ARTS,417,National Endowment for the Arts,5920,National Endowment for the Arts,593105,NATIONAL ENDOWMENT FOR THE ARTS,417-X-0100-000,417-0100,"41.0: Grants, subsidies, and contributions",0001: PROMOTION OF THE ARTS,QCK4L4K7G3F3,,NEW YORK STATE COUNCIL ON THE ARTS,NEW YORK STATE COUNCIL ON THE ARTS,,,,,USA,UNITED STATES,300 PARK AVE S,,51000,NEW YORK,36061,NEW YORK,36,NY,NEW YORK,10010,5313,NY-12,NY-12,,,,STATE-WIDE,USA,UNITED STATES,NY*****,,,,36,NEW YORK,,NY-12,,,45.025,PROMOTION OF THE ARTS PARTNERSHIP AGREEMENTS,2023NEA04PA,,04,PROJECT GRANT (B),,,,,PURPOSE: TO SUPPORT ARTS PROGRAMS  SERVICES  AND ACTIVITIES ASSOCIATED WITH CARRYING OUT THE AGENCYS NATIONAL ENDOWMENT FOR THE ARTS-APPROVED STRATEGIC PLAN.,PURPOSE: TO SUPPORT ARTS PROGRAMS  SERVICES  AND ACTIVITIES ASSOCIATED WITH CARRYING OUT THE AGENCYS NATIONAL ENDOWMENT FOR THE ARTS-APPROVED STRATEGIC PLAN.,NON,NOT RECOVERY ACT,A,STATE GOVERNMENT,,,A1,New Award,2,NON-AGGREGATE RECORD,,,,,,,,,,,https://www.usaspending.gov/award/ASST_NON_1914159-61-23_417/,2023-06-27 18:00:19.566518+00,2023-06-27 18:00:19.566518+00,not listing 45.024
5920_1914159-61-23_-NONE-_45.025_1.2,ASST_NON_1914159-61-23_417,1914159-61-23,1.2,,SAI EXEMPT,22900.00,1090220.00,1090220.00,0.00,0.00,0.00,0.00,0.00,0.00,0.00,22900.00,Q: Not Designated Nonemergency/Emergency/Disaster/Wildfire Suppression,,,,,2023-06-06,2023,2023-07-01,2025-09-30,417,National Endowment for the Arts,5920,National Endowment for the Arts,593105,NATIONAL ENDOWMENT FOR THE ARTS,417,National Endowment for the Arts,5920,National Endowment for the Arts,593105,NATIONAL ENDOWMENT FOR THE ARTS,417-X-0100-000,417-0100,"41.0: Grants, subsidies, and contributions",0001: PROMOTION OF THE ARTS,QCK4L4K7G3F3,,NEW YORK STATE COUNCIL ON THE ARTS,NEW YORK STATE COUNCIL ON THE ARTS,,,,,USA,UNITED STATES,300 PARK AVE S,,51000,NEW YORK,36061,NEW YORK,36,NY,NEW YORK,10010,5313,NY-12,NY-12,,,,STATE-WIDE,USA,UNITED STATES,NY*****,,,,36,NEW YORK,,NY-12,,,45.025,PROMOTION OF THE ARTS PARTNERSHIP AGREEMENTS,2023NEA04PA,,04,PROJECT GRANT (B),,,,,PURPOSE: TO SUPPORT ARTS PROGRAMS  SERVICES  AND ACTIVITIES ASSOCIATED WITH CARRYING OUT THE AGENCYS NATIONAL ENDOWMENT FOR THE ARTS-APPROVED STRATEGIC PLAN.,PURPOSE: TO SUPPORT ARTS PROGRAMS  SERVICES  AND ACTIVITIES ASSOCIATED WITH CARRYING OUT THE AGENCYS NATIONAL ENDOWMENT FOR THE ARTS-APPROVED STRATEGIC PLAN.,NON,NOT RECOVERY ACT,A,STATE GOVERNMENT,,,A1,New Award,2,NON-AGGREGATE RECORD,,,,,,,,,,,https://www.usaspending.gov/award/ASST_NON_1914159-61-23_417/,2023-06-27 18:00:19.566518+00,2023-06-27 18:00:19.566518+00,not listing 45.024
5920_1914159-61-23_-NONE-_45.025_1.3,ASST_NON_1914159-61-23_417,1914159-61-23,1.3,,SAI EXEMPT,55000.00,1090220.00,1090220.00,0.00,0.00,0.00,0.00,0.00,0.00,0.00,55000.00,Q: Not Designated Nonemergency/Emergency/Disaster/Wildfire Suppression,,,,,2023-06-06,2023,2023-07-01,2025-09-30,417,National Endowment for the Arts,5920,National Endowment for the Arts,593105,NATIONAL ENDOWMENT FOR THE ARTS,417,National Endowment for the Arts,5920,National Endowment for the Arts,593105,NATIONAL ENDOWMENT FOR THE ARTS,417-X-0100-000,417-0100,"41.0: Grants, subsidies, and contributions",0001: PROMOTION OF THE ARTS,QCK4L4K7G3F3,,NEW YORK STATE COUNCIL ON THE ARTS,NEW YORK STATE COUNCIL ON THE ARTS,,,,,USA,UNITED STATES,300 PARK AVE S,,51000,NEW YORK,36061,NEW YORK,36,NY,NEW YORK,10010,5313,NY-12,NY-12,,,,STATE-WIDE,USA,UNITED STATES,NY*****,,,,36,NEW YORK,,NY-12,,,45.025,PROMOTION OF THE ARTS PARTNERSHIP AGREEMENTS,2023NEA04PA,,04,PROJECT GRANT (B),,,,,PURPOSE: TO SUPPORT ARTS PROGRAMS  SERVICES  AND ACTIVITIES ASSOCIATED WITH CARRYING OUT THE AGENCYS NATIONAL ENDOWMENT FOR THE ARTS-APPROVED STRATEGIC PLAN.,PURPOSE: TO SUPPORT ARTS PROGRAMS  SERVICES  AND ACTIVITIES ASSOCIATED WITH CARRYING OUT THE AGENCYS NATIONAL ENDOWMENT FOR THE ARTS-APPROVED STRATEGIC PLAN.,NON,NOT RECOVERY ACT,A,STATE GOVERNMENT,,,A1,New Award,2,NON-AGGREGATE RECORD,,,,,,,,,,,https://www.usaspending.gov/award/ASST_NON_1914159-61-23_417/,2023-06-27 18:00:19.566518+00,2023-06-27 18:00:19.566518+00,not listing 45.024
5920_1914159-61-23_-NONE-_45.025_1.4,ASST_NON_1914159-61-23_417,1914159-61-23,1.4,,SAI EXEMPT,862020.00,1090220.00,1090220.00,0.00,0.00,0.00,0.00,0.00,0.00,0.00,862020.00,Q: Not Designated Nonemergency/Emergency/Disaster/Wildfire Suppression,,,,,2023-06-06,2023,2023-07-01,2025-09-30,417,National Endowment for the Arts,5920,National Endowment for the Arts,593105,NATIONAL ENDOWMENT FOR THE ARTS,417,National Endowment for the Arts,5920,National Endowment for the Arts,593105,NATIONAL ENDOWMENT FOR THE ARTS,417-X-0100-000,417-0100,"41.0: Grants, subsidies, and contributions",0001: PROMOTION OF THE ARTS,QCK4L4K7G3F3,,NEW YORK STATE COUNCIL ON THE ARTS,NEW YORK STATE COUNCIL ON THE ARTS,,,,,USA,UNITED STATES,300 PARK AVE S,,51000,NEW YORK,36061,NEW YORK,36,NY,NEW YORK,10010,5313,NY-12,NY-12,,,,STATE-WIDE,USA,UNITED STATES,NY*****,,,,36,NEW YORK,,NY-12,,,45.025,PROMOTION OF THE ARTS PARTNERSHIP AGREEMENTS,2023NEA04PA,,04,PROJECT GRANT (B),,,,,PURPOSE: TO SUPPORT ARTS PROGRAMS  SERVICES  AND ACTIVITIES ASSOCIATED WITH CARRYING OUT THE AGENCYS NATIONAL ENDOWMENT FOR THE ARTS-APPROVED STRATEGIC PLAN.,PURPOSE: TO SUPPORT ARTS PROGRAMS  SERVICES  AND ACTIVITIES ASSOCIATED WITH CARRYING OUT THE AGENCYS NATIONAL ENDOWMENT FOR THE ARTS-APPROVED STRATEGIC PLAN.,NON,NOT RECOVERY ACT,A,STATE GOVERNMENT,,,A1,New Award,2,NON-AGGREGATE RECORD,,,,,,,,,,,https://www.usaspending.gov/award/ASST_NON_1914159-61-23_417/,2023-06-27 18:00:19.566518+00,2023-06-27 18:00:19.566518+00,not listing 45.024
5920_1914424-41-24_-NONE-_45.024_-NONE-,ASST_NON_1914424-41-24_417,1914424-41-24,,,SAI EXEMPT,35000.00,35000.00,35000.00,0.00,0.00,0.00,0.00,0.00,0.00,0.00,35000.00,Q: Not Designated Nonemergency/Emergency/Disaster/Wildfire Suppression,,,,,2024-04-09,2024,2024-07-01,2025-06-30,417,National Endowment for the Arts,5920,National Endowment for the Arts,593105,NATIONAL ENDOWMENT FOR THE ARTS,417,National Endowment for the Arts,5920,National Endowment for the Arts,593105,NATIONAL ENDOWMENT FOR THE ARTS,417-X-0100-000,417-0100,"41.0: Grants, subsidies, and contributions",0001: PROMOTION OF THE ARTS,GVGGMU5JLN15,,LIGHT WORK VISUAL STUDIES INC,LIGHT WORK VISUAL STUDIES  INC.,,,,,USA,UNITED STATES,316 WAVERLY AVE,,73000,SYRACUSE,36067,ONONDAGA,36,NY,NEW YORK,13210,2437,NY-22,NY-22,,,,STATE-WIDE,USA,UNITED STATES,NY*****,,,,36,NEW YORK,,NY-22,,,45.024,PROMOTION OF THE ARTS GRANTS TO ORGANIZATIONS AND INDIVIDUALS,2023NEA01GAP1,TO SUPPORT OPPORTUNITIES FOR ALL PEOPLE TO PARTICIPATE IN THE ARTS AND ARTS EDUCATION.,04,PROJECT GRANT (B),,,,,PURPOSE: TO SUPPORT A RESIDENCY PROGRAM FOR PHOTOGRAPHERS AND ARTISTS WORKING IN ELECTRONIC MEDIA.,"PURPOSE: TO
SUPPORT A RESIDENCY PROGRAM FOR PHOTOGRAPHERS AND ARTISTS WORKING IN ELECTRONIC
MEDIA.",NON,NOT RECOVERY ACT,M,NONPROFIT WITH 501C3 IRS STATUS (OTHER THAN AN INSTITUTION OF HIGHER EDUCATION),,,A1,New Award,2,NON-AGGREGATE RECORD,,,,,,,,,,,https://www.usaspending.gov/award/ASST_NON_1914424-41-24_417/,2024-04-24 19:01:12.217324+00,2024-04-24 19:01:12.217324+00,recipient county outside NYC
5920_1914424-41-24_-NONE-_45.024_3,ASST_NON_1914424-41-24_417,1914424-41-24,3,,SAI EXEMPT,0.00,35000.00,35000.00,0.00,0.00,0.00,0.00,0.00,0.00,0.00,0.00,Q: Not Designated Nonemergency/Emergency/Disaster/Wildfire Suppression,,,,,2024-04-09,2024,2024-07-01,2025-05-31,417,National Endowment for the Arts,5920,National Endowment for the Arts,593105,NATIONAL ENDOWMENT FOR THE ARTS,417,National Endowment for the Arts,5920,National Endowment for the Arts,593105,NATIONAL ENDOWMENT FOR THE ARTS,417-X-0100-000,417-0100,"41.0: Grants, subsidies, and contributions",0001: PROMOTION OF THE ARTS,GVGGMU5JLN15,,LIGHT WORK VISUAL STUDIES INC,"LIGHT WORK VISUAL STUDIES, INC.",,,,,USA,UNITED STATES,316 WAVERLY AVE,,73000,SYRACUSE,36067,ONONDAGA,36,NY,NEW YORK,13210,2437,NY-22,NY-22,,,,STATE-WIDE,USA,UNITED STATES,NY*****,,,,36,NEW YORK,,NY-22,,,45.024,PROMOTION OF THE ARTS GRANTS TO ORGANIZATIONS AND INDIVIDUALS,2023NEA01GAP1,TO SUPPORT OPPORTUNITIES FOR ALL PEOPLE TO PARTICIPATE IN THE ARTS AND ARTS EDUCATION.,04,PROJECT GRANT (B),,,,,"PURPOSE: TO
SUPPORT A RESIDENCY PROGRAM FOR PHOTOGRAPHERS AND ARTISTS WORKING IN ELECTRONIC
MEDIA.","PURPOSE: TO
SUPPORT A RESIDENCY PROGRAM FOR PHOTOGRAPHERS AND ARTISTS WORKING IN ELECTRONIC
MEDIA.",NON,NOT RECOVERY ACT,M,NONPROFIT WITH 501C3 IRS STATUS (OTHER THAN AN INSTITUTION OF HIGHER EDUCATION),,,A1,New Award,2,NON-AGGREGATE RECORD,,,,,,,,,,,https://www.usaspending.gov/award/ASST_NON_1914424-41-24_417/,2025-05-29 15:25:04.378853+00,2025-05-29 15:25:04.378853+00,recipient county outside NYC
5920_1916567-36-24_-NONE-_45.024_-NONE-,ASST_NON_1916567-36-24_417,1916567-36-24,,,SAI EXEMPT,17000.00,17000.00,17000.00,0.00,0.00,0.00,0.00,0.00,0.00,0.00,17000.00,Q: Not Designated Nonemergency/Emergency/Disaster/Wildfire Suppression,,,,,2024-01-09,2024,2024-01-01,2024-08-31,417,National Endowment for the Arts,5920,National Endowment for the Arts,593105,NATIONAL ENDOWMENT FOR THE ARTS,417,National Endowment for the Arts,5920,National Endowment for the Arts,593105,NATIONAL ENDOWMENT FOR THE ARTS,417-X-0100-000,417-0100,"41.0: Grants, subsidies, and contributions",0001: PROMOTION OF THE ARTS,X9H8H5S7R3K5,,FINGER LAKES OPERA INC,FINGER LAKES OPERA  INC.,,,,,USA,UNITED STATES,1040 EAST AVE,,63000,ROCHESTER,36055,MONROE,36,NY,NEW YORK,14607,2222,NY-25,NY-25,,,,STATE-WIDE,USA,UNITED STATES,NY*****,,,,36,NEW YORK,,NY-25,,,45.024,PROMOTION OF THE ARTS GRANTS TO ORGANIZATIONS AND INDIVIDUALS,2023NEA01GAP1,TO SUPPORT OPPORTUNITIES FOR ALL PEOPLE TO PARTICIPATE IN THE ARTS AND ARTS EDUCATION.,04,PROJECT GRANT (B),,,,,PURPOSE: TO SUPPORT THE WORLD PREMIERE PERFORMANCES OF TWO CORNERS BY COMPOSER B.E. BOYKIN AND LIBRETTIST JARROD LEE.,PURPOSE: TO SUPPORT THE WORLD PREMIERE PERFORMANCES OF TWO CORNERS BY COMPOSER B.E. BOYKIN AND LIBRETTIST JARROD LEE.,NON,NOT RECOVERY ACT,M,NONPROFIT WITH 501C3 IRS STATUS (OTHER THAN AN INSTITUTION OF HIGHER EDUCATION),,,A1,New Award,2,NON-AGGREGATE RECORD,,,,,,,,,,,https://www.usaspending.gov/award/ASST_NON_1916567-36-24_417/,2024-01-26 17:31:39.918365+00,2024-01-26 17:31:39.918365+00,recipient county outside NYC
5920_1916649-28-24_-NONE-_45.024_-NONE-,ASST_NON_1916649-28-24_417,1916649-28-24,,,SAI EXEMPT,15000.00,15000.00,15000.00,0.00,0.00,0.00,0.00,0.00,0.00,0.00,15000.00,Q: Not Designated Nonemergency/Emergency/Disaster/Wildfire Suppression,,,,,2024-02-23,2024,2024-02-01,2024-11-30,417,National Endowment for the Arts,5920,National Endowment for the Arts,593105,NATIONAL ENDOWMENT FOR THE ARTS,417,National Endowment for the Arts,5920,National Endowment for the Arts,593105,NATIONAL ENDOWMENT FOR THE ARTS,417-X-0100-000,417-0100,"41.0: Grants, subsidies, and contributions",0001: PROMOTION OF THE ARTS,SQ9GFABNRPE9,,RANDOM FARMS KIDS THEATER INC,RANDOM FARMS KIDS THEATER INC.,SQ9GFABNRPE9,,RANDOM FARMS KIDS THEATER INC,,USA,UNITED STATES,77 EXECUTIVE BLVD,STE 130,24295,ELMSFORD,36119,WESTCHESTER,36,NY,NEW YORK,10523,1327,NY-12,NY-16,,,,STATE-WIDE,USA,UNITED STATES,NY*****,,,,36,NEW YORK,,NY-12,,,45.024,PROMOTION OF THE ARTS GRANTS TO ORGANIZATIONS AND INDIVIDUALS,2023NEA01GAP1,TO SUPPORT OPPORTUNITIES FOR ALL PEOPLE TO PARTICIPATE IN THE ARTS AND ARTS EDUCATION.,04,PROJECT GRANT (B),,,,,PURPOSE: TO SUPPORT THE REGIONAL TOURING PRODUCTION OF #JUSTBEYOU  A MUSICAL FOR YOUNG AUDIENCES  WITH A BOOK BY ERIC C. WEBB AND MUSIC AND LYRICS BY STEPHANIE BIANCHI.,PURPOSE: TO SUPPORT THE REGIONAL TOURING PRODUCTION OF #JUSTBEYOU  A MUSICAL FOR YOUNG AUDIENCES  WITH A BOOK BY ERIC C. WEBB AND MUSIC AND LYRICS BY STEPHANIE BIANCHI.,NON,NOT RECOVERY ACT,M,NONPROFIT WITH 501C3 IRS STATUS (OTHER THAN AN INSTITUTION OF HIGHER EDUCATION),,,A1,New Award,2,NON-AGGREGATE RECORD,,,,,,,,,,,https://www.usaspending.gov/award/ASST_NON_1916649-28-24_417/,2024-02-28 14:35:32.035384+00,2024-02-28 14:35:32.035384+00,recipient county outside NYC
5920_1916654-59-23_-NONE-_45.024_-NONE-,ASST_NON_1916654-59-23_417,1916654-59-23,,,SAI EXEMPT,10000.00,10000.00,10000.00,0.00,0.00,0.00,0.00,0.00,0.00,0.00,10000.00,Q: Not Designated Nonemergency/Emergency/Disaster/Wildfire Suppression,,,,,2023-06-02,2023,2024-01-01,2024-12-31,417,National Endowment for the Arts,5920,National Endowment for the Arts,593105,NATIONAL ENDOWMENT FOR THE ARTS,417,National Endowment for the Arts,5920,National Endowment for the Arts,593105,NATIONAL ENDOWMENT FOR THE ARTS,417-X-0100-000,417-0100,"41.0: Grants, subsidies, and contributions",0001: PROMOTION OF THE ARTS,MMQEA9YKG3K5,,BABYLON CITIZENS COUNCIL ON ARTS,BABYLON CITIZENS COUNCIL ON THE ARTS  INC.,,,,,USA,UNITED STATES,47 W MAIN ST,STE 4,03408,BABYLON,36103,SUFFOLK,36,NY,NEW YORK,11702,3423,NY-02,NY-02,,,,STATE-WIDE,USA,UNITED STATES,NY*****,,,,36,NEW YORK,,NY-02,,,45.024,PROMOTION OF THE ARTS GRANTS TO ORGANIZATIONS AND INDIVIDUALS,2023NEAAEAC,,04,PROJECT GRANT (B),,,,,PURPOSE: TO SUPPORT A MUSIC CONCERT AND WORKSHOP SERIES.,PURPOSE: TO SUPPORT A MUSIC CONCERT AND WORKSHOP SERIES.,NON,NOT RECOVERY ACT,M,NONPROFIT WITH 501C3 IRS STATUS (OTHER THAN AN INSTITUTION OF HIGHER EDUCATION),,,A1,New Award,2,NON-AGGREGATE RECORD,,,,,,,,,,,https://www.usaspending.gov/award/ASST_NON_1916654-59-23_417/,2023-06-27 18:00:19.566518+00,2023-06-27 18:00:19.566518+00,recipient county outside NYC
5920_1917248-31-24_-NONE-_45.024_-NONE-,ASST_NON_1917248-31-24_417,1917248-31-24,,,SAI EXEMPT,20000.00,20000.00,20000.00,0.00,0.00,0.00,0.00,0.00,0.00,0.00,20000.00,Q: Not Designated Nonemergency/Emergency/Disaster/Wildfire Suppression,,,,,2024-01-03,2024,2024-01-01,2024-12-31,417,National Endowment for the Arts,5920,National Endowment for the Arts,593105,NATIONAL ENDOWMENT FOR THE ARTS,417,National Endowment for the Arts,5920,National Endowment for the Arts,593105,NATIONAL ENDOWMENT FOR THE ARTS,417-X-0100-000,417-0100,"41.0: Grants, subsidies, and contributions",0001: PROMOTION OF THE ARTS,VYUDKWXMN928,,MAVERICK CONCERTS INC,MAVERICK CONCERTS  INC.,,,,,USA,UNITED STATES,MAVERICK RD,,83036,WOODSTOCK,36111,ULSTER,36,NY,NEW YORK,12498,,NY-19,NY-18,,,,STATE-WIDE,USA,UNITED STATES,NY*****,,,,36,NEW YORK,,NY-19,,,45.024,PROMOTION OF THE ARTS GRANTS TO ORGANIZATIONS AND INDIVIDUALS,2023NEA01GAP1,TO SUPPORT OPPORTUNITIES FOR ALL PEOPLE TO PARTICIPATE IN THE ARTS AND ARTS EDUCATION.,04,PROJECT GRANT (B),,,,,PURPOSE: TO SUPPORT CHAMBER MUSIC PERFORMANCES AND PUBLIC ENGAGEMENT ACTIVITIES.,"PURPOSE: TO SUPPORT CHAMBER
MUSIC PERFORMANCES AND PUBLIC ENGAGEMENT ACTIVITIES.",NON,NOT RECOVERY ACT,M,NONPROFIT WITH 501C3 IRS STATUS (OTHER THAN AN INSTITUTION OF HIGHER EDUCATION),,,A1,New Award,2,NON-AGGREGATE RECORD,,,,,,,,,,,https://www.usaspending.gov/award/ASST_NON_1917248-31-24_417/,2024-01-26 17:31:39.918365+00,2024-01-26 17:31:39.918365+00,recipient county outside NYC
5920_1917248-31-24_-NONE-_45.024_1,ASST_NON_1917248-31-24_417,1917248-31-24,1,,SAI EXEMPT,0.00,20000.00,20000.00,0.00,0.00,0.00,0.00,0.00,0.00,0.00,0.00,Q: Not Designated Nonemergency/Emergency/Disaster/Wildfire Suppression,,,,,2024-01-03,2024,2024-01-01,2025-12-31,417,National Endowment for the Arts,5920,National Endowment for the Arts,593105,NATIONAL ENDOWMENT FOR THE ARTS,417,National Endowment for the Arts,5920,National Endowment for the Arts,593105,NATIONAL ENDOWMENT FOR THE ARTS,417-X-0100-000,417-0100,"41.0: Grants, subsidies, and contributions",0001: PROMOTION OF THE ARTS,VYUDKWXMN928,,MAVERICK CONCERTS INC,"MAVERICK CONCERTS, INC.",,,,,USA,UNITED STATES,MAVERICK RD,,83036,WOODSTOCK,36111,ULSTER,36,NY,NEW YORK,12498,,NY-19,NY-18,,,,STATE-WIDE,USA,UNITED STATES,NY*****,,,,36,NEW YORK,,NY-19,,,45.024,PROMOTION OF THE ARTS GRANTS TO ORGANIZATIONS AND INDIVIDUALS,2023NEA01GAP1,TO SUPPORT OPPORTUNITIES FOR ALL PEOPLE TO PARTICIPATE IN THE ARTS AND ARTS EDUCATION.,04,PROJECT GRANT (B),,,,,"PURPOSE: TO SUPPORT CHAMBER
MUSIC PERFORMANCES AND PUBLIC ENGAGEMENT ACTIVITIES.","PURPOSE: TO SUPPORT CHAMBER
MUSIC PERFORMANCES AND PUBLIC ENGAGEMENT ACTIVITIES.",NON,NOT RECOVERY ACT,M,NONPROFIT WITH 501C3 IRS STATUS (OTHER THAN AN INSTITUTION OF HIGHER EDUCATION),,,A1,New Award,2,NON-AGGREGATE RECORD,,,,,,,,,,,https://www.usaspending.gov/award/ASST_NON_1917248-31-24_417/,2025-02-03 19:54:39.47619+00,2025-02-03 19:54:39.47619+00,recipient county outside NYC
5920_1917248-31-24_-NONE-_45.024_3,ASST_NON_1917248-31-24_417,1917248-31-24,3,,SAI EXEMPT,0.00,20000.00,20000.00,0.00,0.00,0.00,0.00,0.00,0.00,0.00,0.00,Q: Not Designated Nonemergency/Emergency/Disaster/Wildfire Suppression,,,,,2024-01-03,2024,2024-01-01,2025-05-31,417,National Endowment for the Arts,5920,National Endowment for the Arts,593105,NATIONAL ENDOWMENT FOR THE ARTS,417,National Endowment for the Arts,5920,National Endowment for the Arts,593105,NATIONAL ENDOWMENT FOR THE ARTS,417-X-0100-000,417-0100,"41.0: Grants, subsidies, and contributions",0001: PROMOTION OF THE ARTS,VYUDKWXMN928,,MAVERICK CONCERTS INC,"MAVERICK CONCERTS, INC.",,,,,USA,UNITED STATES,MAVERICK RD,,83041,WOODSTOCK,36111,ULSTER,36,NY,NEW YORK,12498,,NY-19,NY-18,,,,STATE-WIDE,USA,UNITED STATES,NY*****,,,,36,NEW YORK,,NY-19,,,45.024,PROMOTION OF THE ARTS GRANTS TO ORGANIZATIONS AND INDIVIDUALS,2023NEA01GAP1,TO SUPPORT OPPORTUNITIES FOR ALL PEOPLE TO PARTICIPATE IN THE ARTS AND ARTS EDUCATION.,04,PROJECT GRANT (B),,,,,"PURPOSE: TO SUPPORT CHAMBER
MUSIC PERFORMANCES AND PUBLIC ENGAGEMENT ACTIVITIES.","PURPOSE: TO SUPPORT CHAMBER
MUSIC PERFORMANCES AND PUBLIC ENGAGEMENT ACTIVITIES.",NON,NOT RECOVERY ACT,M,NONPROFIT WITH 501C3 IRS STATUS (OTHER THAN AN INSTITUTION OF HIGHER EDUCATION),,,A1,New Award,2,NON-AGGREGATE RECORD,,,,,,,,,,,https://www.usaspending.gov/award/ASST_NON_1917248-31-24_417/,2025-05-29 15:25:04.378853+00,2025-05-29 15:25:04.378853+00,recipient county outside NYC
5920_1917310-34-24_-NONE-_45.024_-NONE-,ASST_NON_1917310-34-24_417,1917310-34-24,,,SAI EXEMPT,30000.00,30000.00,30000.00,0.00,0.00,0.00,0.00,0.00,0.00,0.00,30000.00,Q: Not Designated Nonemergency/Emergency/Disaster/Wildfire Suppression,,,,,2024-01-03,2024,2024-01-01,2024-12-31,417,National Endowment for the Arts,5920,National Endowment for the Arts,593105,NATIONAL ENDOWMENT FOR THE ARTS,417,National Endowment for the Arts,5920,National Endowment for the Arts,593105,NATIONAL ENDOWMENT FOR THE ARTS,417-X-0100-000,417-0100,"41.0: Grants, subsidies, and contributions",0001: PROMOTION OF THE ARTS,G9ALLQ9MX1K8,,"JACOB BURNS FILM CENTER, INC",JACOB BURNS FILM CENTER  INC.,G9ALLQ9MX1K8,,"JACOB BURNS FILM CENTER, INC","JACOB BURNS FILM CENTER, INC.",USA,UNITED STATES,405 MANVILLE RD,,58728,PLEASANTVILLE,36119,WESTCHESTER,36,NY,NEW YORK,10570,2825,NY-17,NY-17,,,,STATE-WIDE,USA,UNITED STATES,NY*****,,,,36,NEW YORK,,NY-17,,,45.024,PROMOTION OF THE ARTS GRANTS TO ORGANIZATIONS AND INDIVIDUALS,2023NEA01GAP1,TO SUPPORT OPPORTUNITIES FOR ALL PEOPLE TO PARTICIPATE IN THE ARTS AND ARTS EDUCATION.,04,PROJECT GRANT (B),,,,,PURPOSE: TO SUPPORT A SERIES OF CURATED FILM SCREENINGS AND ASSOCIATED PUBLIC PROGRAMMING.,PURPOSE: TO SUPPORT A SERIES OF CURATED FILM SCREENINGS AND ASSOCIATED PUBLIC PROGRAMMING.,NON,NOT RECOVERY ACT,M,NONPROFIT WITH 501C3 IRS STATUS (OTHER THAN AN INSTITUTION OF HIGHER EDUCATION),,,A1,New Award,2,NON-AGGREGATE RECORD,,,,,,,,,,,https://www.usaspending.gov/award/ASST_NON_1917310-34-24_417/,2024-01-26 17:31:39.918365+00,2024-01-26 17:31:39.918365+00,recipient county outside NYC
5920_1918350-52-24_-NONE-_45.024_-NONE-,ASST_NON_1918350-52-24_417,1918350-52-24,,,SAI EXEMPT,15000.00,15000.00,15000.00,0.00,0.00,0.00,0.00,0.00,0.00,0.00,15000.00,Q: Not Designated Nonemergency/Emergency/Disaster/Wildfire Suppression,,,,,2023-12-20,2024,2024-01-01,2024-12-31,417,National Endowment for the Arts,5920,National Endowment for the Arts,593105,NATIONAL ENDOWMENT FOR THE ARTS,417,National Endowment for the Arts,5920,National Endowment for the Arts,593105,NATIONAL ENDOWMENT FOR THE ARTS,417-X-0100-000,417-0100,"41.0: Grants, subsidies, and contributions",0001: PROMOTION OF THE ARTS,HM6BV3LM61R3,,ELECTRIC LITERATURE,ELECTRIC LIT  INC.,,,,,USA,UNITED STATES,15 ADAMS STREET,,39727,KINGSTON,36111,ULSTER,36,NY,NEW YORK,12401,6011,NY-07,NY-18,,,,STATE-WIDE,USA,UNITED STATES,NY*****,,,,36,NEW YORK,,NY-07,,,45.024,PROMOTION OF THE ARTS GRANTS TO ORGANIZATIONS AND INDIVIDUALS,2023NEA01GAP1,TO SUPPORT OPPORTUNITIES FOR ALL PEOPLE TO PARTICIPATE IN THE ARTS AND ARTS EDUCATION.,04,PROJECT GRANT (B),,,,,PURPOSE: TO SUPPORT THE PUBLICATION OF THE ONLINE MAGAZINES RECOMMENDED READING AND THE COMMUTER.,PURPOSE: TO SUPPORT THE PUBLICATION OF THE ONLINE MAGAZINES RECOMMENDED READING AND THE COMMUTER.,NON,NOT RECOVERY ACT,M,NONPROFIT WITH 501C3 IRS STATUS (OTHER THAN AN INSTITUTION OF HIGHER EDUCATION),,,A1,New Award,2,NON-AGGREGATE RECORD,,,,,,,,,,,https://www.usaspending.gov/award/ASST_NON_1918350-52-24_417/,2023-12-20 19:43:04.632613+00,2023-12-20 19:43:04.632613+00,recipient county outside NYC
5920_1918377-31-24_-NONE-_45.024_-NONE-,ASST_NON_1918377-31-24_417,1918377-31-24,,,SAI EXEMPT,20000.00,20000.00,20000.00,0.00,0.00,0.00,0.00,0.00,0.00,0.00,20000.00,Q: Not Designated Nonemergency/Emergency/Disaster/Wildfire Suppression,,,,,2023-12-20,2024,2024-01-01,2024-06-30,417,National Endowment for the Arts,5920,National Endowment for the Arts,593105,NATIONAL ENDOWMENT FOR THE ARTS,417,National Endowment for the Arts,5920,National Endowment for the Arts,593105,NATIONAL ENDOWMENT FOR THE ARTS,417-X-0100-000,417-0100,"41.0: Grants, subsidies, and contributions",0001: PROMOTION OF THE ARTS,L62KHYWSQQE5,,BUFFALO PHILHARMONIC ORCHESTRA SOCIETY INC,BUFFALO PHILHARMONIC ORCHESTRA SOCIETY  INC.,L62KHYWSQQE5,,BUFFALO PHILHARMONIC ORCHESTRA SOCIETY INC,"BUFFALO PHILHARMONIC ORCHESTRA SOCIETY, INC.",USA,UNITED STATES,786 DELAWARE AVE,,11000,BUFFALO,36029,ERIE,36,NY,NEW YORK,14209,2006,NY-26,NY-26,,,,STATE-WIDE,USA,UNITED STATES,NY*****,,,,36,NEW YORK,,NY-26,,,45.024,PROMOTION OF THE ARTS GRANTS TO ORGANIZATIONS AND INDIVIDUALS,2023NEA01GAP1,TO SUPPORT OPPORTUNITIES FOR ALL PEOPLE TO PARTICIPATE IN THE ARTS AND ARTS EDUCATION.,04,PROJECT GRANT (B),,,,,PURPOSE: TO SUPPORT A COMMUNITY ENGAGEMENT PROGRAM AND CONCERT.,PURPOSE: TO SUPPORT A COMMUNITY ENGAGEMENT PROGRAM AND CONCERT.,NON,NOT RECOVERY ACT,M,NONPROFIT WITH 501C3 IRS STATUS (OTHER THAN AN INSTITUTION OF HIGHER EDUCATION),,,A1,New Award,2,NON-AGGREGATE RECORD,,,,,,,,,,,https://www.usaspending.gov/award/ASST_NON_1918377-31-24_417/,2023-12-20 19:43:04.632613+00,2023-12-20 19:43:04.632613+00,recipient county outside NYC
5920_1919517-28-24_-NONE-_45.024_-NONE-,ASST_NON_1919517-28-24_417,1919517-28-24,,,SAI EXEMPT,20000.00,20000.00,20000.00,0.00,0.00,0.00,0.00,0.00,0.00,0.00,20000.00,Q: Not Designated Nonemergency/Emergency/Disaster/Wildfire Suppression,,,,,2024-03-14,2024,2024-01-01,2024-12-31,417,National Endowment for the Arts,5920,National Endowment for the Arts,593105,NATIONAL ENDOWMENT FOR THE ARTS,417,National Endowment for the Arts,5920,National Endowment for the Arts,593105,NATIONAL ENDOWMENT FOR THE ARTS,417-X-0100-000,417-0100,"41.0: Grants, subsidies, and contributions",0001: PROMOTION OF THE ARTS,ZG6GAL2GFN93,,"RHINEBECK WRITERS RETREAT, INC.",RHINEBECK WRITERS RETREAT INC.,,,,,USA,UNITED STATES,7 HUMMINGBIRD WAY,,70552,STAATSBURG,36027,DUTCHESS,36,NY,NEW YORK,12580,6230,NY-18,NY-18,,,,STATE-WIDE,USA,UNITED STATES,NY*****,,,,36,NEW YORK,,NY-18,,,45.024,PROMOTION OF THE ARTS GRANTS TO ORGANIZATIONS AND INDIVIDUALS,2023NEA01GAP1,TO SUPPORT OPPORTUNITIES FOR ALL PEOPLE TO PARTICIPATE IN THE ARTS AND ARTS EDUCATION.,04,PROJECT GRANT (B),,,,,PURPOSE: TO SUPPORT DEVELOPMENTAL RESIDENCIES FOR MUSICAL THEATER WRITING TEAMS.,PURPOSE: TO SUPPORT DEVELOPMENTAL RESIDENCIES FOR MUSICAL THEATER WRITING TEAMS.,NON,NOT RECOVERY ACT,M,NONPROFIT WITH 501C3 IRS STATUS (OTHER THAN AN INSTITUTION OF HIGHER EDUCATION),,,A1,New Award,2,NON-AGGREGATE RECORD,,,,,,,,,,,https://www.usaspending.gov/award/ASST_NON_1919517-28-24_417/,2024-03-25 17:53:19.983993+00,2024-03-25 17:53:19.983993+00,recipient county outside NYC
5920_1919548-44-24_-NONE-_45.024_-NONE-,ASST_NON_1919548-44-24_417,1919548-44-24,,,SAI EXEMPT,50000.00,50000.00,50000.00,41301.00,0.00,0.00,0.00,0.00,0.00,0.00,50000.00,Q: Not Designated Nonemergency/Emergency/Disaster/Wildfire Suppression,,,,,2023-12-20,2024,2024-01-01,2024-07-31,417,National Endowment for the Arts,5920,National Endowment for the Arts,593105,NATIONAL ENDOWMENT FOR THE ARTS,417,National Endowment for the Arts,5920,National Endowment for the Arts,593105,NATIONAL ENDOWMENT FOR THE ARTS,417-X-0100-000,417-0100,"41.0: Grants, subsidies, and contributions",0001: PROMOTION OF THE ARTS,E7K5XSFYLYG5,,BUFFALO FINE ARTS ACADEMY,BUFFALO FINE ARTS ACADEMY,,,,,USA,UNITED STATES,1285 ELMWOOD AVE,,11000,BUFFALO,36029,ERIE,36,NY,NEW YORK,14222,1003,NY-26,NY-26,,,,STATE-WIDE,USA,UNITED STATES,NY*****,,,,36,NEW YORK,,NY-26,,,45.024,PROMOTION OF THE ARTS GRANTS TO ORGANIZATIONS AND INDIVIDUALS,2023NEA01GAP1,TO SUPPORT OPPORTUNITIES FOR ALL PEOPLE TO PARTICIPATE IN THE ARTS AND ARTS EDUCATION.,04,PROJECT GRANT (B),,,,,PURPOSE: TO SUPPORT A SURVEY EXHIBITION AT THE ALBRIGHT-KNOX ART GALLERY FEATURING THE WORK OF ABSTRACT PAINTER STANLEY WHITNEY.,PURPOSE: TO SUPPORT A SURVEY EXHIBITION AT THE ALBRIGHT-KNOX ART GALLERY FEATURING THE WORK OF ABSTRACT PAINTER STANLEY WHITNEY.,NON,NOT RECOVERY ACT,M,NONPROFIT WITH 501C3 IRS STATUS (OTHER THAN AN INSTITUTION OF HIGHER EDUCATION),,,A1,New Award,2,NON-AGGREGATE RECORD,,,,,,,,,,,https://www.usaspending.gov/award/ASST_NON_1919548-44-24_417/,2023-12-20 19:43:04.632613+00,2023-12-20 19:43:04.632613+00,recipient county outside NYC
5920_1919559-52-24_-NONE-_45.024_-NONE-,ASST_NON_1919559-52-24_417,1919559-52-24,,,SAI EXEMPT,45000.00,45000.00,45000.00,0.00,0.00,0.00,0.00,0.00,0.00,0.00,45000.00,Q: Not Designated Nonemergency/Emergency/Disaster/Wildfire Suppression,,,,,2024-01-23,2024,2024-01-01,2024-12-31,417,National Endowment for the Arts,5920,National Endowment for the Arts,593105,NATIONAL ENDOWMENT FOR THE ARTS,417,National Endowment for the Arts,5920,National Endowment for the Arts,593105,NATIONAL ENDOWMENT FOR THE ARTS,417-X-0100-000,417-0100,"41.0: Grants, subsidies, and contributions",0001: PROMOTION OF THE ARTS,EHM7Y612AXJ3,,BOA EDITIONS LTD,BOA EDITIONS  LTD.,XV36WDGDJ1A7,,"BOA EDITIONS, LTD.","BOA EDITIONS, LTD.",USA,UNITED STATES,250 N GOODMAN ST,STE 306,63000,ROCHESTER,36055,MONROE,36,NY,NEW YORK,14607,1198,NY-25,NY-25,,,,STATE-WIDE,USA,UNITED STATES,NY*****,,,,36,NEW YORK,,NY-25,,,45.024,PROMOTION OF THE ARTS GRANTS TO ORGANIZATIONS AND INDIVIDUALS,2023NEA01GAP1,TO SUPPORT OPPORTUNITIES FOR ALL PEOPLE TO PARTICIPATE IN THE ARTS AND ARTS EDUCATION.,04,PROJECT GRANT (B),,,,,PURPOSE: TO SUPPORT THE PUBLICATION AND PROMOTION OF BOOKS OF POETRY.,PURPOSE: TO SUPPORT THE PUBLICATION AND PROMOTION OF BOOKS OF POETRY.,NON,NOT RECOVERY ACT,M,NONPROFIT WITH 501C3 IRS STATUS (OTHER THAN AN INSTITUTION OF HIGHER EDUCATION),,,A1,New Award,2,NON-AGGREGATE RECORD,,,,,,,,,,,https://www.usaspending.gov/award/ASST_NON_1919559-52-24_417/,2024-01-26 17:31:39.918365+00,2024-01-26 17:31:39.918365+00,recipient county outside NYC
5920_1919651-62-24_-NONE-_45.024_-NONE-,ASST_NON_1919651-62-24_417,1919651-62-24,,,SAI EXEMPT,20000.00,20000.00,20000.00,0.00,0.00,0.00,0.00,0.00,0.00,0.00,20000.00,Q: Not Designated Nonemergency/Emergency/Disaster/Wildfire Suppression,,,,,2024-01-03,2024,2024-01-01,2025-12-31,417,National Endowment for the Arts,5920,National Endowment for the Arts,593105,NATIONAL ENDOWMENT FOR THE ARTS,417,National Endowment for the Arts,5920,National Endowment for the Arts,593105,NATIONAL ENDOWMENT FOR THE ARTS,417-X-0100-000,417-0100,"41.0: Grants, subsidies, and contributions",0001: PROMOTION OF THE ARTS,GC93LANBHFK7,,ARTS SERVICES INITIATIVE OF WESTERN NEW YORK INC,ARTS SERVICES INITIATIVE OF WESTERN NEW YORK  INC.,,,,,USA,UNITED STATES,2495 MAIN ST,STE 422,11000,BUFFALO,36029,ERIE,36,NY,NEW YORK,14214,2153,NY-26,NY-26,,,,STATE-WIDE,USA,UNITED STATES,NY*****,,,,36,NEW YORK,,NY-26,,,45.024,PROMOTION OF THE ARTS GRANTS TO ORGANIZATIONS AND INDIVIDUALS,2023NEA01GAP1,TO SUPPORT OPPORTUNITIES FOR ALL PEOPLE TO PARTICIPATE IN THE ARTS AND ARTS EDUCATION.,04,PROJECT GRANT (B),,,,,PURPOSE:&NBSP;TO SUPPORT THE ARTS ACCESS PROGRAM  WHICH PROVIDES ARTS OPPORTUNITIES TO RESIDENTS RECEIVING PUBLIC ASSISTANCE IN WESTERN NEW YORK.,PURPOSE:&NBSP;TO SUPPORT THE ARTS ACCESS PROGRAM  WHICH PROVIDES ARTS OPPORTUNITIES TO RESIDENTS RECEIVING PUBLIC ASSISTANCE IN WESTERN NEW YORK.,NON,NOT RECOVERY ACT,M,NONPROFIT WITH 501C3 IRS STATUS (OTHER THAN AN INSTITUTION OF HIGHER EDUCATION),,,A1,New Award,2,NON-AGGREGATE RECORD,,,,,,,,,,,https://www.usaspending.gov/award/ASST_NON_1919651-62-24_417/,2024-01-26 17:31:39.918365+00,2024-01-26 17:31:39.918365+00,recipient county outside NYC
5920_1919653-54-24_-NONE-_45.024_-NONE-,ASST_NON_1919653-54-24_417,1919653-54-24,,,SAI EXEMPT,15000.00,15000.00,15000.00,0.00,0.00,0.00,0.00,0.00,0.00,0.00,15000.00,Q: Not Designated Nonemergency/Emergency/Disaster/Wildfire Suppression,,,,,2024-03-14,2024,2024-01-01,2024-12-31,417,National Endowment for the Arts,5920,National Endowment for the Arts,593105,NATIONAL ENDOWMENT FOR THE ARTS,417,National Endowment for the Arts,5920,National Endowment for the Arts,593105,NATIONAL ENDOWMENT FOR THE ARTS,417-X-0100-000,417-0100,"41.0: Grants, subsidies, and contributions",0001: PROMOTION OF THE ARTS,MFKLPV5CVA79,,"HUDSON OPERA HOUSE, INC.",HUDSON OPERA HOUSE  INC.,,,,,USA,UNITED STATES,327 WARREN ST,,35969,HUDSON,36021,COLUMBIA,36,NY,NEW YORK,12534,2413,NY-19,NY-19,,,,STATE-WIDE,USA,UNITED STATES,NY*****,,,,36,NEW YORK,,NY-19,,,45.024,PROMOTION OF THE ARTS GRANTS TO ORGANIZATIONS AND INDIVIDUALS,2023NEA01GAP1,TO SUPPORT OPPORTUNITIES FOR ALL PEOPLE TO PARTICIPATE IN THE ARTS AND ARTS EDUCATION.,04,PROJECT GRANT (B),,,,,PURPOSE: TO SUPPORT MULTIDISCIPLINARY ARTS PROGRAMMING AT HUDSON HALL.,PURPOSE: TO SUPPORT MULTIDISCIPLINARY ARTS PROGRAMMING AT HUDSON HALL.,NON,NOT RECOVERY ACT,M,NONPROFIT WITH 501C3 IRS STATUS (OTHER THAN AN INSTITUTION OF HIGHER EDUCATION),,,A1,New Award,2,NON-AGGREGATE RECORD,,,,,,,,,,,https://www.usaspending.gov/award/ASST_NON_1919653-54-24_417/,2024-03-25 17:53:19.983993+00,2024-03-25 17:53:19.983993+00,recipient county outside NYC
5920_1919731-44-24_-NONE-_45.024_-NONE-,ASST_NON_1919731-44-24_417,1919731-44-24,,,SAI EXEMPT,25000.00,25000.00,25000.00,0.00,0.00,0.00,0.00,0.00,0.00,0.00,25000.00,Q: Not Designated Nonemergency/Emergency/Disaster/Wildfire Suppression,,,,,2024-04-04,2024,2024-01-01,2024-12-31,417,National Endowment for the Arts,5920,National Endowment for the Arts,593105,NATIONAL ENDOWMENT FOR THE ARTS,417,National Endowment for the Arts,5920,National Endowment for the Arts,593105,NATIONAL ENDOWMENT FOR THE ARTS,417-X-0100-000,417-0100,"41.0: Grants, subsidies, and contributions",0001: PROMOTION OF THE ARTS,F5FSRD8MFEC5,,THE ROCKWELL MUSEUM,ROCKWELL MUSEUM,VZB6UMP9NES9,,,,USA,UNITED STATES,111 CEDAR ST,,18256,CORNING,36101,STEUBEN,36,NY,NEW YORK,14830,2632,NY-23,NY-23,,,,STATE-WIDE,USA,UNITED STATES,NY*****,,,,36,NEW YORK,,NY-23,,,45.024,PROMOTION OF THE ARTS GRANTS TO ORGANIZATIONS AND INDIVIDUALS,2023NEA01GAP1,TO SUPPORT OPPORTUNITIES FOR ALL PEOPLE TO PARTICIPATE IN THE ARTS AND ARTS EDUCATION.,04,PROJECT GRANT (B),,,,,PURPOSE: TO SUPPORT ARTS EDUCATION PROGRAMMING FOR HIGH SCHOOL STUDENTS.&NBSP;,PURPOSE: TO SUPPORT ARTS EDUCATION PROGRAMMING FOR HIGH SCHOOL STUDENTS.&NBSP;,NON,NOT RECOVERY ACT,M,NONPROFIT WITH 501C3 IRS STATUS (OTHER THAN AN INSTITUTION OF HIGHER EDUCATION),,,A1,New Award,2,NON-AGGREGATE RECORD,,,,,,,,,,,https://www.usaspending.gov/award/ASST_NON_1919731-44-24_417/,2024-04-24 19:01:12.217324+00,2024-04-24 19:01:12.217324+00,recipient county outside NYC
5920_1919814-34-24_-NONE-_45.024_-NONE-,ASST_NON_1919814-34-24_417,1919814-34-24,,,SAI EXEMPT,35000.00,35000.00,35000.00,12500.00,0.00,0.00,0.00,0.00,0.00,0.00,35000.00,Q: Not Designated Nonemergency/Emergency/Disaster/Wildfire Suppression,,,,,2024-03-19,2024,2024-01-01,2025-07-31,417,National Endowment for the Arts,5920,National Endowment for the Arts,593105,NATIONAL ENDOWMENT FOR THE ARTS,417,National Endowment for the Arts,5920,National Endowment for the Arts,593105,NATIONAL ENDOWMENT FOR THE ARTS,417-X-0100-000,417-0100,"41.0: Grants, subsidies, and contributions",0001: PROMOTION OF THE ARTS,E9WAC5K72S53,,STOCKADE WORKS INC,STOCKADE WORKS INC,,,,,USA,UNITED STATES,1 TOMSONS RD STE 800,,65288,SAUGERTIES,36111,ULSTER,36,NY,NEW YORK,12477,5121,NY-18,NY-18,,,,STATE-WIDE,USA,UNITED STATES,NY*****,,,,36,NEW YORK,,NY-18,,,45.024,PROMOTION OF THE ARTS GRANTS TO ORGANIZATIONS AND INDIVIDUALS,2023NEA01GAP1,TO SUPPORT OPPORTUNITIES FOR ALL PEOPLE TO PARTICIPATE IN THE ARTS AND ARTS EDUCATION.,04,PROJECT GRANT (B),,,,,PURPOSE: TO SUPPORT A WORKFORCE DEVELOPMENT TRAINING PROGRAM IN FILM AND TELEVISION PRODUCTION FOR HIGH SCHOOL STUDENTS IN THE HUDSON VALLEY AREA.,PURPOSE: TO SUPPORT A WORKFORCE DEVELOPMENT TRAINING PROGRAM IN FILM AND TELEVISION PRODUCTION FOR HIGH SCHOOL STUDENTS IN THE HUDSON VALLEY AREA.,NON,NOT RECOVERY ACT,M,NONPROFIT WITH 501C3 IRS STATUS (OTHER THAN AN INSTITUTION OF HIGHER EDUCATION),,,A1,New Award,2,NON-AGGREGATE RECORD,,,,,,,,,,,https://www.usaspending.gov/award/ASST_NON_1919814-34-24_417/,2024-03-25 17:53:19.983993+00,2024-03-25 17:53:19.983993+00,recipient county outside NYC
5920_1919916-31-24_-NONE-_45.024_-NONE-,ASST_NON_1919916-31-24_417,1919916-31-24,,,SAI EXEMPT,25000.00,25000.00,25000.00,0.00,0.00,0.00,0.00,0.00,0.00,0.00,25000.00,Q: Not Designated Nonemergency/Emergency/Disaster/Wildfire Suppression,,,,,2024-01-03,2024,2024-01-01,2024-06-30,417,National Endowment for the Arts,5920,National Endowment for the Arts,593105,NATIONAL ENDOWMENT FOR THE ARTS,417,National Endowment for the Arts,5920,National Endowment for the Arts,593105,NATIONAL ENDOWMENT FOR THE ARTS,417-X-0100-000,417-0100,"41.0: Grants, subsidies, and contributions",0001: PROMOTION OF THE ARTS,YYNAC1GN4P35,,"ROCHESTER PHILHARMONIC ORCHESTRA, INC.",ROCHESTER PHILHARMONIC ORCHESTRA  INC.,,,,,USA,UNITED STATES,255 EAST AVE STE LL02,,63000,ROCHESTER,36055,MONROE,36,NY,NEW YORK,14604,2625,NY-25,NY-25,,,,STATE-WIDE,USA,UNITED STATES,NY*****,,,,36,NEW YORK,,NY-25,,,45.024,PROMOTION OF THE ARTS GRANTS TO ORGANIZATIONS AND INDIVIDUALS,2023NEA01GAP1,TO SUPPORT OPPORTUNITIES FOR ALL PEOPLE TO PARTICIPATE IN THE ARTS AND ARTS EDUCATION.,04,PROJECT GRANT (B),,,,,PURPOSE: TO SUPPORT STAFF SALARIES AND ARTIST FEES FOR A PERFORMANCE PROJECT.&NBSP;,PURPOSE: TO SUPPORT STAFF SALARIES AND ARTIST FEES FOR A PERFORMANCE PROJECT.&NBSP;,NON,NOT RECOVERY ACT,M,NONPROFIT WITH 501C3 IRS STATUS (OTHER THAN AN INSTITUTION OF HIGHER EDUCATION),,,A1,New Award,2,NON-AGGREGATE RECORD,,,,,,,,,,,https://www.usaspending.gov/award/ASST_NON_1919916-31-24_417/,2024-01-26 17:31:39.918365+00,2024-01-26 17:31:39.918365+00,recipient county outside NYC
5920_1920021-34-24_-NONE-_45.024_-NONE-,ASST_NON_1920021-34-24_417,1920021-34-24,,,SAI EXEMPT,25000.00,25000.00,25000.00,0.00,0.00,0.00,0.00,0.00,0.00,0.00,25000.00,Q: Not Designated Nonemergency/Emergency/Disaster/Wildfire Suppression,,,,,2023-12-20,2024,2024-01-01,2024-12-31,417,National Endowment for the Arts,5920,National Endowment for the Arts,593105,NATIONAL ENDOWMENT FOR THE ARTS,417,National Endowment for the Arts,5920,National Endowment for the Arts,593105,NATIONAL ENDOWMENT FOR THE ARTS,417-X-0100-000,417-0100,"41.0: Grants, subsidies, and contributions",0001: PROMOTION OF THE ARTS,JSB3YLYVB2G5,,WAVE FARM INC,WAVE FARM INC.,,,,,USA,UNITED STATES,5662 ROUTE 23,,00177,ACRA,36039,GREENE,36,NY,NEW YORK,12405,1026,NY-19,NY-19,,,,STATE-WIDE,USA,UNITED STATES,NY*****,,,,36,NEW YORK,,NY-19,,,45.024,PROMOTION OF THE ARTS GRANTS TO ORGANIZATIONS AND INDIVIDUALS,2023NEA01GAP1,TO SUPPORT OPPORTUNITIES FOR ALL PEOPLE TO PARTICIPATE IN THE ARTS AND ARTS EDUCATION.,04,PROJECT GRANT (B),,,,,PURPOSE: TO SUPPORT ARTISTIC AND PROFESSIONAL DEVELOPMENT PROGRAMS FOR RADIO TRANSMISSION ARTISTS.,PURPOSE: TO SUPPORT ARTISTIC AND PROFESSIONAL DEVELOPMENT PROGRAMS FOR RADIO TRANSMISSION ARTISTS.,NON,NOT RECOVERY ACT,M,NONPROFIT WITH 501C3 IRS STATUS (OTHER THAN AN INSTITUTION OF HIGHER EDUCATION),,,A1,New Award,2,NON-AGGREGATE RECORD,,,,,,,,,,,https://www.usaspending.gov/award/ASST_NON_1920021-34-24_417/,2023-12-20 19:43:04.632613+00,2023-12-20 19:43:04.632613+00,recipient county outside NYC
5920_1920036-41-24_-NONE-_45.024_-NONE-,ASST_NON_1920036-41-24_417,1920036-41-24,,,SAI EXEMPT,25000.00,25000.00,25000.00,0.00,0.00,0.00,0.00,0.00,0.00,0.00,25000.00,Q: Not Designated Nonemergency/Emergency/Disaster/Wildfire Suppression,,,,,2024-03-19,2024,2024-01-01,2024-12-31,417,National Endowment for the Arts,5920,National Endowment for the Arts,593105,NATIONAL ENDOWMENT FOR THE ARTS,417,National Endowment for the Arts,5920,National Endowment for the Arts,593105,NATIONAL ENDOWMENT FOR THE ARTS,417-X-0100-000,417-0100,"41.0: Grants, subsidies, and contributions",0001: PROMOTION OF THE ARTS,EUYYDFEY92J3,,CENTER FOR PHOTOGRAPHY AT WOODSTOCK  INC.,CENTER FOR PHOTOGRAPHY AT WOODSTOCK  INC.,,,,,USA,UNITED STATES,474 BROADWAY,,39727,KINGSTON,36111,ULSTER,36,NY,NEW YORK,12401,4630,NY-18,NY-18,,,,STATE-WIDE,USA,UNITED STATES,NY*****,,,,36,NEW YORK,,NY-18,,,45.024,PROMOTION OF THE ARTS GRANTS TO ORGANIZATIONS AND INDIVIDUALS,2023NEA01GAP1,TO SUPPORT OPPORTUNITIES FOR ALL PEOPLE TO PARTICIPATE IN THE ARTS AND ARTS EDUCATION.,04,PROJECT GRANT (B),,,,,PURPOSE: TO SUPPORT A PHOTOGRAPHY RESIDENCY PROGRAM.,PURPOSE: TO SUPPORT A PHOTOGRAPHY RESIDENCY PROGRAM.,NON,NOT RECOVERY ACT,M,NONPROFIT WITH 501C3 IRS STATUS (OTHER THAN AN INSTITUTION OF HIGHER EDUCATION),,,A1,New Award,2,NON-AGGREGATE RECORD,,,,,,,,,,,https://www.usaspending.gov/award/ASST_NON_1920036-41-24_417/,2024-03-25 17:53:19.983993+00,2024-03-25 17:53:19.983993+00,recipient county outside NYC
5920_1920100-55-24_-NONE-_45.024_-NONE-,ASST_NON_1920100-55-24_417,1920100-55-24,,,SAI EXEMPT,12000.00,12000.00,12000.00,0.00,0.00,0.00,0.00,0.00,0.00,0.00,12000.00,Q: Not Designated Nonemergency/Emergency/Disaster/Wildfire Suppression,,,,,2024-02-23,2024,2024-01-01,2024-12-31,417,National Endowment for the Arts,5920,National Endowment for the Arts,593105,NATIONAL ENDOWMENT FOR THE ARTS,417,National Endowment for the Arts,5920,National Endowment for the Arts,593105,NATIONAL ENDOWMENT FOR THE ARTS,417-X-0100-000,417-0100,"41.0: Grants, subsidies, and contributions",0001: PROMOTION OF THE ARTS,KPJTYM4M2F35,,CHIKU AWALI AFRICAN DANCE ARTS & CULTURE INC,CHIKU AWALI AFRICAN DANCE  ARTS & CULTURE  INC.,,,,,USA,UNITED STATES,76 RAMAPO AVE,,71894,SUFFERN,36087,ROCKLAND,36,NY,NEW YORK,10901,5919,NY-17,NY-17,,,,STATE-WIDE,USA,UNITED STATES,NY*****,,,,36,NEW YORK,,NY-17,,,45.024,PROMOTION OF THE ARTS GRANTS TO ORGANIZATIONS AND INDIVIDUALS,2023NEA01GAP1,TO SUPPORT OPPORTUNITIES FOR ALL PEOPLE TO PARTICIPATE IN THE ARTS AND ARTS EDUCATION.,04,PROJECT GRANT (B),,,,,PURPOSE: TO SUPPORT TRADITIONAL AFRICAN PERFORMING ARTS CLASSES.,PURPOSE: TO SUPPORT TRADITIONAL AFRICAN PERFORMING ARTS CLASSES.,NON,NOT RECOVERY ACT,M,NONPROFIT WITH 501C3 IRS STATUS (OTHER THAN AN INSTITUTION OF HIGHER EDUCATION),,,A1,New Award,2,NON-AGGREGATE RECORD,,,,,,,,,,,https://www.usaspending.gov/award/ASST_NON_1920100-55-24_417/,2024-02-28 14:35:32.035384+00,2024-02-28 14:35:32.035384+00,recipient county outside NYC
5920_1920124-72-24_-NONE-_45.024_-NONE-,ASST_NON_1920124-72-24_417,1920124-72-24,,,SAI EXEMPT,20000.00,20000.00,20000.00,0.00,0.00,0.00,0.00,0.00,0.00,0.00,20000.00,Q: Not Designated Nonemergency/Emergency/Disaster/Wildfire Suppression,,,,,2024-03-06,2024,2024-01-01,2024-12-31,417,National Endowment for the Arts,5920,National Endowment for the Arts,593105,NATIONAL ENDOWMENT FOR THE ARTS,417,National Endowment for the Arts,5920,National Endowment for the Arts,593105,NATIONAL ENDOWMENT FOR THE ARTS,417-X-0100-000,417-0100,"41.0: Grants, subsidies, and contributions",0001: PROMOTION OF THE ARTS,QM8EPM36PEX9,,THE CORPORATION OF YADDO,CORPORATION OF YADDO,,,,,USA,UNITED STATES,312 UNION AVE,,65255,SARATOGA SPRINGS,36091,SARATOGA,36,NY,NEW YORK,12866,6420,NY-20,NY-20,,,,STATE-WIDE,USA,UNITED STATES,NY*****,,,,36,NEW YORK,,NY-20,,,45.024,PROMOTION OF THE ARTS GRANTS TO ORGANIZATIONS AND INDIVIDUALS,2023NEA01GAP1,TO SUPPORT OPPORTUNITIES FOR ALL PEOPLE TO PARTICIPATE IN THE ARTS AND ARTS EDUCATION.,04,PROJECT GRANT (B),,,,,PURPOSE: TO SUPPORT AN ARTIST RESIDENCY PROGRAM.,PURPOSE: TO SUPPORT AN ARTIST RESIDENCY PROGRAM.,NON,NOT RECOVERY ACT,M,NONPROFIT WITH 501C3 IRS STATUS (OTHER THAN AN INSTITUTION OF HIGHER EDUCATION),,,A1,New Award,2,NON-AGGREGATE RECORD,,,,,,,,,,,https://www.usaspending.gov/award/ASST_NON_1920124-72-24_417/,2024-03-25 17:53:19.983993+00,2024-03-25 17:53:19.983993+00,recipient county outside NYC
5920_1920161-41-24_-NONE-_45.024_-NONE-,ASST_NON_1920161-41-24_417,1920161-41-24,,,SAI EXEMPT,20000.00,20000.00,20000.00,0.00,0.00,0.00,0.00,0.00,0.00,0.00,20000.00,Q: Not Designated Nonemergency/Emergency/Disaster/Wildfire Suppression,,,,,2024-03-14,2024,2024-01-01,2024-12-31,417,National Endowment for the Arts,5920,National Endowment for the Arts,593105,NATIONAL ENDOWMENT FOR THE ARTS,417,National Endowment for the Arts,5920,National Endowment for the Arts,593105,NATIONAL ENDOWMENT FOR THE ARTS,417-X-0100-000,417-0100,"41.0: Grants, subsidies, and contributions",0001: PROMOTION OF THE ARTS,LJ46XZW2M4P9,,"AHL FOUNDATION, INC.",AHL FOUNDATION  INC.,,,,,USA,UNITED STATES,545 ASHAROKEN AVE,,53396,NORTHPORT,36103,SUFFOLK,36,NY,NEW YORK,11768,1121,NY-01,NY-01,,,,STATE-WIDE,USA,UNITED STATES,NY*****,,,,36,NEW YORK,,NY-01,,,45.024,PROMOTION OF THE ARTS GRANTS TO ORGANIZATIONS AND INDIVIDUALS,2023NEA01GAP1,TO SUPPORT OPPORTUNITIES FOR ALL PEOPLE TO PARTICIPATE IN THE ARTS AND ARTS EDUCATION.,04,PROJECT GRANT (B),,,,,PURPOSE: TO SUPPORT AN EXHIBITION SERIES FEATURING GROUP AND SOLO SHOWS BY EMERGING AND ESTABLISHED ARTISTS FROM THE KOREAN DIASPORA.,PURPOSE: TO SUPPORT AN EXHIBITION SERIES FEATURING GROUP AND SOLO SHOWS BY EMERGING AND ESTABLISHED ARTISTS FROM THE KOREAN DIASPORA.,NON,NOT RECOVERY ACT,M,NONPROFIT WITH 501C3 IRS STATUS (OTHER THAN AN INSTITUTION OF HIGHER EDUCATION),,,A1,New Award,2,NON-AGGREGATE RECORD,,,,,,,,,,,https://www.usaspending.gov/award/ASST_NON_1920161-41-24_417/,2024-03-25 17:53:19.983993+00,2024-03-25 17:53:19.983993+00,recipient county outside NYC
5920_1920234-51-24_-NONE-_45.024_-NONE-,ASST_NON_1920234-51-24_417,1920234-51-24,,,SAI EXEMPT,12000.00,12000.00,12000.00,0.00,0.00,0.00,0.00,0.00,0.00,0.00,12000.00,Q: Not Designated Nonemergency/Emergency/Disaster/Wildfire Suppression,,,,,2024-02-09,2024,2024-01-01,2024-12-31,417,National Endowment for the Arts,5920,National Endowment for the Arts,593105,NATIONAL ENDOWMENT FOR THE ARTS,417,National Endowment for the Arts,5920,National Endowment for the Arts,593105,NATIONAL ENDOWMENT FOR THE ARTS,417-X-0100-000,417-0100,"41.0: Grants, subsidies, and contributions",0001: PROMOTION OF THE ARTS,JXXRBH1A9VK3,,"STRAWTOWN ART & GARDEN STUDIO, INC",STRAWTOWN ART & GARDEN STUDIO INC.,,,,,USA,UNITED STATES,55 WEST RAILROAD AVENUE BLDG 10A,,26902,FORT MONTGOMERY,36071,ORANGE,36,NY,NEW YORK,10922,,NY-17,NY-18,,,,STATE-WIDE,USA,UNITED STATES,NY*****,,,,36,NEW YORK,,NY-17,,,45.024,PROMOTION OF THE ARTS GRANTS TO ORGANIZATIONS AND INDIVIDUALS,2023NEA01GAP1,TO SUPPORT OPPORTUNITIES FOR ALL PEOPLE TO PARTICIPATE IN THE ARTS AND ARTS EDUCATION.,04,PROJECT GRANT (B),,,,,PURPOSE: TO SUPPORT INHABIT ART  A FREE VISUAL ART AND NATURE-DISCOVERY PROGRAM FOR YOUTH AT THE HAVERSTRAW CENTER.,PURPOSE: TO SUPPORT INHABIT ART  A FREE VISUAL ART AND NATURE-DISCOVERY PROGRAM FOR YOUTH AT THE HAVERSTRAW CENTER.,NON,NOT RECOVERY ACT,M,NONPROFIT WITH 501C3 IRS STATUS (OTHER THAN AN INSTITUTION OF HIGHER EDUCATION),,,A1,New Award,2,NON-AGGREGATE RECORD,,,,,,,,,,,https://www.usaspending.gov/award/ASST_NON_1920234-51-24_417/,2024-02-28 14:35:32.035384+00,2024-02-28 14:35:32.035384+00,recipient county outside NYC
5920_1920394-72-24_-NONE-_45.024_-NONE-,ASST_NON_1920394-72-24_417,1920394-72-24,,,SAI EXEMPT,15000.00,15000.00,15000.00,0.00,0.00,0.00,0.00,0.00,0.00,0.00,15000.00,Q: Not Designated Nonemergency/Emergency/Disaster/Wildfire Suppression,,,,,2024-04-23,2024,2024-05-01,2024-12-31,417,National Endowment for the Arts,5920,National Endowment for the Arts,593105,NATIONAL ENDOWMENT FOR THE ARTS,417,National Endowment for the Arts,5920,National Endowment for the Arts,593105,NATIONAL ENDOWMENT FOR THE ARTS,417-X-0100-000,417-0100,"41.0: Grants, subsidies, and contributions",0001: PROMOTION OF THE ARTS,KAJXFC8M4NQ8,,"THE LIGHTHOUSE WORKS, INC",LIGHTHOUSE WORKS  INC.,KAJXFC8M4NQ8,,"THE LIGHTHOUSE WORKS, INC",,USA,UNITED STATES,1070 MONTAUK AVE,,25923,FISHERS ISLAND,36103,SUFFOLK,36,NY,NEW YORK,06390,7771,NY-01,NY-01,,,,STATE-WIDE,USA,UNITED STATES,NY*****,,,,36,NEW YORK,,NY-01,,,45.024,PROMOTION OF THE ARTS GRANTS TO ORGANIZATIONS AND INDIVIDUALS,2023NEA01GAP1,TO SUPPORT OPPORTUNITIES FOR ALL PEOPLE TO PARTICIPATE IN THE ARTS AND ARTS EDUCATION.,04,PROJECT GRANT (B),,,,,PURPOSE: TO SUPPORT AN ARTIST RESIDENCY FELLOWSHIP PROGRAM.,PURPOSE: TO SUPPORT AN ARTIST RESIDENCY FELLOWSHIP PROGRAM.,NON,NOT RECOVERY ACT,M,NONPROFIT WITH 501C3 IRS STATUS (OTHER THAN AN INSTITUTION OF HIGHER EDUCATION),,,A1,New Award,2,NON-AGGREGATE RECORD,,,,,,,,,,,https://www.usaspending.gov/award/ASST_NON_1920394-72-24_417/,2024-04-24 19:01:12.217324+00,2024-04-24 19:01:12.217324+00,recipient county outside NYC
5920_1920424-62-24_-NONE-_45.024_-NONE-,ASST_NON_1920424-62-24_417,1920424-62-24,,,SAI EXEMPT,30000.00,30000.00,30000.00,0.00,0.00,0.00,0.00,0.00,0.00,0.00,30000.00,Q: Not Designated Nonemergency/Emergency/Disaster/Wildfire Suppression,,,,,2024-01-03,2024,2024-01-01,2025-01-31,417,National Endowment for the Arts,5920,National Endowment for the Arts,593105,NATIONAL ENDOWMENT FOR THE ARTS,417,National Endowment for the Arts,5920,National Endowment for the Arts,593105,NATIONAL ENDOWMENT FOR THE ARTS,417-X-0100-000,417-0100,"41.0: Grants, subsidies, and contributions",0001: PROMOTION OF THE ARTS,U8S6LQLLQ3C7,,CNY ARTS INC,CNY ARTS  INC.,,,,,USA,UNITED STATES,421 MONTGOMERY ST,,73000,SYRACUSE,36067,ONONDAGA,36,NY,NEW YORK,13202,2923,NY-22,NY-22,,,,STATE-WIDE,USA,UNITED STATES,NY*****,,,,36,NEW YORK,,NY-22,,,45.024,PROMOTION OF THE ARTS GRANTS TO ORGANIZATIONS AND INDIVIDUALS,2023NEA01GAP1,TO SUPPORT OPPORTUNITIES FOR ALL PEOPLE TO PARTICIPATE IN THE ARTS AND ARTS EDUCATION.,04,PROJECT GRANT (B),,,,,PURPOSE: TO SUPPORT A GRANT PROGRAM FOR ARTS AND CULTURAL ORGANIZATIONS IN CENTRAL NEW YORK STATE.&NBSP;,PURPOSE: TO SUPPORT A GRANT PROGRAM FOR ARTS AND CULTURAL ORGANIZATIONS IN CENTRAL NEW YORK STATE.&NBSP;,NON,NOT RECOVERY ACT,M,NONPROFIT WITH 501C3 IRS STATUS (OTHER THAN AN INSTITUTION OF HIGHER EDUCATION),,,A1,New Award,2,NON-AGGREGATE RECORD,,,,,,,,,,,https://www.usaspending.gov/award/ASST_NON_1920424-62-24_417/,2024-01-26 17:31:39.918365+00,2024-01-26 17:31:39.918365+00,recipient county outside NYC
5920_1920451-31-24_-NONE-_45.024_-NONE-,ASST_NON_1920451-31-24_417,1920451-31-24,,,SAI EXEMPT,30000.00,30000.00,30000.00,0.00,0.00,0.00,0.00,0.00,0.00,0.00,30000.00,Q: Not Designated Nonemergency/Emergency/Disaster/Wildfire Suppression,,,,,2024-01-03,2024,2024-01-01,2024-06-30,417,National Endowment for the Arts,5920,National Endowment for the Arts,593105,NATIONAL ENDOWMENT FOR THE ARTS,417,National Endowment for the Arts,5920,National Endowment for the Arts,593105,NATIONAL ENDOWMENT FOR THE ARTS,417-X-0100-000,417-0100,"41.0: Grants, subsidies, and contributions",0001: PROMOTION OF THE ARTS,FC6TDXEV5M29,,ALBANY SYMPHONY ORCHESTRA,ALBANY SYMPHONY ORCHESTRA  INC.,,,,,USA,UNITED STATES,19 CLINTON AVE,,01000,ALBANY,36001,ALBANY,36,NY,NEW YORK,12207,2211,NY-20,NY-20,,,,STATE-WIDE,USA,UNITED STATES,NY*****,,,,36,NEW YORK,,NY-20,,,45.024,PROMOTION OF THE ARTS GRANTS TO ORGANIZATIONS AND INDIVIDUALS,2023NEA01GAP1,TO SUPPORT OPPORTUNITIES FOR ALL PEOPLE TO PARTICIPATE IN THE ARTS AND ARTS EDUCATION.,04,PROJECT GRANT (B),,,,,PURPOSE: TO SUPPORT A COMMISSIONING AND PERFORMANCE PROJECT.&NBSP;,PURPOSE: TO SUPPORT A COMMISSIONING AND PERFORMANCE PROJECT.&NBSP;,NON,NOT RECOVERY ACT,M,NONPROFIT WITH 501C3 IRS STATUS (OTHER THAN AN INSTITUTION OF HIGHER EDUCATION),,,A1,New Award,2,NON-AGGREGATE RECORD,,,,,,,,,,,https://www.usaspending.gov/award/ASST_NON_1920451-31-24_417/,2024-01-26 17:31:39.918365+00,2024-01-26 17:31:39.918365+00,recipient county outside NYC
5920_1920556-55-24_-NONE-_45.024_-NONE-,ASST_NON_1920556-55-24_417,1920556-55-24,,,SAI EXEMPT,21000.00,21000.00,21000.00,5100.00,0.00,0.00,0.00,0.00,0.00,0.00,21000.00,Q: Not Designated Nonemergency/Emergency/Disaster/Wildfire Suppression,,,,,2024-02-23,2024,2024-01-01,2025-12-31,417,National Endowment for the Arts,5920,National Endowment for the Arts,593105,NATIONAL ENDOWMENT FOR THE ARTS,417,National Endowment for the Arts,5920,National Endowment for the Arts,593105,NATIONAL ENDOWMENT FOR THE ARTS,417-X-0100-000,417-0100,"41.0: Grants, subsidies, and contributions",0001: PROMOTION OF THE ARTS,FTXFG8UEMVH3,,"NEW YORK FOLKLORE SOCIETY, INC",NEW YORK FOLKLORE SOCIETY  INC.,FTXFG8UEMVH3,,"NEW YORK FOLKLORE SOCIETY, INC",,USA,UNITED STATES,129 JAY ST,,65508,SCHENECTADY,36093,SCHENECTADY,36,NY,NEW YORK,12305,1903,NY-20,NY-20,,,,STATE-WIDE,USA,UNITED STATES,NY*****,,,,36,NEW YORK,,NY-20,,,45.024,PROMOTION OF THE ARTS GRANTS TO ORGANIZATIONS AND INDIVIDUALS,2023NEA01GAP1,TO SUPPORT OPPORTUNITIES FOR ALL PEOPLE TO PARTICIPATE IN THE ARTS AND ARTS EDUCATION.,04,PROJECT GRANT (B),,,,,PURPOSE: TO SUPPORT THE IDENTIFICATION AND DOCUMENTATION OF TRADITION BEARERS AND ARTISTS.,PURPOSE: TO SUPPORT THE IDENTIFICATION AND DOCUMENTATION OF TRADITION BEARERS AND ARTISTS.,NON,NOT RECOVERY ACT,M,NONPROFIT WITH 501C3 IRS STATUS (OTHER THAN AN INSTITUTION OF HIGHER EDUCATION),,,A1,New Award,2,NON-AGGREGATE RECORD,,,,,,,,,,,https://www.usaspending.gov/award/ASST_NON_1920556-55-24_417/,2024-02-28 14:35:32.035384+00,2024-02-28 14:35:32.035384+00,recipient county outside NYC
5920_1920556-55-24_-NONE-_45.024_3,ASST_NON_1920556-55-24_417,1920556-55-24,3,,SAI EXEMPT,0.00,21000.00,21000.00,5100.00,0.00,0.00,0.00,0.00,0.00,0.00,0.00,Q: Not Designated Nonemergency/Emergency/Disaster/Wildfire Suppression,,,,,2024-02-23,2024,2024-01-01,2025-05-31,417,National Endowment for the Arts,5920,National Endowment for the Arts,593105,NATIONAL ENDOWMENT FOR THE ARTS,417,National Endowment for the Arts,5920,National Endowment for the Arts,593105,NATIONAL ENDOWMENT FOR THE ARTS,417-X-0100-000,417-0100,"41.0: Grants, subsidies, and contributions",0001: PROMOTION OF THE ARTS,FTXFG8UEMVH3,,"NEW YORK FOLKLORE SOCIETY, INC","NEW YORK FOLKLORE SOCIETY, INC.",FTXFG8UEMVH3,,"NEW YORK FOLKLORE SOCIETY, INC",,USA,UNITED STATES,129 JAY ST,,65508,SCHENECTADY,36093,SCHENECTADY,36,NY,NEW YORK,12305,1903,NY-20,NY-20,,,,STATE-WIDE,USA,UNITED STATES,NY*****,,,,36,NEW YORK,,NY-20,,,45.024,PROMOTION OF THE ARTS GRANTS TO ORGANIZATIONS AND INDIVIDUALS,2023NEA01GAP1,TO SUPPORT OPPORTUNITIES FOR ALL PEOPLE TO PARTICIPATE IN THE ARTS AND ARTS EDUCATION.,04,PROJECT GRANT (B),,,,,PURPOSE: TO SUPPORT THE IDENTIFICATION AND DOCUMENTATION OF TRADITION BEARERS AND ARTISTS.,PURPOSE: TO SUPPORT THE IDENTIFICATION AND DOCUMENTATION OF TRADITION BEARERS AND ARTISTS.,NON,NOT RECOVERY ACT,M,NONPROFIT WITH 501C3 IRS STATUS (OTHER THAN AN INSTITUTION OF HIGHER EDUCATION),,,A1,New Award,2,NON-AGGREGATE RECORD,,,,,,,,,,,https://www.usaspending.gov/award/ASST_NON_1920556-55-24_417/,2025-05-29 15:25:04.378853+00,2025-05-29 15:25:04.378853+00,recipient county outside NYC
5920_1920662-28-24_-NONE-_45.024_-NONE-,ASST_NON_1920662-28-24_417,1920662-28-24,,,SAI EXEMPT,15000.00,15000.00,15000.00,0.00,0.00,0.00,0.00,0.00,0.00,0.00,15000.00,Q: Not Designated Nonemergency/Emergency/Disaster/Wildfire Suppression,,,,,2024-02-06,2024,2024-01-01,2024-12-31,417,National Endowment for the Arts,5920,National Endowment for the Arts,593105,NATIONAL ENDOWMENT FOR THE ARTS,417,National Endowment for the Arts,5920,National Endowment for the Arts,593105,NATIONAL ENDOWMENT FOR THE ARTS,417-X-0100-000,417-0100,"41.0: Grants, subsidies, and contributions",0001: PROMOTION OF THE ARTS,NLC7HG3K3PA9,,DEEP ARTS INC,DEEP ARTS INC.,,,,,USA,UNITED STATES,41 FRENCH RD,,63000,ROCHESTER,36055,MONROE,36,NY,NEW YORK,14618,3825,NY-25,NY-25,,,,STATE-WIDE,USA,UNITED STATES,NY*****,,,,36,NEW YORK,,NY-25,,,45.024,PROMOTION OF THE ARTS GRANTS TO ORGANIZATIONS AND INDIVIDUALS,2023NEA01GAP1,TO SUPPORT OPPORTUNITIES FOR ALL PEOPLE TO PARTICIPATE IN THE ARTS AND ARTS EDUCATION.,04,PROJECT GRANT (B),,,,,PURPOSE: TO SUPPORT THE DEVELOPMENT OF THE&NBSP;MOSES MAN: FINDING HOME MULTIDISCIPLINARY INITIATIVE.,PURPOSE: TO SUPPORT THE DEVELOPMENT OF THE&NBSP;MOSES MAN: FINDING HOME MULTIDISCIPLINARY INITIATIVE.,NON,NOT RECOVERY ACT,M,NONPROFIT WITH 501C3 IRS STATUS (OTHER THAN AN INSTITUTION OF HIGHER EDUCATION),,,A1,New Award,2,NON-AGGREGATE RECORD,,,,,,,,,,,https://www.usaspending.gov/award/ASST_NON_1920662-28-24_417/,2024-02-28 14:35:32.035384+00,2024-02-28 14:35:32.035384+00,recipient county outside NYC
5920_1920691-51-24_-NONE-_45.024_-NONE-,ASST_NON_1920691-51-24_417,1920691-51-24,,,SAI EXEMPT,25000.00,25000.00,25000.00,0.00,0.00,0.00,0.00,0.00,0.00,0.00,25000.00,Q: Not Designated Nonemergency/Emergency/Disaster/Wildfire Suppression,,,,,2023-12-20,2024,2024-01-01,2024-12-31,417,National Endowment for the Arts,5920,National Endowment for the Arts,593105,NATIONAL ENDOWMENT FOR THE ARTS,417,National Endowment for the Arts,5920,National Endowment for the Arts,593105,NATIONAL ENDOWMENT FOR THE ARTS,417-X-0100-000,417-0100,"41.0: Grants, subsidies, and contributions",0001: PROMOTION OF THE ARTS,Q6CVFVXB6P74,,BUFFALO STRING WORKS INC,BUFFALO STRING WORKS  INC.,,,,,USA,UNITED STATES,341 DELAWARE AVE,2ND FL,11000,BUFFALO,36029,ERIE,36,NY,NEW YORK,14202,1871,NY-26,NY-26,,,,STATE-WIDE,USA,UNITED STATES,NY*****,,,,36,NEW YORK,,NY-26,,,45.024,PROMOTION OF THE ARTS GRANTS TO ORGANIZATIONS AND INDIVIDUALS,2023NEA01GAP1,TO SUPPORT OPPORTUNITIES FOR ALL PEOPLE TO PARTICIPATE IN THE ARTS AND ARTS EDUCATION.,04,PROJECT GRANT (B),,,,,PURPOSE: TO SUPPORT THE EXPANSION OF A FREE ORCHESTRA PROGRAM FOR YOUTH.,PURPOSE: TO SUPPORT THE EXPANSION OF A FREE ORCHESTRA PROGRAM FOR YOUTH.,NON,NOT RECOVERY ACT,M,NONPROFIT WITH 501C3 IRS STATUS (OTHER THAN AN INSTITUTION OF HIGHER EDUCATION),,,A1,New Award,2,NON-AGGREGATE RECORD,,,,,,,,,,,https://www.usaspending.gov/award/ASST_NON_1920691-51-24_417/,2023-12-20 19:43:04.632613+00,2023-12-20 19:43:04.632613+00,recipient county outside NYC
5920_1920752-41-24_-NONE-_45.024_-NONE-,ASST_NON_1920752-41-24_417,1920752-41-24,,,SAI EXEMPT,20000.00,0.00,,0.00,0.00,0.00,0.00,0.00,0.00,0.00,20000.00,Q: Not Designated Nonemergency/Emergency/Disaster/Wildfire Suppression,,,,,2024-03-22,2024,2024-01-01,2024-12-31,417,National Endowment for the Arts,5920,National Endowment for the Arts,593105,NATIONAL ENDOWMENT FOR THE ARTS,417,National Endowment for the Arts,5920,National Endowment for the Arts,593105,NATIONAL ENDOWMENT FOR THE ARTS,417-X-0100-000,417-0100,"41.0: Grants, subsidies, and contributions",0001: PROMOTION OF THE ARTS,JBEEERT19TM6,,"STEVEN MYRON HOLL FOUNDATION, INC.",STEVEN MYRON HOLL FOUNDATION  INC.,,,,,USA,UNITED STATES,60 ROUND LAKE RD,FL 11,61346,RHINEBECK,36027,DUTCHESS,36,NY,NEW YORK,12572,3030,NY-12,NY-18,,,,STATE-WIDE,USA,UNITED STATES,NY*****,,,,36,NEW YORK,,NY-12,,,45.024,PROMOTION OF THE ARTS GRANTS TO ORGANIZATIONS AND INDIVIDUALS,2023NEA01GAP1,TO SUPPORT OPPORTUNITIES FOR ALL PEOPLE TO PARTICIPATE IN THE ARTS AND ARTS EDUCATION.,04,PROJECT GRANT (B),,,,,PURPOSE: TO SUPPORT A SITE-SPECIFIC INSTALLATION BY BROOKLYN-BASED ARTIST CHARISSE PEARLINA WESTON (B. 1988).,"PURPOSE: TO SUPPORT A
SITE-SPECIFIC INSTALLATION BY BROOKLYN-BASED ARTIST CHARISSE PEARLINA WESTON (B.
1988).",NON,NOT RECOVERY ACT,M,NONPROFIT WITH 501C3 IRS STATUS (OTHER THAN AN INSTITUTION OF HIGHER EDUCATION),,,A1,New Award,2,NON-AGGREGATE RECORD,,,,,,,,,,,https://www.usaspending.gov/award/ASST_NON_1920752-41-24_417/,2024-03-25 17:53:19.983993+00,2024-03-25 17:53:19.983993+00,recipient county outside NYC
5920_1920752-41-24_-NONE-_45.024_1.5,ASST_NON_1920752-41-24_417,1920752-41-24,1.5,,SAI EXEMPT,0.00,0.00,,0.00,0.00,0.00,0.00,0.00,0.00,0.00,0.00,Q: Not Designated Nonemergency/Emergency/Disaster/Wildfire Suppression,,,,,2024-03-22,2024,2024-01-01,2025-12-31,417,National Endowment for the Arts,5920,National Endowment for the Arts,593105,NATIONAL ENDOWMENT FOR THE ARTS,417,National Endowment for the Arts,5920,National Endowment for the Arts,593105,NATIONAL ENDOWMENT FOR THE ARTS,417-X-0100-000,417-0100,"41.0: Grants, subsidies, and contributions",0001: PROMOTION OF THE ARTS,JBEEERT19TM6,,"STEVEN MYRON HOLL FOUNDATION, INC.","STEVEN MYRON HOLL FOUNDATION, INC.",,,,,USA,UNITED STATES,60 ROUND LAKE RD,FL 11,61346,RHINEBECK,36027,DUTCHESS,36,NY,NEW YORK,12572,3030,NY-12,NY-18,,,,STATE-WIDE,USA,UNITED STATES,NY*****,,,,36,NEW YORK,,NY-12,,,45.024,PROMOTION OF THE ARTS GRANTS TO ORGANIZATIONS AND INDIVIDUALS,2023NEA01GAP1,,04,PROJECT GRANT (B),,,,,"PURPOSE: TO SUPPORT A
SITE-SPECIFIC INSTALLATION BY BROOKLYN-BASED ARTIST CHARISSE PEARLINA WESTON (B.
1988).","PURPOSE: TO SUPPORT A
SITE-SPECIFIC INSTALLATION BY BROOKLYN-BASED ARTIST CHARISSE PEARLINA WESTON (B.
1988).",NON,NOT RECOVERY ACT,M,NONPROFIT WITH 501C3 IRS STATUS (OTHER THAN AN INSTITUTION OF HIGHER EDUCATION),,,A1,New Award,2,NON-AGGREGATE RECORD,,,,,,,,,,,https://www.usaspending.gov/award/ASST_NON_1920752-41-24_417/,2024-05-07 18:54:36.014817+00,2024-05-07 18:54:36.014817+00,recipient county outside NYC
5920_1920752-41-24_-NONE-_45.024_3,ASST_NON_1920752-41-24_417,1920752-41-24,3,,SAI EXEMPT,0.00,0.00,,0.00,0.00,0.00,0.00,0.00,0.00,0.00,0.00,Q: Not Designated Nonemergency/Emergency/Disaster/Wildfire Suppression,,,,,2024-03-22,2024,2024-01-01,2025-05-31,417,National Endowment for the Arts,5920,National Endowment for the Arts,593105,NATIONAL ENDOWMENT FOR THE ARTS,417,National Endowment for the Arts,5920,National Endowment for the Arts,593105,NATIONAL ENDOWMENT FOR THE ARTS,417-X-0100-000,417-0100,"41.0: Grants, subsidies, and contributions",0001: PROMOTION OF THE ARTS,JBEEERT19TM6,,"STEVEN MYRON HOLL FOUNDATION, INC.","STEVEN MYRON HOLL FOUNDATION, INC.",,,,,USA,UNITED STATES,60 ROUND LAKE RD,FL 11,61346,RHINEBECK,36027,DUTCHESS,36,NY,NEW YORK,12572,3030,NY-12,NY-18,,,,STATE-WIDE,USA,UNITED STATES,NY*****,,,,36,NEW YORK,,NY-12,,,45.024,PROMOTION OF THE ARTS GRANTS TO ORGANIZATIONS AND INDIVIDUALS,2023NEA01GAP1,TO SUPPORT OPPORTUNITIES FOR ALL PEOPLE TO PARTICIPATE IN THE ARTS AND ARTS EDUCATION.,04,PROJECT GRANT (B),,,,,"PURPOSE: TO SUPPORT A
SITE-SPECIFIC INSTALLATION BY BROOKLYN-BASED ARTIST CHARISSE PEARLINA WESTON (B.
1988).","PURPOSE: TO SUPPORT A
SITE-SPECIFIC INSTALLATION BY BROOKLYN-BASED ARTIST CHARISSE PEARLINA WESTON (B.
1988).",NON,NOT RECOVERY ACT,M,NONPROFIT WITH 501C3 IRS STATUS (OTHER THAN AN INSTITUTION OF HIGHER EDUCATION),,,A1,New Award,2,NON-AGGREGATE RECORD,,,,,,,,,,,https://www.usaspending.gov/award/ASST_NON_1920752-41-24_417/,2025-05-29 15:25:04.378853+00,2025-05-29 15:25:04.378853+00,recipient county outside NYC
5920_1920879-72-24_-NONE-_45.024_-NONE-,ASST_NON_1920879-72-24_417,1920879-72-24,,,SAI EXEMPT,15000.00,15000.00,15000.00,11000.00,0.00,0.00,0.00,0.00,0.00,0.00,15000.00,Q: Not Designated Nonemergency/Emergency/Disaster/Wildfire Suppression,,,,,2024-02-21,2024,2024-01-01,2024-10-31,417,National Endowment for the Arts,5920,National Endowment for the Arts,593105,NATIONAL ENDOWMENT FOR THE ARTS,417,National Endowment for the Arts,5920,National Endowment for the Arts,593105,NATIONAL ENDOWMENT FOR THE ARTS,417-X-0100-000,417-0100,"41.0: Grants, subsidies, and contributions",0001: PROMOTION OF THE ARTS,HKL7FEJNB7W7,,CONSTANCE SALTONSTALL FOUNDATION FOR,CONSTANCE SALTONSTALL FOUNDATION FOR THE ARTS  INC.,,,,,USA,UNITED STATES,435 ELLIS HOLLOW CREEK RD,,38077,ITHACA,36109,TOMPKINS,36,NY,NEW YORK,14850,9677,NY-19,NY-19,,,,STATE-WIDE,USA,UNITED STATES,NY*****,,,,36,NEW YORK,,NY-19,,,45.024,PROMOTION OF THE ARTS GRANTS TO ORGANIZATIONS AND INDIVIDUALS,2023NEA01GAP1,TO SUPPORT OPPORTUNITIES FOR ALL PEOPLE TO PARTICIPATE IN THE ARTS AND ARTS EDUCATION.,04,PROJECT GRANT (B),,,,,PURPOSE: TO SUPPORT AN ARTIST RESIDENCY PROGRAM.,PURPOSE: TO SUPPORT AN ARTIST RESIDENCY PROGRAM.,NON,NOT RECOVERY ACT,M,NONPROFIT WITH 501C3 IRS STATUS (OTHER THAN AN INSTITUTION OF HIGHER EDUCATION),,,A1,New Award,2,NON-AGGREGATE RECORD,,,,,,,,,,,https://www.usaspending.gov/award/ASST_NON_1920879-72-24_417/,2024-02-28 14:35:32.035384+00,2024-02-28 14:35:32.035384+00,recipient county outside NYC
5920_1920974-32-24_-NONE-_45.024_-NONE-,ASST_NON_1920974-32-24_417,1920974-32-24,,,SAI EXEMPT,20000.00,20000.00,20000.00,0.00,0.00,0.00,0.00,0.00,0.00,0.00,20000.00,Q: Not Designated Nonemergency/Emergency/Disaster/Wildfire Suppression,,,,,2024-03-20,2024,2024-01-01,2025-12-31,417,National Endowment for the Arts,5920,National Endowment for the Arts,593105,NATIONAL ENDOWMENT FOR THE ARTS,417,National Endowment for the Arts,5920,National Endowment for the Arts,593105,NATIONAL ENDOWMENT FOR THE ARTS,417-X-0100-000,417-0100,"41.0: Grants, subsidies, and contributions",0001: PROMOTION OF THE ARTS,FDWHMML8HMA4,,"REHABILITATION THROUGH THE ARTS, INC",PRISON COMMUNITIES INTERNATIONAL INC,Z6BLGTL97MW5,,"PRISON COMMUNITIES INTERNATIONAL, INC",,USA,UNITED STATES,735 ANDERSON HILL RD,,60026,PURCHASE,36119,WESTCHESTER,36,NY,NEW YORK,10577,1402,NY-17,NY-16,,,,STATE-WIDE,USA,UNITED STATES,NY*****,,,,36,NEW YORK,,NY-17,,,45.024,PROMOTION OF THE ARTS GRANTS TO ORGANIZATIONS AND INDIVIDUALS,2023NEA01GAP1,TO SUPPORT OPPORTUNITIES FOR ALL PEOPLE TO PARTICIPATE IN THE ARTS AND ARTS EDUCATION.,04,PROJECT GRANT (B),,,,,PURPOSE: TO SUPPORT REHABILITATION THROUGH THE ARTS PRODUCTION OF PLAYS PERFORMED BY INCARCERATED MEN AND WOMEN IN NEW YORK STATE.,"PURPOSE: TO SUPPORT REHABILITATION THROUGH THE ARTS' PRODUCTION
OF PLAYS PERFORMED BY INCARCERATED MEN AND WOMEN IN NEW YORK STATE.",NON,NOT RECOVERY ACT,M,NONPROFIT WITH 501C3 IRS STATUS (OTHER THAN AN INSTITUTION OF HIGHER EDUCATION),,,A1,New Award,2,NON-AGGREGATE RECORD,,,,,,,,,,,https://www.usaspending.gov/award/ASST_NON_1920974-32-24_417/,2024-03-25 17:53:19.983993+00,2024-03-25 17:53:19.983993+00,recipient county outside NYC
5920_1920974-32-24_-NONE-_45.024_3,ASST_NON_1920974-32-24_417,1920974-32-24,3,,SAI EXEMPT,0.00,20000.00,20000.00,0.00,0.00,0.00,0.00,0.00,0.00,0.00,0.00,Q: Not Designated Nonemergency/Emergency/Disaster/Wildfire Suppression,,,,,2024-03-20,2024,2024-01-01,2025-05-31,417,National Endowment for the Arts,5920,National Endowment for the Arts,593105,NATIONAL ENDOWMENT FOR THE ARTS,417,National Endowment for the Arts,5920,National Endowment for the Arts,593105,NATIONAL ENDOWMENT FOR THE ARTS,417-X-0100-000,417-0100,"41.0: Grants, subsidies, and contributions",0001: PROMOTION OF THE ARTS,FDWHMML8HMA4,,"REHABILITATION THROUGH THE ARTS, INC",PRISON COMMUNITIES INTERNATIONAL INC,Z6BLGTL97MW5,,"PRISON COMMUNITIES INTERNATIONAL, INC",,USA,UNITED STATES,735 ANDERSON HILL RD,,60026,PURCHASE,36119,WESTCHESTER,36,NY,NEW YORK,10577,1402,NY-17,NY-16,,,,STATE-WIDE,USA,UNITED STATES,NY*****,,,,36,NEW YORK,,NY-17,,,45.024,PROMOTION OF THE ARTS GRANTS TO ORGANIZATIONS AND INDIVIDUALS,2023NEA01GAP1,TO SUPPORT OPPORTUNITIES FOR ALL PEOPLE TO PARTICIPATE IN THE ARTS AND ARTS EDUCATION.,04,PROJECT GRANT (B),,,,,"PURPOSE: TO SUPPORT REHABILITATION THROUGH THE ARTS' PRODUCTION
OF PLAYS PERFORMED BY INCARCERATED MEN AND WOMEN IN NEW YORK STATE.","PURPOSE: TO SUPPORT REHABILITATION THROUGH THE ARTS' PRODUCTION
OF PLAYS PERFORMED BY INCARCERATED MEN AND WOMEN IN NEW YORK STATE.",NON,NOT RECOVERY ACT,M,NONPROFIT WITH 501C3 IRS STATUS (OTHER THAN AN INSTITUTION OF HIGHER EDUCATION),,,A1,New Award,2,NON-AGGREGATE RECORD,,,,,,,,,,,https://www.usaspending.gov/award/ASST_NON_1920974-32-24_417/,2025-05-29 15:25:04.378853+00,2025-05-29 15:25:04.378853+00,recipient county outside NYC
5920_1921087-62-24_-NONE-_45.024_-NONE-,ASST_NON_1921087-62-24_417,1921087-62-24,,,SAI EXEMPT,25000.00,25000.00,25000.00,0.00,0.00,0.00,0.00,0.00,0.00,0.00,25000.00,Q: Not Designated Nonemergency/Emergency/Disaster/Wildfire Suppression,,,,,2024-02-09,2024,2024-02-01,2024-12-31,417,National Endowment for the Arts,5920,National Endowment for the Arts,593105,NATIONAL ENDOWMENT FOR THE ARTS,417,National Endowment for the Arts,5920,National Endowment for the Arts,593105,NATIONAL ENDOWMENT FOR THE ARTS,417-X-0100-000,417-0100,"41.0: Grants, subsidies, and contributions",0001: PROMOTION OF THE ARTS,ZU92X9GT7NY4,,"PATCHOGUE ARTS COUNCIL, INC.",PATCHOGUE ARTS COUNCIL,,,,,USA,UNITED STATES,20 TERRY ST,STE 116,56660,PATCHOGUE,36103,SUFFOLK,36,NY,NEW YORK,11772,3877,NY-02,NY-02,,,,STATE-WIDE,USA,UNITED STATES,NY*****,,,,36,NEW YORK,,NY-02,,,45.024,PROMOTION OF THE ARTS GRANTS TO ORGANIZATIONS AND INDIVIDUALS,2023NEA01GAP1,TO SUPPORT OPPORTUNITIES FOR ALL PEOPLE TO PARTICIPATE IN THE ARTS AND ARTS EDUCATION.,04,PROJECT GRANT (B),,,,,PURPOSE: TO SUPPORT A SERIES OF MULTIDISCIPLINARY ARTS EXPERIENCES PRESENTED IN DOWNTOWN PATCHOGUE  NEW YORK.,PURPOSE: TO SUPPORT A SERIES OF MULTIDISCIPLINARY ARTS EXPERIENCES PRESENTED IN DOWNTOWN PATCHOGUE  NEW YORK.,NON,NOT RECOVERY ACT,M,NONPROFIT WITH 501C3 IRS STATUS (OTHER THAN AN INSTITUTION OF HIGHER EDUCATION),,,A1,New Award,2,NON-AGGREGATE RECORD,,,,,,,,,,,https://www.usaspending.gov/award/ASST_NON_1921087-62-24_417/,2024-02-28 14:35:32.035384+00,2024-02-28 14:35:32.035384+00,recipient county outside NYC
5920_1921145-44-24_-NONE-_45.024_-NONE-,ASST_NON_1921145-44-24_417,1921145-44-24,,,SAI EXEMPT,30000.00,30000.00,30000.00,5455.00,0.00,0.00,0.00,0.00,0.00,0.00,30000.00,Q: Not Designated Nonemergency/Emergency/Disaster/Wildfire Suppression,,,,,2024-02-23,2024,2024-01-01,2024-12-31,417,National Endowment for the Arts,5920,National Endowment for the Arts,593105,NATIONAL ENDOWMENT FOR THE ARTS,417,National Endowment for the Arts,5920,National Endowment for the Arts,593105,NATIONAL ENDOWMENT FOR THE ARTS,417-X-0100-000,417-0100,"41.0: Grants, subsidies, and contributions",0001: PROMOTION OF THE ARTS,QUNPL3WFYMG6,,THOMAS COLE HISTORIC HOUSE,THOMAS COLE HISTORIC HOUSE,QUNPL3WFYMG6,,THOMAS COLE HISTORIC HOUSE,,USA,UNITED STATES,218 SPRING ST,,13002,CATSKILL,36039,GREENE,36,NY,NEW YORK,12414,1027,NY-19,NY-19,,,,STATE-WIDE,USA,UNITED STATES,NY*****,,,,36,NEW YORK,,NY-19,,,45.024,PROMOTION OF THE ARTS GRANTS TO ORGANIZATIONS AND INDIVIDUALS,2023NEA01GAP1,TO SUPPORT OPPORTUNITIES FOR ALL PEOPLE TO PARTICIPATE IN THE ARTS AND ARTS EDUCATION.,04,PROJECT GRANT (B),,,,,PURPOSE: TO SUPPORT AN EXHIBITION AND ACCOMPANYING CATALOGUE EXAMINING THE DEPICTIONS OF LAND AND LANDSCAPE IN HISTORIC AND CONTEMPORARY ART.,PURPOSE: TO SUPPORT AN EXHIBITION AND ACCOMPANYING CATALOGUE EXAMINING THE DEPICTIONS OF LAND AND LANDSCAPE IN HISTORIC AND CONTEMPORARY ART.,NON,NOT RECOVERY ACT,M,NONPROFIT WITH 501C3 IRS STATUS (OTHER THAN AN INSTITUTION OF HIGHER EDUCATION),,,A1,New Award,2,NON-AGGREGATE RECORD,,,,,,,,,,,https://www.usaspending.gov/award/ASST_NON_1921145-44-24_417/,2024-02-28 14:35:32.035384+00,2024-02-28 14:35:32.035384+00,recipient county outside NYC
5920_1921206-62-24_-NONE-_45.024_-NONE-,ASST_NON_1921206-62-24_417,1921206-62-24,,,SAI EXEMPT,20000.00,20000.00,20000.00,0.00,0.00,0.00,0.00,0.00,0.00,0.00,20000.00,Q: Not Designated Nonemergency/Emergency/Disaster/Wildfire Suppression,,,,,2024-04-03,2024,2024-01-01,2025-12-31,417,National Endowment for the Arts,5920,National Endowment for the Arts,593105,NATIONAL ENDOWMENT FOR THE ARTS,417,National Endowment for the Arts,5920,National Endowment for the Arts,593105,NATIONAL ENDOWMENT FOR THE ARTS,417-X-0100-000,417-0100,"41.0: Grants, subsidies, and contributions",0001: PROMOTION OF THE ARTS,SN9QMKJQ1YY4,,GENESEE VALLEY COUNCIL ON THE ARTS INC,GENESEE VALLEY COUNCIL ON THE ARTS,,,,,USA,UNITED STATES,4 MURRAY HILL DR APT 1,,48945,MOUNT MORRIS,36051,LIVINGSTON,36,NY,NEW YORK,14510,1122,NY-24,NY-24,,,,STATE-WIDE,USA,UNITED STATES,NY*****,,,,36,NEW YORK,,NY-24,,,45.024,PROMOTION OF THE ARTS GRANTS TO ORGANIZATIONS AND INDIVIDUALS,2023NEA01GAP1,TO SUPPORT OPPORTUNITIES FOR ALL PEOPLE TO PARTICIPATE IN THE ARTS AND ARTS EDUCATION.,04,PROJECT GRANT (B),,,,,PURPOSE: TO SUPPORT ARTS WORKSHOPS AND A DOCUMENTARY FILM ABOUT THE ASPIRATIONS AND REALITIES OF MIGRANT FARM WORKERS IN WESTERN NEW YORK.,"PURPOSE: TO SUPPORT ARTS
WORKSHOPS AND A DOCUMENTARY FILM ABOUT THE ASPIRATIONS AND REALITIES OF MIGRANT
FARM WORKERS IN WESTERN NEW YORK.",NON,NOT RECOVERY ACT,M,NONPROFIT WITH 501C3 IRS STATUS (OTHER THAN AN INSTITUTION OF HIGHER EDUCATION),,,A1,New Award,2,NON-AGGREGATE RECORD,,,,,,,,,,,https://www.usaspending.gov/award/ASST_NON_1921206-62-24_417/,2024-04-24 19:01:12.217324+00,2024-04-24 19:01:12.217324+00,recipient county outside NYC
5920_1921206-62-24_-NONE-_45.024_3,ASST_NON_1921206-62-24_417,1921206-62-24,3,,SAI EXEMPT,0.00,20000.00,20000.00,0.00,0.00,0.00,0.00,0.00,0.00,0.00,0.00,Q: Not Designated Nonemergency/Emergency/Disaster/Wildfire Suppression,,,,,2024-04-03,2024,2024-01-01,2025-05-31,417,National Endowment for the Arts,5920,National Endowment for the Arts,593105,NATIONAL ENDOWMENT FOR THE ARTS,417,National Endowment for the Arts,5920,National Endowment for the Arts,593105,NATIONAL ENDOWMENT FOR THE ARTS,417-X-0100-000,417-0100,"41.0: Grants, subsidies, and contributions",0001: PROMOTION OF THE ARTS,SN9QMKJQ1YY4,,GENESEE VALLEY COUNCIL ON THE ARTS INC,GENESEE VALLEY COUNCIL ON THE ARTS,,,,,USA,UNITED STATES,4 MURRAY HILL DR APT 1,,48945,MOUNT MORRIS,36051,LIVINGSTON,36,NY,NEW YORK,14510,1122,NY-24,NY-24,,,,STATE-WIDE,USA,UNITED STATES,NY*****,,,,36,NEW YORK,,NY-24,,,45.024,PROMOTION OF THE ARTS GRANTS TO ORGANIZATIONS AND INDIVIDUALS,2023NEA01GAP1,TO SUPPORT OPPORTUNITIES FOR ALL PEOPLE TO PARTICIPATE IN THE ARTS AND ARTS EDUCATION.,04,PROJECT GRANT (B),,,,,"PURPOSE: TO SUPPORT ARTS
WORKSHOPS AND A DOCUMENTARY FILM ABOUT THE ASPIRATIONS AND REALITIES OF MIGRANT
FARM WORKERS IN WESTERN NEW YORK.","PURPOSE: TO SUPPORT ARTS
WORKSHOPS AND A DOCUMENTARY FILM ABOUT THE ASPIRATIONS AND REALITIES OF MIGRANT
FARM WORKERS IN WESTERN NEW YORK.",NON,NOT RECOVERY ACT,M,NONPROFIT WITH 501C3 IRS STATUS (OTHER THAN AN INSTITUTION OF HIGHER EDUCATION),,,A1,New Award,2,NON-AGGREGATE RECORD,,,,,,,,,,,https://www.usaspending.gov/award/ASST_NON_1921206-62-24_417/,2025-05-29 15:25:04.378853+00,2025-05-29 15:25:04.378853+00,recipient county outside NYC
5920_1921342-62-24_-NONE-_45.024_-NONE-,ASST_NON_1921342-62-24_417,1921342-62-24,,,SAI EXEMPT,20000.00,20000.00,20000.00,0.00,0.00,0.00,0.00,0.00,0.00,0.00,20000.00,Q: Not Designated Nonemergency/Emergency/Disaster/Wildfire Suppression,,,,,2024-01-24,2024,2024-01-01,2025-12-31,417,National Endowment for the Arts,5920,National Endowment for the Arts,593105,NATIONAL ENDOWMENT FOR THE ARTS,417,National Endowment for the Arts,5920,National Endowment for the Arts,593105,NATIONAL ENDOWMENT FOR THE ARTS,417-X-0100-000,417-0100,"41.0: Grants, subsidies, and contributions",0001: PROMOTION OF THE ARTS,QVRUL3PAQEK1,,"ARTSWESTCHESTER, INC",ARTSWESTCHESTER,,,,,USA,UNITED STATES,31 MAMARONECK AVE,,81677,WHITE PLAINS,36119,WESTCHESTER,36,NY,NEW YORK,10601,3300,NY-16,NY-16,,,,STATE-WIDE,USA,UNITED STATES,NY*****,,,,36,NEW YORK,,NY-16,,,45.024,PROMOTION OF THE ARTS GRANTS TO ORGANIZATIONS AND INDIVIDUALS,2023NEA01GAP1,TO SUPPORT OPPORTUNITIES FOR ALL PEOPLE TO PARTICIPATE IN THE ARTS AND ARTS EDUCATION.,04,PROJECT GRANT (B),,,,,PURPOSE:&NBSP;TO SUPPORT THE CREATION AND EXHIBITION OF NEW ART WORK ON THE THEME OF CLIMATE CHANGE.,"PURPOSE:TO SUPPORT THE
CREATION AND EXHIBITION OF NEW ART WORK ON THE THEME OF CLIMATE CHANGE.",NON,NOT RECOVERY ACT,M,NONPROFIT WITH 501C3 IRS STATUS (OTHER THAN AN INSTITUTION OF HIGHER EDUCATION),,,A1,New Award,2,NON-AGGREGATE RECORD,,,,,,,,,,,https://www.usaspending.gov/award/ASST_NON_1921342-62-24_417/,2024-01-26 17:31:39.918365+00,2024-01-26 17:31:39.918365+00,recipient county outside NYC
5920_1921342-62-24_-NONE-_45.024_3,ASST_NON_1921342-62-24_417,1921342-62-24,3,,SAI EXEMPT,0.00,20000.00,20000.00,0.00,0.00,0.00,0.00,0.00,0.00,0.00,0.00,Q: Not Designated Nonemergency/Emergency/Disaster/Wildfire Suppression,,,,,2024-01-24,2024,2024-01-01,2025-05-31,417,National Endowment for the Arts,5920,National Endowment for the Arts,593105,NATIONAL ENDOWMENT FOR THE ARTS,417,National Endowment for the Arts,5920,National Endowment for the Arts,593105,NATIONAL ENDOWMENT FOR THE ARTS,417-X-0100-000,417-0100,"41.0: Grants, subsidies, and contributions",0001: PROMOTION OF THE ARTS,QVRUL3PAQEK1,,"ARTSWESTCHESTER, INC",ARTSWESTCHESTER,,,,,USA,UNITED STATES,31 MAMARONECK AVE FL 3,,81677,WHITE PLAINS,36119,WESTCHESTER,36,NY,NEW YORK,10601,3328,NY-16,NY-16,,,,STATE-WIDE,USA,UNITED STATES,NY*****,,,,36,NEW YORK,,NY-16,,,45.024,PROMOTION OF THE ARTS GRANTS TO ORGANIZATIONS AND INDIVIDUALS,2023NEA01GAP1,TO SUPPORT OPPORTUNITIES FOR ALL PEOPLE TO PARTICIPATE IN THE ARTS AND ARTS EDUCATION.,04,PROJECT GRANT (B),,,,,"PURPOSE:TO SUPPORT THE
CREATION AND EXHIBITION OF NEW ART WORK ON THE THEME OF CLIMATE CHANGE.","PURPOSE:TO SUPPORT THE
CREATION AND EXHIBITION OF NEW ART WORK ON THE THEME OF CLIMATE CHANGE.",NON,NOT RECOVERY ACT,M,NONPROFIT WITH 501C3 IRS STATUS (OTHER THAN AN INSTITUTION OF HIGHER EDUCATION),,,A1,New Award,2,NON-AGGREGATE RECORD,,,,,,,,,,,https://www.usaspending.gov/award/ASST_NON_1921342-62-24_417/,2025-05-29 15:25:04.378853+00,2025-05-29 15:25:04.378853+00,recipient county outside NYC
5920_1921384-51-24_-NONE-_45.024_-NONE-,ASST_NON_1921384-51-24_417,1921384-51-24,,,SAI EXEMPT,25000.00,25000.00,25000.00,0.00,0.00,0.00,0.00,0.00,0.00,0.00,25000.00,Q: Not Designated Nonemergency/Emergency/Disaster/Wildfire Suppression,,,,,2024-02-14,2024,2024-01-01,2024-12-31,417,National Endowment for the Arts,5920,National Endowment for the Arts,593105,NATIONAL ENDOWMENT FOR THE ARTS,417,National Endowment for the Arts,5920,National Endowment for the Arts,593105,NATIONAL ENDOWMENT FOR THE ARTS,417-X-0100-000,417-0100,"41.0: Grants, subsidies, and contributions",0001: PROMOTION OF THE ARTS,MXBXN6FHM1L8,,BUFFALO MEDIA RESOURCES INC,BUFFALO MEDIA RESOURCES  INC.,,,,,USA,UNITED STATES,2495 MAIN ST,STE 310,11000,BUFFALO,36029,ERIE,36,NY,NEW YORK,14214,2154,NY-26,NY-26,,,,STATE-WIDE,USA,UNITED STATES,NY*****,,,,36,NEW YORK,,NY-26,,,45.024,PROMOTION OF THE ARTS GRANTS TO ORGANIZATIONS AND INDIVIDUALS,2023NEA01GAP1,TO SUPPORT OPPORTUNITIES FOR ALL PEOPLE TO PARTICIPATE IN THE ARTS AND ARTS EDUCATION.,04,PROJECT GRANT (B),,,,,PURPOSE: TO SUPPORT SQUEAKY WHEEL FILM &AMP; MEDIA ART CENTERS FREE ADVANCED-LEVEL MEDIA ARTS MENTORSHIP PROGRAM FOR STUDENTS.,PURPOSE: TO SUPPORT SQUEAKY WHEEL FILM &AMP; MEDIA ART CENTERS FREE ADVANCED-LEVEL MEDIA ARTS MENTORSHIP PROGRAM FOR STUDENTS.,NON,NOT RECOVERY ACT,M,NONPROFIT WITH 501C3 IRS STATUS (OTHER THAN AN INSTITUTION OF HIGHER EDUCATION),,,A1,New Award,2,NON-AGGREGATE RECORD,,,,,,,,,,,https://www.usaspending.gov/award/ASST_NON_1921384-51-24_417/,2024-02-28 14:35:32.035384+00,2024-02-28 14:35:32.035384+00,recipient county outside NYC
5920_1925671-38-24_-NONE-_45.024_-NONE-,ASST_NON_1925671-38-24_417,1925671-38-24,,,SAI EXEMPT,99755.00,4601.52,4601.52,48978.00,0.00,0.00,0.00,0.00,0.00,0.00,99755.00,Q: Not Designated Nonemergency/Emergency/Disaster/Wildfire Suppression,,,,,2024-04-16,2024,2024-01-01,2026-12-31,417,National Endowment for the Arts,5920,National Endowment for the Arts,593105,NATIONAL ENDOWMENT FOR THE ARTS,417,National Endowment for the Arts,5920,National Endowment for the Arts,593105,NATIONAL ENDOWMENT FOR THE ARTS,417-X-0100-000,417-0100,"41.0: Grants, subsidies, and contributions",0001: PROMOTION OF THE ARTS,J6TWTRKC1X14,,ROCHESTER INSTITUTE OF TECHNOLOGY,ROCHESTER INSTITUTE OF TECHNOLOGY,,,ROCHESTER INSTITUTE OF TECHNOLOGY (INC),ROCHESTER INSTITUTE OF TECHNOLOGY (INC),USA,UNITED STATES,1 LOMB MEMORIAL DR,,63000,ROCHESTER,36055,MONROE,36,NY,NEW YORK,14623,5603,NY-25,NY-25,,,,STATE-WIDE,USA,UNITED STATES,NY*****,,,,36,NEW YORK,,NY-25,,,45.024,PROMOTION OF THE ARTS GRANTS TO ORGANIZATIONS AND INDIVIDUALS,2023NEA01ORAGRANTS,TO PRODUCE RESEARCH  STATISTICS  AND GENERAL INFORMATION ABOUT THE ARTS FOR THE BENEFIT OF THE ARTS SECTOR AND BEYOND.,04,PROJECT GRANT (B),,,,,PURPOSE: TO SUPPORT A MIXED-METHODS RESEARCH STUDY ON THE AVAILABILITY AND EFFECTIVENESS OF ACCESS ACCOMMODATIONS FOR DEAF AND HARD OF HEARING (DHH) INDIVIDUALS EXPERIENCING LIVE THEATER.,"PURPOSE: TO SUPPORT A MIXED-METHODS RESEARCH STUDY ON
THE AVAILABILITY AND EFFECTIVENESS OF ACCESS ACCOMMODATIONS FOR DEAF AND HARD
OF HEARING (DHH) INDIVIDUALS EXPERIENCING LIVE THEATER.",NON,NOT RECOVERY ACT,M,NONPROFIT WITH 501C3 IRS STATUS (OTHER THAN AN INSTITUTION OF HIGHER EDUCATION),,,A1,New Award,2,NON-AGGREGATE RECORD,,,,,,,,,,,https://www.usaspending.gov/award/ASST_NON_1925671-38-24_417/,2024-04-24 19:01:12.217324+00,2024-04-24 19:01:12.217324+00,recipient county outside NYC
5920_1925671-38-24_-NONE-_45.024_3,ASST_NON_1925671-38-24_417,1925671-38-24,3,,SAI EXEMPT,0.00,4601.52,4601.52,48978.00,0.00,0.00,0.00,0.00,0.00,0.00,0.00,Q: Not Designated Nonemergency/Emergency/Disaster/Wildfire Suppression,,,,,2024-04-16,2024,2024-01-01,2025-05-31,417,National Endowment for the Arts,5920,National Endowment for the Arts,593105,NATIONAL ENDOWMENT FOR THE ARTS,417,National Endowment for the Arts,5920,National Endowment for the Arts,593105,NATIONAL ENDOWMENT FOR THE ARTS,417-X-0100-000,417-0100,"41.0: Grants, subsidies, and contributions",0001: PROMOTION OF THE ARTS,J6TWTRKC1X14,,ROCHESTER INSTITUTE OF TECHNOLOGY,ROCHESTER INSTITUTE OF TECHNOLOGY,,,ROCHESTER INSTITUTE OF TECHNOLOGY (INC),ROCHESTER INSTITUTE OF TECHNOLOGY (INC),USA,UNITED STATES,1 LOMB MEMORIAL DR,,63000,ROCHESTER,36055,MONROE,36,NY,NEW YORK,14623,5603,NY-25,NY-25,,,,STATE-WIDE,USA,UNITED STATES,NY*****,,,,36,NEW YORK,,NY-25,,,45.024,PROMOTION OF THE ARTS GRANTS TO ORGANIZATIONS AND INDIVIDUALS,2023NEA01ORAGRANTS,"TO PRODUCE RESEARCH, STATISTICS, AND GENERAL INFORMATION ABOUT THE ARTS FOR THE BENEFIT OF THE ARTS SECTOR AND BEYOND.",04,PROJECT GRANT (B),,,,,"PURPOSE: TO SUPPORT A MIXED-METHODS RESEARCH STUDY ON
THE AVAILABILITY AND EFFECTIVENESS OF ACCESS ACCOMMODATIONS FOR DEAF AND HARD
OF HEARING (DHH) INDIVIDUALS EXPERIENCING LIVE THEATER.","PURPOSE: TO SUPPORT A MIXED-METHODS RESEARCH STUDY ON
THE AVAILABILITY AND EFFECTIVENESS OF ACCESS ACCOMMODATIONS FOR DEAF AND HARD
OF HEARING (DHH) INDIVIDUALS EXPERIENCING LIVE THEATER.",NON,NOT RECOVERY ACT,M,NONPROFIT WITH 501C3 IRS STATUS (OTHER THAN AN INSTITUTION OF HIGHER EDUCATION),,,A1,New Award,2,NON-AGGREGATE RECORD,,,,,,,,,,,https://www.usaspending.gov/award/ASST_NON_1925671-38-24_417/,2025-05-29 15:25:04.378853+00,2025-05-29 15:25:04.378853+00,recipient county outside NYC
5920_1925764-78-24_-NONE-_45.024_-NONE-,ASST_NON_1925764-78-24_417,1925764-78-24,,,SAI EXEMPT,10000.00,10000.00,10000.00,2032.00,0.00,0.00,0.00,0.00,0.00,0.00,10000.00,Q: Not Designated Nonemergency/Emergency/Disaster/Wildfire Suppression,,,,,2024-02-09,2024,2024-01-01,2024-12-31,417,National Endowment for the Arts,5920,National Endowment for the Arts,593105,NATIONAL ENDOWMENT FOR THE ARTS,417,National Endowment for the Arts,5920,National Endowment for the Arts,593105,NATIONAL ENDOWMENT FOR THE ARTS,417-X-0100-000,417-0100,"41.0: Grants, subsidies, and contributions",0001: PROMOTION OF THE ARTS,NNTUQRS79993,,"THE HART ISLAND PROJECT, INC.",HART ISLAND PROJECT,,,,,USA,UNITED STATES,36 GILBERT PL,,84000,YONKERS,36119,WESTCHESTER,36,NY,NEW YORK,10701,1507,NY-16,NY-16,,,,STATE-WIDE,USA,UNITED STATES,NY*****,,,,36,NEW YORK,,NY-16,,,45.024,PROMOTION OF THE ARTS GRANTS TO ORGANIZATIONS AND INDIVIDUALS,2023NEA01CA,TO SUPPORT OPPORTUNITIES FOR ALL PEOPLE TO PARTICIPATE IN THE ARTS AND ARTS EDUCATION.,04,PROJECT GRANT (B),,,,,PURPOSE: TO SUPPORT THE DEVELOPMENT OF A DIGITAL TOOL THAT VISUALIZES LANDSCAPE RESTORATION AT HART ISLAND.,PURPOSE: TO SUPPORT THE DEVELOPMENT OF A DIGITAL TOOL THAT VISUALIZES LANDSCAPE RESTORATION AT HART ISLAND.,NON,NOT RECOVERY ACT,M,NONPROFIT WITH 501C3 IRS STATUS (OTHER THAN AN INSTITUTION OF HIGHER EDUCATION),,,A1,New Award,2,NON-AGGREGATE RECORD,,,,,,,,,,,https://www.usaspending.gov/award/ASST_NON_1925764-78-24_417/,2024-02-28 14:35:32.035384+00,2024-02-28 14:35:32.035384+00,recipient county outside NYC
5920_1925794-78-24_-NONE-_45.024_-NONE-,ASST_NON_1925794-78-24_417,1925794-78-24,,,SAI EXEMPT,10000.00,10000.00,10000.00,0.00,0.00,0.00,0.00,0.00,0.00,0.00,10000.00,Q: Not Designated Nonemergency/Emergency/Disaster/Wildfire Suppression,,,,,2024-04-09,2024,2024-01-01,2024-12-31,417,National Endowment for the Arts,5920,National Endowment for the Arts,593105,NATIONAL ENDOWMENT FOR THE ARTS,417,National Endowment for the Arts,5920,National Endowment for the Arts,593105,NATIONAL ENDOWMENT FOR THE ARTS,417-X-0100-000,417-0100,"41.0: Grants, subsidies, and contributions",0001: PROMOTION OF THE ARTS,MYLBCE2GK6Y3,,SHAKESPEARE IN DELAWARE PARK INC.,SHAKESPEARE IN DELAWARE PARK INC.,,,,,USA,UNITED STATES,617 MAIN ST,THE DELAWARE PARK CASINO,11000,BUFFALO,36029,ERIE,36,NY,NEW YORK,14203,1419,NY-26,NY-26,,,,STATE-WIDE,USA,UNITED STATES,NY*****,,,,36,NEW YORK,,NY-26,,,45.024,PROMOTION OF THE ARTS GRANTS TO ORGANIZATIONS AND INDIVIDUALS,2023NEA01CA,TO SUPPORT OPPORTUNITIES FOR ALL PEOPLE TO PARTICIPATE IN THE ARTS AND ARTS EDUCATION.,04,PROJECT GRANT (B),,,,,PURPOSE: TO SUPPORT A THEATER ARTS EDUCATION PROJECT.,PURPOSE: TO SUPPORT A THEATER ARTS EDUCATION PROJECT.,NON,NOT RECOVERY ACT,M,NONPROFIT WITH 501C3 IRS STATUS (OTHER THAN AN INSTITUTION OF HIGHER EDUCATION),,,A1,New Award,2,NON-AGGREGATE RECORD,,,,,,,,,,,https://www.usaspending.gov/award/ASST_NON_1925794-78-24_417/,2024-04-24 19:01:12.217324+00,2024-04-24 19:01:12.217324+00,recipient county outside NYC
5920_1925812-78-24_-NONE-_45.024_-NONE-,ASST_NON_1925812-78-24_417,1925812-78-24,,,SAI EXEMPT,10000.00,10000.00,10000.00,0.00,0.00,0.00,0.00,0.00,0.00,0.00,10000.00,Q: Not Designated Nonemergency/Emergency/Disaster/Wildfire Suppression,,,,,2024-02-06,2024,2024-04-01,2025-01-31,417,National Endowment for the Arts,5920,National Endowment for the Arts,593105,NATIONAL ENDOWMENT FOR THE ARTS,417,National Endowment for the Arts,5920,National Endowment for the Arts,593105,NATIONAL ENDOWMENT FOR THE ARTS,417-X-0100-000,417-0100,"41.0: Grants, subsidies, and contributions",0001: PROMOTION OF THE ARTS,L5S7BLG4Y5N5,,KLINKHART HALL ARTS CENTER INC,KLINKHART HALL ARTS CENTER INC,,,,,USA,UNITED STATES,191 MAIN ST,,66663,SHARON SPRINGS,36095,SCHOHARIE,36,NY,NEW YORK,13459,3137,NY-21,NY-21,,,,STATE-WIDE,USA,UNITED STATES,NY*****,,,,36,NEW YORK,,NY-21,,,45.024,PROMOTION OF THE ARTS GRANTS TO ORGANIZATIONS AND INDIVIDUALS,2023NEA01CA,TO SUPPORT OPPORTUNITIES FOR ALL PEOPLE TO PARTICIPATE IN THE ARTS AND ARTS EDUCATION.,04,PROJECT GRANT (B),,,,,PURPOSE: TO SUPPORT THE SHARON SPRINGS POETRY FESTIVAL.,PURPOSE: TO SUPPORT THE SHARON SPRINGS POETRY FESTIVAL.,NON,NOT RECOVERY ACT,M,NONPROFIT WITH 501C3 IRS STATUS (OTHER THAN AN INSTITUTION OF HIGHER EDUCATION),,,A1,New Award,2,NON-AGGREGATE RECORD,,,,,,,,,,,https://www.usaspending.gov/award/ASST_NON_1925812-78-24_417/,2024-02-28 14:35:32.035384+00,2024-02-28 14:35:32.035384+00,recipient county outside NYC
5920_1925867-78-24_-NONE-_45.024_-NONE-,ASST_NON_1925867-78-24_417,1925867-78-24,,,SAI EXEMPT,10000.00,10000.00,10000.00,1887.00,0.00,0.00,0.00,0.00,0.00,0.00,10000.00,Q: Not Designated Nonemergency/Emergency/Disaster/Wildfire Suppression,,,,,2024-02-09,2024,2024-01-01,2024-05-31,417,National Endowment for the Arts,5920,National Endowment for the Arts,593105,NATIONAL ENDOWMENT FOR THE ARTS,417,National Endowment for the Arts,5920,National Endowment for the Arts,593105,NATIONAL ENDOWMENT FOR THE ARTS,417-X-0100-000,417-0100,"41.0: Grants, subsidies, and contributions",0001: PROMOTION OF THE ARTS,U4SCJK13LWL8,,KINGSTON MIDTOWN ARTS DISTRICT CORPORATION,KINGSTON MIDTOWN ARTS DISTRICT,,,,,USA,UNITED STATES,49 GREENKILL AVE,,39727,KINGSTON,36111,ULSTER,36,NY,NEW YORK,12401,5423,NY-18,NY-18,,,,STATE-WIDE,USA,UNITED STATES,NY*****,,,,36,NEW YORK,,NY-18,,,45.024,PROMOTION OF THE ARTS GRANTS TO ORGANIZATIONS AND INDIVIDUALS,2023NEA01CA,TO SUPPORT OPPORTUNITIES FOR ALL PEOPLE TO PARTICIPATE IN THE ARTS AND ARTS EDUCATION.,04,PROJECT GRANT (B),,,,,PURPOSE: TO SUPPORT ECO ARTS WEEK  A FREE ARTS FESTIVAL WITH A FOCUS ON THE ENVIRONMENT AND SUSTAINABLE PRACTICES.,PURPOSE: TO SUPPORT ECO ARTS WEEK  A FREE ARTS FESTIVAL WITH A FOCUS ON THE ENVIRONMENT AND SUSTAINABLE PRACTICES.,NON,NOT RECOVERY ACT,M,NONPROFIT WITH 501C3 IRS STATUS (OTHER THAN AN INSTITUTION OF HIGHER EDUCATION),,,A1,New Award,2,NON-AGGREGATE RECORD,,,,,,,,,,,https://www.usaspending.gov/award/ASST_NON_1925867-78-24_417/,2024-02-28 14:35:32.035384+00,2024-02-28 14:35:32.035384+00,recipient county outside NYC
5920_1925887-78-24_-NONE-_45.024_-NONE-,ASST_NON_1925887-78-24_417,1925887-78-24,,,SAI EXEMPT,10000.00,10000.00,10000.00,0.00,0.00,0.00,0.00,0.00,0.00,0.00,10000.00,Q: Not Designated Nonemergency/Emergency/Disaster/Wildfire Suppression,,,,,2024-03-25,2024,2024-01-01,2025-06-30,417,National Endowment for the Arts,5920,National Endowment for the Arts,593105,NATIONAL ENDOWMENT FOR THE ARTS,417,National Endowment for the Arts,5920,National Endowment for the Arts,593105,NATIONAL ENDOWMENT FOR THE ARTS,417-X-0100-000,417-0100,"41.0: Grants, subsidies, and contributions",0001: PROMOTION OF THE ARTS,CMHRC87D7XA5,,A MAGICAL JOURNEY THRU STAGES INC,A MAGICAL JOURNEY THRU STAGES  INC.,,,,,USA,UNITED STATES,875 E MAIN ST,STE 380,63000,ROCHESTER,36055,MONROE,36,NY,NEW YORK,14605,2747,NY-25,NY-25,,,,STATE-WIDE,USA,UNITED STATES,NY*****,,,,36,NEW YORK,,NY-25,,,45.024,PROMOTION OF THE ARTS GRANTS TO ORGANIZATIONS AND INDIVIDUALS,2023NEA01CA,TO SUPPORT OPPORTUNITIES FOR ALL PEOPLE TO PARTICIPATE IN THE ARTS AND ARTS EDUCATION.,04,PROJECT GRANT (B),,,,,PURPOSE: TO SUPPORT A MUSICAL THEATER PROGRAM FOR ELEMENTARY SCHOOL STUDENTS.,"PURPOSE: TO SUPPORT A MUSICAL THEATER PROGRAM FOR ELEMENTARY SCHOOL
STUDENTS.",NON,NOT RECOVERY ACT,M,NONPROFIT WITH 501C3 IRS STATUS (OTHER THAN AN INSTITUTION OF HIGHER EDUCATION),,,A1,New Award,2,NON-AGGREGATE RECORD,,,,,,,,,,,https://www.usaspending.gov/award/ASST_NON_1925887-78-24_417/,2024-03-25 17:53:19.983993+00,2024-03-25 17:53:19.983993+00,recipient county outside NYC
5920_1925887-78-24_-NONE-_45.024_3,ASST_NON_1925887-78-24_417,1925887-78-24,3,,SAI EXEMPT,0.00,10000.00,10000.00,0.00,0.00,0.00,0.00,0.00,0.00,0.00,0.00,Q: Not Designated Nonemergency/Emergency/Disaster/Wildfire Suppression,,,,,2024-03-25,2024,2024-01-01,2025-05-31,417,National Endowment for the Arts,5920,National Endowment for the Arts,593105,NATIONAL ENDOWMENT FOR THE ARTS,417,National Endowment for the Arts,5920,National Endowment for the Arts,593105,NATIONAL ENDOWMENT FOR THE ARTS,417-X-0100-000,417-0100,"41.0: Grants, subsidies, and contributions",0001: PROMOTION OF THE ARTS,CMHRC87D7XA5,,A MAGICAL JOURNEY THRU STAGES INC,"A MAGICAL JOURNEY THRU STAGES, INC.",,,,,USA,UNITED STATES,875 E MAIN ST,STE 380,63000,ROCHESTER,36055,MONROE,36,NY,NEW YORK,14605,2747,NY-25,NY-25,,,,STATE-WIDE,USA,UNITED STATES,NY*****,,,,36,NEW YORK,,NY-25,,,45.024,PROMOTION OF THE ARTS GRANTS TO ORGANIZATIONS AND INDIVIDUALS,2023NEA01CA,TO SUPPORT OPPORTUNITIES FOR ALL PEOPLE TO PARTICIPATE IN THE ARTS AND ARTS EDUCATION.,04,PROJECT GRANT (B),,,,,"PURPOSE: TO SUPPORT A MUSICAL THEATER PROGRAM FOR ELEMENTARY SCHOOL
STUDENTS.","PURPOSE: TO SUPPORT A MUSICAL THEATER PROGRAM FOR ELEMENTARY SCHOOL
STUDENTS.",NON,NOT RECOVERY ACT,M,NONPROFIT WITH 501C3 IRS STATUS (OTHER THAN AN INSTITUTION OF HIGHER EDUCATION),,,A1,New Award,2,NON-AGGREGATE RECORD,,,,,,,,,,,https://www.usaspending.gov/award/ASST_NON_1925887-78-24_417/,2025-05-29 15:25:04.378853+00,2025-05-29 15:25:04.378853+00,recipient county outside NYC
5920_1925896-78-24_-NONE-_45.024_-NONE-,ASST_NON_1925896-78-24_417,1925896-78-24,,,SAI EXEMPT,10000.00,10000.00,10000.00,0.00,0.00,0.00,0.00,0.00,0.00,0.00,10000.00,Q: Not Designated Nonemergency/Emergency/Disaster/Wildfire Suppression,,,,,2024-02-06,2024,2024-01-01,2024-06-30,417,National Endowment for the Arts,5920,National Endowment for the Arts,593105,NATIONAL ENDOWMENT FOR THE ARTS,417,National Endowment for the Arts,5920,National Endowment for the Arts,593105,NATIONAL ENDOWMENT FOR THE ARTS,417-X-0100-000,417-0100,"41.0: Grants, subsidies, and contributions",0001: PROMOTION OF THE ARTS,RDE7L5LKMTE7,,"EMPIRE STATE YOUTH ORCHESTRA, INC.",EMPIRE STATE YOUTH ORCHESTRA  INC.,,,,,USA,UNITED STATES,45 MACARTHUR DR,,65508,SCHENECTADY,36093,SCHENECTADY,36,NY,NEW YORK,12302,2807,NY-20,NY-20,,,,STATE-WIDE,USA,UNITED STATES,NY*****,,,,36,NEW YORK,,NY-20,,,45.024,PROMOTION OF THE ARTS GRANTS TO ORGANIZATIONS AND INDIVIDUALS,2023NEA01CA,TO SUPPORT OPPORTUNITIES FOR ALL PEOPLE TO PARTICIPATE IN THE ARTS AND ARTS EDUCATION.,04,PROJECT GRANT (B),,,,,PURPOSE: TO SUPPORT A MUSICAL COLLABORATION BETWEEN COMPOSER HORACIO FERNANDEZ AND STUDENTS.,PURPOSE: TO SUPPORT A MUSICAL COLLABORATION BETWEEN COMPOSER HORACIO FERNANDEZ AND STUDENTS.,NON,NOT RECOVERY ACT,M,NONPROFIT WITH 501C3 IRS STATUS (OTHER THAN AN INSTITUTION OF HIGHER EDUCATION),,,A1,New Award,2,NON-AGGREGATE RECORD,,,,,,,,,,,https://www.usaspending.gov/award/ASST_NON_1925896-78-24_417/,2024-02-28 14:35:32.035384+00,2024-02-28 14:35:32.035384+00,recipient county outside NYC
5920_1925908-78-24_-NONE-_45.024_-NONE-,ASST_NON_1925908-78-24_417,1925908-78-24,,,SAI EXEMPT,10000.00,10000.00,10000.00,0.00,0.00,0.00,0.00,0.00,0.00,0.00,10000.00,Q: Not Designated Nonemergency/Emergency/Disaster/Wildfire Suppression,,,,,2024-01-24,2024,2024-02-01,2024-11-30,417,National Endowment for the Arts,5920,National Endowment for the Arts,593105,NATIONAL ENDOWMENT FOR THE ARTS,417,National Endowment for the Arts,5920,National Endowment for the Arts,593105,NATIONAL ENDOWMENT FOR THE ARTS,417-X-0100-000,417-0100,"41.0: Grants, subsidies, and contributions",0001: PROMOTION OF THE ARTS,MB76TJECYB11,,IROQUOIS INDIAN MUSEUM,IROQUOIS INDIAN MUSEUM,DSYRNPEYQDT8,,,,USA,UNITED STATES,324 CAVERNS RD,,35892,HOWES CAVE,36095,SCHOHARIE,36,NY,NEW YORK,12092,1813,NY-21,NY-21,,,,STATE-WIDE,USA,UNITED STATES,NY*****,,,,36,NEW YORK,,NY-21,,,45.024,PROMOTION OF THE ARTS GRANTS TO ORGANIZATIONS AND INDIVIDUALS,2023NEA01CA,TO SUPPORT OPPORTUNITIES FOR ALL PEOPLE TO PARTICIPATE IN THE ARTS AND ARTS EDUCATION.,04,PROJECT GRANT (B),,,,,PURPOSE: TO SUPPORT AN ARTIST RESIDENCY BY SCULPTOR MARGARET JACOBS  INCLUDING THE CREATION OF NEW WORK.,"PURPOSE: TO SUPPORT AN ARTIST RESIDENCY BY SCULPTOR
MARGARET JACOBS, INCLUDING THE CREATION OF NEW WORK.",NON,NOT RECOVERY ACT,M,NONPROFIT WITH 501C3 IRS STATUS (OTHER THAN AN INSTITUTION OF HIGHER EDUCATION),,,A1,New Award,2,NON-AGGREGATE RECORD,,,,,,,,,,,https://www.usaspending.gov/award/ASST_NON_1925908-78-24_417/,2024-01-26 17:31:39.918365+00,2024-01-26 17:31:39.918365+00,recipient county outside NYC
5920_1925908-78-24_-NONE-_45.024_1,ASST_NON_1925908-78-24_417,1925908-78-24,1,,SAI EXEMPT,0.00,10000.00,10000.00,0.00,0.00,0.00,0.00,0.00,0.00,0.00,0.00,Q: Not Designated Nonemergency/Emergency/Disaster/Wildfire Suppression,,,,,2024-01-24,2024,2024-02-01,2024-12-31,417,National Endowment for the Arts,5920,National Endowment for the Arts,593105,NATIONAL ENDOWMENT FOR THE ARTS,417,National Endowment for the Arts,5920,National Endowment for the Arts,593105,NATIONAL ENDOWMENT FOR THE ARTS,417-X-0100-000,417-0100,"41.0: Grants, subsidies, and contributions",0001: PROMOTION OF THE ARTS,MB76TJECYB11,,IROQUOIS INDIAN MUSEUM,IROQUOIS INDIAN MUSEUM,MB76TJECYB11,,IROQUOIS INDIAN MUSEUM,,USA,UNITED STATES,324 CAVERNS RD,,35892,HOWES CAVE,36095,SCHOHARIE,36,NY,NEW YORK,12092,1813,NY-21,NY-21,,,,STATE-WIDE,USA,UNITED STATES,NY*****,,,,36,NEW YORK,,NY-21,,,45.024,PROMOTION OF THE ARTS GRANTS TO ORGANIZATIONS AND INDIVIDUALS,2023NEA01CA,,04,PROJECT GRANT (B),,,,,"PURPOSE: TO SUPPORT AN ARTIST RESIDENCY BY SCULPTOR
MARGARET JACOBS, INCLUDING THE CREATION OF NEW WORK.","PURPOSE: TO SUPPORT AN ARTIST RESIDENCY BY SCULPTOR
MARGARET JACOBS, INCLUDING THE CREATION OF NEW WORK.",NON,NOT RECOVERY ACT,M,NONPROFIT WITH 501C3 IRS STATUS (OTHER THAN AN INSTITUTION OF HIGHER EDUCATION),,,A1,New Award,2,NON-AGGREGATE RECORD,,,,,,,,,,,https://www.usaspending.gov/award/ASST_NON_1925908-78-24_417/,2024-09-25 15:03:38.491671+00,2024-09-25 15:03:38.491671+00,recipient county outside NYC
5920_1925921-78-24_-NONE-_45.024_-NONE-,ASST_NON_1925921-78-24_417,1925921-78-24,,,SAI EXEMPT,10000.00,10000.00,10000.00,0.00,0.00,0.00,0.00,0.00,0.00,0.00,10000.00,Q: Not Designated Nonemergency/Emergency/Disaster/Wildfire Suppression,,,,,2024-03-19,2024,2024-01-01,2024-12-31,417,National Endowment for the Arts,5920,National Endowment for the Arts,593105,NATIONAL ENDOWMENT FOR THE ARTS,417,National Endowment for the Arts,5920,National Endowment for the Arts,593105,NATIONAL ENDOWMENT FOR THE ARTS,417-X-0100-000,417-0100,"41.0: Grants, subsidies, and contributions",0001: PROMOTION OF THE ARTS,LTH6PU598CS4,,"PARAMOUNT HUDSON VALLEY ARTS, INC",PARAMOUNT HUDSON VALLEY ARTS INC.,,,,,USA,UNITED STATES,1008 BROWN ST,,56979,PEEKSKILL,36119,WESTCHESTER,36,NY,NEW YORK,10566,3606,NY-17,NY-17,,,,STATE-WIDE,USA,UNITED STATES,NY*****,,,,36,NEW YORK,,NY-17,,,45.024,PROMOTION OF THE ARTS GRANTS TO ORGANIZATIONS AND INDIVIDUALS,2023NEA01CA,TO SUPPORT OPPORTUNITIES FOR ALL PEOPLE TO PARTICIPATE IN THE ARTS AND ARTS EDUCATION.,04,PROJECT GRANT (B),,,,,PURPOSE: TO SUPPORT PERFORMANCES CELEBRATING THE ARTS OF AFRICA.,PURPOSE: TO SUPPORT PERFORMANCES CELEBRATING THE ARTS OF AFRICA.,NON,NOT RECOVERY ACT,M,NONPROFIT WITH 501C3 IRS STATUS (OTHER THAN AN INSTITUTION OF HIGHER EDUCATION),,,A1,New Award,2,NON-AGGREGATE RECORD,,,,,,,,,,,https://www.usaspending.gov/award/ASST_NON_1925921-78-24_417/,2024-03-25 17:53:19.983993+00,2024-03-25 17:53:19.983993+00,recipient county outside NYC
5920_1925949-78-24_-NONE-_45.024_-NONE-,ASST_NON_1925949-78-24_417,1925949-78-24,,,SAI EXEMPT,10000.00,10000.00,10000.00,0.00,0.00,0.00,0.00,0.00,0.00,0.00,10000.00,Q: Not Designated Nonemergency/Emergency/Disaster/Wildfire Suppression,,,,,2024-03-06,2024,2024-01-01,2024-11-30,417,National Endowment for the Arts,5920,National Endowment for the Arts,593105,NATIONAL ENDOWMENT FOR THE ARTS,417,National Endowment for the Arts,5920,National Endowment for the Arts,593105,NATIONAL ENDOWMENT FOR THE ARTS,417-X-0100-000,417-0100,"41.0: Grants, subsidies, and contributions",0001: PROMOTION OF THE ARTS,UDGVHFDKQEZ9,,LATINX PLAYWRIGHTS CIRCLE INC.,LATINX PLAYWRIGHTS CIRCLE,,,,,USA,UNITED STATES,22 RED BARN LN,,47042,MIDDLETOWN,36071,ORANGE,36,NY,NEW YORK,10940,2602,NY-18,NY-18,,,,STATE-WIDE,USA,UNITED STATES,NY*****,,,,36,NEW YORK,,NY-18,,,45.024,PROMOTION OF THE ARTS GRANTS TO ORGANIZATIONS AND INDIVIDUALS,2023NEA01CA,TO SUPPORT OPPORTUNITIES FOR ALL PEOPLE TO PARTICIPATE IN THE ARTS AND ARTS EDUCATION.,04,PROJECT GRANT (B),,,,,PURPOSE: TO SUPPORT A MENTORSHIP PROGRAM FOR PLAYWRIGHTS.,PURPOSE: TO SUPPORT A MENTORSHIP PROGRAM FOR PLAYWRIGHTS.,NON,NOT RECOVERY ACT,M,NONPROFIT WITH 501C3 IRS STATUS (OTHER THAN AN INSTITUTION OF HIGHER EDUCATION),,,A1,New Award,2,NON-AGGREGATE RECORD,,,,,,,,,,,https://www.usaspending.gov/award/ASST_NON_1925949-78-24_417/,2024-03-25 17:53:19.983993+00,2024-03-25 17:53:19.983993+00,recipient county outside NYC
5920_1926022-78-24_-NONE-_45.024_-NONE-,ASST_NON_1926022-78-24_417,1926022-78-24,,,SAI EXEMPT,10000.00,10000.00,10000.00,3462.00,0.00,0.00,0.00,0.00,0.00,0.00,10000.00,Q: Not Designated Nonemergency/Emergency/Disaster/Wildfire Suppression,,,,,2024-03-22,2024,2024-01-01,2024-12-31,417,National Endowment for the Arts,5920,National Endowment for the Arts,593105,NATIONAL ENDOWMENT FOR THE ARTS,417,National Endowment for the Arts,5920,National Endowment for the Arts,593105,NATIONAL ENDOWMENT FOR THE ARTS,417-X-0100-000,417-0100,"41.0: Grants, subsidies, and contributions",0001: PROMOTION OF THE ARTS,XLJ9UCGBJFV7,,"THE PUBLIC BROADCASTING COUNCIL OF CENTRAL NEW YORK, INC.",PUBLIC BROADCASTING COUNCIL OF CENTRAL NEW YORK  INC.,XLJ9UCGBJFV7,,"THE PUBLIC BROADCASTING COUNCIL OF CENTRAL NEW YORK, INC.",THE PUBLIC BROADCASTING COUNCIL OF CENTRAL NEW YORK INC,USA,UNITED STATES,415 W FAYETTE ST,,73000,SYRACUSE,36067,ONONDAGA,36,NY,NEW YORK,13204,2941,NY-22,NY-22,,,,STATE-WIDE,USA,UNITED STATES,NY*****,,,,36,NEW YORK,,NY-22,,,45.024,PROMOTION OF THE ARTS GRANTS TO ORGANIZATIONS AND INDIVIDUALS,2023NEA01CA,TO SUPPORT OPPORTUNITIES FOR ALL PEOPLE TO PARTICIPATE IN THE ARTS AND ARTS EDUCATION.,04,PROJECT GRANT (B),,,,,PURPOSE: TO SUPPORT PRODUCTION OF A RADIO PROGRAM CELEBRATING WOMEN IN CLASSICAL MUSIC.,PURPOSE: TO SUPPORT PRODUCTION OF A RADIO PROGRAM CELEBRATING WOMEN IN CLASSICAL MUSIC.,NON,NOT RECOVERY ACT,M,NONPROFIT WITH 501C3 IRS STATUS (OTHER THAN AN INSTITUTION OF HIGHER EDUCATION),,,A1,New Award,2,NON-AGGREGATE RECORD,,,,,,,,,,,https://www.usaspending.gov/award/ASST_NON_1926022-78-24_417/,2024-03-25 17:53:19.983993+00,2024-03-25 17:53:19.983993+00,recipient county outside NYC
5920_1926026-78-24_-NONE-_45.024_-NONE-,ASST_NON_1926026-78-24_417,1926026-78-24,,,SAI EXEMPT,10000.00,10000.00,10000.00,0.00,0.00,0.00,0.00,0.00,0.00,0.00,10000.00,Q: Not Designated Nonemergency/Emergency/Disaster/Wildfire Suppression,,,,,2024-03-25,2024,2024-01-01,2024-12-31,417,National Endowment for the Arts,5920,National Endowment for the Arts,593105,NATIONAL ENDOWMENT FOR THE ARTS,417,National Endowment for the Arts,5920,National Endowment for the Arts,593105,NATIONAL ENDOWMENT FOR THE ARTS,417-X-0100-000,417-0100,"41.0: Grants, subsidies, and contributions",0001: PROMOTION OF THE ARTS,XVZMN3GQWVD5,,IMAGINE THIS WOMENS FILM FESTIVAL INC,IMAGINE THIS WOMENS FILM FESTIVAL INC,,,,,USA,UNITED STATES,3 LAMPLIGHT VILLAGE RD APT K,,47988,MONROE,36071,ORANGE,36,NY,NEW YORK,10950,4211,NY-18,NY-18,,,,STATE-WIDE,USA,UNITED STATES,NY*****,,,,36,NEW YORK,,NY-18,,,45.024,PROMOTION OF THE ARTS GRANTS TO ORGANIZATIONS AND INDIVIDUALS,2023NEA01CA,TO SUPPORT OPPORTUNITIES FOR ALL PEOPLE TO PARTICIPATE IN THE ARTS AND ARTS EDUCATION.,04,PROJECT GRANT (B),,,,,PURPOSE: TO SUPPORT THE IMAGINE THIS WOMEN’S FILM FESTIVAL&NBSP; AND RELATED PUBLIC PROGRAMMING.,PURPOSE: TO SUPPORT THE IMAGINE THIS WOMEN’S FILM FESTIVAL&NBSP; AND RELATED PUBLIC PROGRAMMING.,NON,NOT RECOVERY ACT,M,NONPROFIT WITH 501C3 IRS STATUS (OTHER THAN AN INSTITUTION OF HIGHER EDUCATION),,,A1,New Award,2,NON-AGGREGATE RECORD,,,,,,,,,,,https://www.usaspending.gov/award/ASST_NON_1926026-78-24_417/,2024-03-25 17:53:19.983993+00,2024-03-25 17:53:19.983993+00,recipient county outside NYC
5920_1926127-78-24_-NONE-_45.024_-NONE-,ASST_NON_1926127-78-24_417,1926127-78-24,,,SAI EXEMPT,10000.00,10000.00,10000.00,0.00,0.00,0.00,0.00,0.00,0.00,0.00,10000.00,Q: Not Designated Nonemergency/Emergency/Disaster/Wildfire Suppression,,,,,2024-02-09,2024,2024-01-01,2024-06-30,417,National Endowment for the Arts,5920,National Endowment for the Arts,593105,NATIONAL ENDOWMENT FOR THE ARTS,417,National Endowment for the Arts,5920,National Endowment for the Arts,593105,NATIONAL ENDOWMENT FOR THE ARTS,417-X-0100-000,417-0100,"41.0: Grants, subsidies, and contributions",0001: PROMOTION OF THE ARTS,WNFAQBH6HW94,,LANDMARK ON MAIN STREET,LANDMARK ON MAIN STREET INC,WNFAQBH6HW94,,LANDMARK ON MAIN STREET,,USA,UNITED STATES,232 MAIN ST STE 1,,59520,PORT WASHINGTON,36059,NASSAU,36,NY,NEW YORK,11050,3262,NY-03,NY-03,,,,STATE-WIDE,USA,UNITED STATES,NY*****,,,,36,NEW YORK,,NY-03,,,45.024,PROMOTION OF THE ARTS GRANTS TO ORGANIZATIONS AND INDIVIDUALS,2023NEA01CA,TO SUPPORT OPPORTUNITIES FOR ALL PEOPLE TO PARTICIPATE IN THE ARTS AND ARTS EDUCATION.,04,PROJECT GRANT (B),,,,,PURPOSE: TO SUPPORT MULTIDISCIPLINARY PERFORMING ARTS PROGRAMMING.,PURPOSE: TO SUPPORT MULTIDISCIPLINARY PERFORMING ARTS PROGRAMMING.,NON,NOT RECOVERY ACT,M,NONPROFIT WITH 501C3 IRS STATUS (OTHER THAN AN INSTITUTION OF HIGHER EDUCATION),,,A1,New Award,2,NON-AGGREGATE RECORD,,,,,,,,,,,https://www.usaspending.gov/award/ASST_NON_1926127-78-24_417/,2024-02-28 14:35:32.035384+00,2024-02-28 14:35:32.035384+00,recipient county outside NYC
5920_1926130-78-24_-NONE-_45.024_-NONE-,ASST_NON_1926130-78-24_417,1926130-78-24,,,SAI EXEMPT,10000.00,10000.00,10000.00,1914.00,0.00,0.00,0.00,0.00,0.00,0.00,10000.00,Q: Not Designated Nonemergency/Emergency/Disaster/Wildfire Suppression,,,,,2024-04-05,2024,2024-01-01,2025-08-31,417,National Endowment for the Arts,5920,National Endowment for the Arts,593105,NATIONAL ENDOWMENT FOR THE ARTS,417,National Endowment for the Arts,5920,National Endowment for the Arts,593105,NATIONAL ENDOWMENT FOR THE ARTS,417-X-0100-000,417-0100,"41.0: Grants, subsidies, and contributions",0001: PROMOTION OF THE ARTS,HHXZVHDCMTY5,,HISTORIC CHERRY HILL,HISTORIC CHERRY HILL,,,,,USA,UNITED STATES,523 1/2 S PEARL ST,,01000,ALBANY,36001,ALBANY,36,NY,NEW YORK,12202,1111,NY-20,NY-20,,,,STATE-WIDE,USA,UNITED STATES,NY*****,,,,36,NEW YORK,,NY-20,,,45.024,PROMOTION OF THE ARTS GRANTS TO ORGANIZATIONS AND INDIVIDUALS,2023NEA01CA,TO SUPPORT OPPORTUNITIES FOR ALL PEOPLE TO PARTICIPATE IN THE ARTS AND ARTS EDUCATION.,04,PROJECT GRANT (B),,,,,PURPOSE: TO SUPPORT AN EXHIBITION OF VISUAL ART WORKS COMMISSIONED TO RESPOND TO THE LIFE OF JAMES KNAPP  A 19TH-CENTURY BLACK RESIDENT OF ALBANY  NEW YORK.,"PURPOSE: TO SUPPORT AN EXHIBITION OF VISUAL ART WORKS
COMMISSIONED TO RESPOND TO THE LIFE OF JAMES KNAPP, A 19TH-CENTURY BLACK
RESIDENT OF ALBANY, NEW YORK.",NON,NOT RECOVERY ACT,M,NONPROFIT WITH 501C3 IRS STATUS (OTHER THAN AN INSTITUTION OF HIGHER EDUCATION),,,A1,New Award,2,NON-AGGREGATE RECORD,,,,,,,,,,,https://www.usaspending.gov/award/ASST_NON_1926130-78-24_417/,2024-04-24 19:01:12.217324+00,2024-04-24 19:01:12.217324+00,recipient county outside NYC
5920_1926130-78-24_-NONE-_45.024_3,ASST_NON_1926130-78-24_417,1926130-78-24,3,,SAI EXEMPT,0.00,10000.00,10000.00,1914.00,0.00,0.00,0.00,0.00,0.00,0.00,0.00,Q: Not Designated Nonemergency/Emergency/Disaster/Wildfire Suppression,,,,,2024-04-05,2024,2024-01-01,2025-05-31,417,National Endowment for the Arts,5920,National Endowment for the Arts,593105,NATIONAL ENDOWMENT FOR THE ARTS,417,National Endowment for the Arts,5920,National Endowment for the Arts,593105,NATIONAL ENDOWMENT FOR THE ARTS,417-X-0100-000,417-0100,"41.0: Grants, subsidies, and contributions",0001: PROMOTION OF THE ARTS,HHXZVHDCMTY5,,HISTORIC CHERRY HILL,HISTORIC CHERRY HILL,,,,,USA,UNITED STATES,523 1/2 S PEARL ST,,01000,ALBANY,36001,ALBANY,36,NY,NEW YORK,12202,1111,NY-20,NY-20,,,,STATE-WIDE,USA,UNITED STATES,NY*****,,,,36,NEW YORK,,NY-20,,,45.024,PROMOTION OF THE ARTS GRANTS TO ORGANIZATIONS AND INDIVIDUALS,2023NEA01CA,TO SUPPORT OPPORTUNITIES FOR ALL PEOPLE TO PARTICIPATE IN THE ARTS AND ARTS EDUCATION.,04,PROJECT GRANT (B),,,,,"PURPOSE: TO SUPPORT AN EXHIBITION OF VISUAL ART WORKS
COMMISSIONED TO RESPOND TO THE LIFE OF JAMES KNAPP, A 19TH-CENTURY BLACK
RESIDENT OF ALBANY, NEW YORK.","PURPOSE: TO SUPPORT AN EXHIBITION OF VISUAL ART WORKS
COMMISSIONED TO RESPOND TO THE LIFE OF JAMES KNAPP, A 19TH-CENTURY BLACK
RESIDENT OF ALBANY, NEW YORK.",NON,NOT RECOVERY ACT,M,NONPROFIT WITH 501C3 IRS STATUS (OTHER THAN AN INSTITUTION OF HIGHER EDUCATION),,,A1,New Award,2,NON-AGGREGATE RECORD,,,,,,,,,,,https://www.usaspending.gov/award/ASST_NON_1926130-78-24_417/,2025-05-29 15:25:04.378853+00,2025-05-29 15:25:04.378853+00,recipient county outside NYC
5920_1926134-78-24_-NONE-_45.024_-NONE-,ASST_NON_1926134-78-24_417,1926134-78-24,,,SAI EXEMPT,10000.00,10000.00,10000.00,0.00,0.00,0.00,0.00,0.00,0.00,0.00,10000.00,Q: Not Designated Nonemergency/Emergency/Disaster/Wildfire Suppression,,,,,2024-03-06,2024,2024-01-01,2024-08-31,417,National Endowment for the Arts,5920,National Endowment for the Arts,593105,NATIONAL ENDOWMENT FOR THE ARTS,417,National Endowment for the Arts,5920,National Endowment for the Arts,593105,NATIONAL ENDOWMENT FOR THE ARTS,417-X-0100-000,417-0100,"41.0: Grants, subsidies, and contributions",0001: PROMOTION OF THE ARTS,EU7WTPS4RAL1,,"AMERICAN DANCE ASYLUM, INC.",AMERICAN DANCE ASYLUM  INC.,,,,,USA,UNITED STATES,259 PINE ST,,18256,CORNING,36101,STEUBEN,36,NY,NEW YORK,14830,3149,NY-23,NY-23,,,,STATE-WIDE,USA,UNITED STATES,NY*****,,,,36,NEW YORK,,NY-23,,,45.024,PROMOTION OF THE ARTS GRANTS TO ORGANIZATIONS AND INDIVIDUALS,2023NEA01CA,TO SUPPORT OPPORTUNITIES FOR ALL PEOPLE TO PARTICIPATE IN THE ARTS AND ARTS EDUCATION.,04,PROJECT GRANT (B),,,,,PURPOSE: TO SUPPORT THE DEVELOPMENT AND PRESENTATION OF A NEW WORK BY PASSION FRUIT DANCE COMPANY.,PURPOSE: TO SUPPORT THE DEVELOPMENT AND PRESENTATION OF A NEW WORK BY PASSION FRUIT DANCE COMPANY.,NON,NOT RECOVERY ACT,M,NONPROFIT WITH 501C3 IRS STATUS (OTHER THAN AN INSTITUTION OF HIGHER EDUCATION),,,A1,New Award,2,NON-AGGREGATE RECORD,,,,,,,,,,,https://www.usaspending.gov/award/ASST_NON_1926134-78-24_417/,2024-03-25 17:53:19.983993+00,2024-03-25 17:53:19.983993+00,recipient county outside NYC
5920_1926432-44-24_-NONE-_45.024_-NONE-,ASST_NON_1926432-44-24_417,1926432-44-24,,,SAI EXEMPT,25000.00,25000.00,25000.00,6701.00,0.00,0.00,0.00,0.00,0.00,0.00,25000.00,Q: Not Designated Nonemergency/Emergency/Disaster/Wildfire Suppression,,,,,2024-08-13,2024,2024-07-01,2025-06-30,417,National Endowment for the Arts,5920,National Endowment for the Arts,593105,NATIONAL ENDOWMENT FOR THE ARTS,417,National Endowment for the Arts,5920,National Endowment for the Arts,593105,NATIONAL ENDOWMENT FOR THE ARTS,417-X-0100-000,417-0100,"41.0: Grants, subsidies, and contributions",0001: PROMOTION OF THE ARTS,T76JMGGN39A1,,KATONAH MUSEUM OF ART,KATONAH MUSEUM OF ART  INC.,,,,,USA,UNITED STATES,RT 22 AT JAY ST,,38946,KATONAH,36119,WESTCHESTER,36,NY,NEW YORK,10536,,NY-17,NY-17,,,,STATE-WIDE,USA,UNITED STATES,NY*****,,,,36,NEW YORK,,NY-17,,,45.024,PROMOTION OF THE ARTS GRANTS TO ORGANIZATIONS AND INDIVIDUALS,2023NEA01GAP2,TO SUPPORT OPPORTUNITIES FOR ALL PEOPLE TO PARTICIPATE IN THE ARTS AND ARTS EDUCATION.,04,PROJECT GRANT (B),,,,,PURPOSE: TO SUPPORT A BILINGUAL ARTS EDUCATION AND COMMUNITY ENGAGEMENT PROGRAM.,"PURPOSE: TO SUPPORT A BILINGUAL
ARTS EDUCATION AND COMMUNITY ENGAGEMENT PROGRAM.",NON,NOT RECOVERY ACT,M,NONPROFIT WITH 501C3 IRS STATUS (OTHER THAN AN INSTITUTION OF HIGHER EDUCATION),,,A1,New Award,2,NON-AGGREGATE RECORD,,,,,,,,,,,https://www.usaspending.gov/award/ASST_NON_1926432-44-24_417/,2024-08-28 15:45:26.815488+00,2024-08-28 15:45:26.815488+00,recipient county outside NYC
5920_1926432-44-24_-NONE-_45.024_1,ASST_NON_1926432-44-24_417,1926432-44-24,1,,SAI EXEMPT,0.00,25000.00,25000.00,6701.00,0.00,0.00,0.00,0.00,0.00,0.00,0.00,Q: Not Designated Nonemergency/Emergency/Disaster/Wildfire Suppression,,,,,2024-08-13,2024,2024-07-01,2025-05-31,417,National Endowment for the Arts,5920,National Endowment for the Arts,593105,NATIONAL ENDOWMENT FOR THE ARTS,417,National Endowment for the Arts,5920,National Endowment for the Arts,593105,NATIONAL ENDOWMENT FOR THE ARTS,417-X-0100-000,417-0100,"41.0: Grants, subsidies, and contributions",0001: PROMOTION OF THE ARTS,T76JMGGN39A1,,KATONAH MUSEUM OF ART,"KATONAH MUSEUM OF ART, INC.",,,,,USA,UNITED STATES,RT 22 AT JAY ST,,38946,KATONAH,36119,WESTCHESTER,36,NY,NEW YORK,10536,,NY-17,NY-17,,,,STATE-WIDE,USA,UNITED STATES,NY*****,,,,36,NEW YORK,,NY-17,,,45.024,PROMOTION OF THE ARTS GRANTS TO ORGANIZATIONS AND INDIVIDUALS,2023NEA01GAP2,TO SUPPORT OPPORTUNITIES FOR ALL PEOPLE TO PARTICIPATE IN THE ARTS AND ARTS EDUCATION.,04,PROJECT GRANT (B),,,,,"PURPOSE: TO SUPPORT A BILINGUAL
ARTS EDUCATION AND COMMUNITY ENGAGEMENT PROGRAM.","PURPOSE: TO SUPPORT A BILINGUAL
ARTS EDUCATION AND COMMUNITY ENGAGEMENT PROGRAM.",NON,NOT RECOVERY ACT,M,NONPROFIT WITH 501C3 IRS STATUS (OTHER THAN AN INSTITUTION OF HIGHER EDUCATION),,,A1,New Award,2,NON-AGGREGATE RECORD,,,,,,,,,,,https://www.usaspending.gov/award/ASST_NON_1926432-44-24_417/,2025-05-29 15:25:04.378853+00,2025-05-29 15:25:04.378853+00,recipient county outside NYC
5920_1927110-34-24_-NONE-_45.024_-NONE-,ASST_NON_1927110-34-24_417,1927110-34-24,,,SAI EXEMPT,25000.00,22896.00,22896.00,0.00,0.00,0.00,0.00,0.00,0.00,0.00,25000.00,Q: Not Designated Nonemergency/Emergency/Disaster/Wildfire Suppression,,,,,2024-08-26,2024,2024-07-01,2026-06-30,417,National Endowment for the Arts,5920,National Endowment for the Arts,593105,NATIONAL ENDOWMENT FOR THE ARTS,417,National Endowment for the Arts,5920,National Endowment for the Arts,593105,NATIONAL ENDOWMENT FOR THE ARTS,417-X-0100-000,417-0100,"41.0: Grants, subsidies, and contributions",0001: PROMOTION OF THE ARTS,FK6LGB22GGY3,,TORN SPACE THEATER INC,TORN SPACE THEATER INC.,,,,,USA,UNITED STATES,270 LAFAYETTE AVE,,11000,BUFFALO,36029,ERIE,36,NY,NEW YORK,14213,1455,NY-26,NY-26,,,,STATE-WIDE,USA,UNITED STATES,NY*****,,,,36,NEW YORK,,NY-26,,,45.024,PROMOTION OF THE ARTS GRANTS TO ORGANIZATIONS AND INDIVIDUALS,2023NEA01GAP2,TO SUPPORT OPPORTUNITIES FOR ALL PEOPLE TO PARTICIPATE IN THE ARTS AND ARTS EDUCATION.,04,PROJECT GRANT (B),,,,,PURPOSE: TO SUPPORT THE COLLABORATIVE DEVELOPMENT OF MULTIMEDIA PERFORMANCES.,"PURPOSE: TO
SUPPORT THE COLLABORATIVE DEVELOPMENT OF MULTIMEDIA PERFORMANCES.",NON,NOT RECOVERY ACT,M,NONPROFIT WITH 501C3 IRS STATUS (OTHER THAN AN INSTITUTION OF HIGHER EDUCATION),,,A1,New Award,2,NON-AGGREGATE RECORD,,,,,,,,,,,https://www.usaspending.gov/award/ASST_NON_1927110-34-24_417/,2024-08-28 15:45:26.815488+00,2024-08-28 15:45:26.815488+00,recipient county outside NYC
5920_1927110-34-24_-NONE-_45.024_3,ASST_NON_1927110-34-24_417,1927110-34-24,3,,SAI EXEMPT,0.00,22896.00,22896.00,0.00,0.00,0.00,0.00,0.00,0.00,0.00,0.00,Q: Not Designated Nonemergency/Emergency/Disaster/Wildfire Suppression,,,,,2024-08-26,2024,2024-07-01,2025-05-31,417,National Endowment for the Arts,5920,National Endowment for the Arts,593105,NATIONAL ENDOWMENT FOR THE ARTS,417,National Endowment for the Arts,5920,National Endowment for the Arts,593105,NATIONAL ENDOWMENT FOR THE ARTS,417-X-0100-000,417-0100,"41.0: Grants, subsidies, and contributions",0001: PROMOTION OF THE ARTS,FK6LGB22GGY3,,TORN SPACE THEATER INC,TORN SPACE THEATER INC.,,,,,USA,UNITED STATES,270 LAFAYETTE AVE,,11000,BUFFALO,36029,ERIE,36,NY,NEW YORK,14213,1455,NY-26,NY-26,,,,STATE-WIDE,USA,UNITED STATES,NY*****,,,,36,NEW YORK,,NY-26,,,45.024,PROMOTION OF THE ARTS GRANTS TO ORGANIZATIONS AND INDIVIDUALS,2023NEA01GAP2,TO SUPPORT OPPORTUNITIES FOR ALL PEOPLE TO PARTICIPATE IN THE ARTS AND ARTS EDUCATION.,04,PROJECT GRANT (B),,,,,"PURPOSE: TO
SUPPORT THE COLLABORATIVE DEVELOPMENT OF MULTIMEDIA PERFORMANCES.","PURPOSE: TO
SUPPORT THE COLLABORATIVE DEVELOPMENT OF MULTIMEDIA PERFORMANCES.",NON,NOT RECOVERY ACT,M,NONPROFIT WITH 501C3 IRS STATUS (OTHER THAN AN INSTITUTION OF HIGHER EDUCATION),,,A1,New Award,2,NON-AGGREGATE RECORD,,,,,,,,,,,https://www.usaspending.gov/award/ASST_NON_1927110-34-24_417/,2025-05-29 15:25:04.378853+00,2025-05-29 15:25:04.378853+00,recipient county outside NYC
5920_1927130-34-24_-NONE-_45.024_-NONE-,ASST_NON_1927130-34-24_417,1927130-34-24,,,SAI EXEMPT,30000.00,27986.47,27986.47,0.00,0.00,0.00,0.00,0.00,0.00,0.00,30000.00,Q: Not Designated Nonemergency/Emergency/Disaster/Wildfire Suppression,,,,,2024-06-17,2024,2024-06-01,2025-05-31,417,National Endowment for the Arts,5920,National Endowment for the Arts,593105,NATIONAL ENDOWMENT FOR THE ARTS,417,National Endowment for the Arts,5920,National Endowment for the Arts,593105,NATIONAL ENDOWMENT FOR THE ARTS,417-X-0100-000,417-0100,"41.0: Grants, subsidies, and contributions",0001: PROMOTION OF THE ARTS,J1B5PBG573T1,,ALFRED UNIVERSITY,ALFRED UNIVERSITY,,,ALFRED UNIVERSITY,ALFRED UNIVERSITY,USA,UNITED STATES,1 SAXON DR,,01198,ALFRED,36003,ALLEGANY,36,NY,NEW YORK,14802,1205,NY-23,NY-23,,,,STATE-WIDE,USA,UNITED STATES,NY*****,,,,36,NEW YORK,,NY-23,,,45.024,PROMOTION OF THE ARTS GRANTS TO ORGANIZATIONS AND INDIVIDUALS,2023NEA01GAP2,TO SUPPORT OPPORTUNITIES FOR ALL PEOPLE TO PARTICIPATE IN THE ARTS AND ARTS EDUCATION.,04,PROJECT GRANT (B),,,,,PURPOSE: TO SUPPORT AN ARTIST RESIDENCY PROGRAM AT THE INSTITUTE FOR ELECTRONIC ARTS.,PURPOSE: TO SUPPORT AN ARTIST RESIDENCY PROGRAM AT THE INSTITUTE FOR ELECTRONIC ARTS.,NON,NOT RECOVERY ACT,M,NONPROFIT WITH 501C3 IRS STATUS (OTHER THAN AN INSTITUTION OF HIGHER EDUCATION),,,A1,New Award,2,NON-AGGREGATE RECORD,,,,,,,,,,,https://www.usaspending.gov/award/ASST_NON_1927130-34-24_417/,2024-06-26 18:10:15.696621+00,2024-06-26 18:10:15.696621+00,recipient county outside NYC
5920_1927130-34-24_-NONE-_45.024_2,ASST_NON_1927130-34-24_417,1927130-34-24,2,,SAI EXEMPT,-2013.53,27986.47,27986.47,0.00,0.00,0.00,0.00,0.00,0.00,0.00,-2013.53,Q: Not Designated Nonemergency/Emergency/Disaster/Wildfire Suppression,,,,,2025-09-22,2025,2024-06-01,2025-05-31,417,National Endowment for the Arts,5920,National Endowment for the Arts,593105,NATIONAL ENDOWMENT FOR THE ARTS,417,National Endowment for the Arts,5920,National Endowment for the Arts,593105,NATIONAL ENDOWMENT FOR THE ARTS,417-X-0100-000,417-0100,"41.0: Grants, subsidies, and contributions",0001: PROMOTION OF THE ARTS,J1B5PBG573T1,,ALFRED UNIVERSITY,ALFRED UNIVERSITY,,,ALFRED UNIVERSITY,ALFRED UNIVERSITY,USA,UNITED STATES,1 SAXON DR,,01198,ALFRED,36003,ALLEGANY,36,NY,NEW YORK,14802,,NY-23,NY-23,,,,STATE-WIDE,USA,UNITED STATES,NY*****,,,,36,NEW YORK,,NY-23,,,45.024,PROMOTION OF THE ARTS GRANTS TO ORGANIZATIONS AND INDIVIDUALS,2023NEA01GAP2,TO SUPPORT OPPORTUNITIES FOR ALL PEOPLE TO PARTICIPATE IN THE ARTS AND ARTS EDUCATION.,04,PROJECT GRANT (B),,,,,PURPOSE: TO SUPPORT AN ARTIST RESIDENCY PROGRAM AT THE INSTITUTE FOR ELECTRONIC ARTS.,PURPOSE: TO SUPPORT AN ARTIST RESIDENCY PROGRAM AT THE INSTITUTE FOR ELECTRONIC ARTS.,NON,NOT RECOVERY ACT,M,NONPROFIT WITH 501C3 IRS STATUS (OTHER THAN AN INSTITUTION OF HIGHER EDUCATION),,,A1,New Award,2,NON-AGGREGATE RECORD,,,,,,,,,,,https://www.usaspending.gov/award/ASST_NON_1927130-34-24_417/,2025-09-25 15:19:46.614454+00,2025-09-25 15:19:46.614454+00,recipient county outside NYC
5920_1927133-51-24_-NONE-_45.024_-NONE-,ASST_NON_1927133-51-24_417,1927133-51-24,,,SAI EXEMPT,25000.00,25000.00,25000.00,0.00,0.00,0.00,0.00,0.00,0.00,0.00,25000.00,Q: Not Designated Nonemergency/Emergency/Disaster/Wildfire Suppression,,,,,2024-04-23,2024,2024-06-01,2025-05-31,417,National Endowment for the Arts,5920,National Endowment for the Arts,593105,NATIONAL ENDOWMENT FOR THE ARTS,417,National Endowment for the Arts,5920,National Endowment for the Arts,593105,NATIONAL ENDOWMENT FOR THE ARTS,417-X-0100-000,417-0100,"41.0: Grants, subsidies, and contributions",0001: PROMOTION OF THE ARTS,EV7FDZ5HCQE3,,"WESTERN NEW YORK BOOK ARTS COLLABORATIVE, INC.",WESTERN NEW YORK BOOK ARTS COLLABORATIVE  INC.,,,,,USA,UNITED STATES,468 WASHINGTON ST,,11000,BUFFALO,36029,ERIE,36,NY,NEW YORK,14203,1749,NY-26,NY-26,,,,STATE-WIDE,USA,UNITED STATES,NY*****,,,,36,NEW YORK,,NY-26,,,45.024,PROMOTION OF THE ARTS GRANTS TO ORGANIZATIONS AND INDIVIDUALS,2023NEA01GAP2,TO SUPPORT OPPORTUNITIES FOR ALL PEOPLE TO PARTICIPATE IN THE ARTS AND ARTS EDUCATION.,04,PROJECT GRANT (B),,,,,PURPOSE: TO SUPPORT PRINTING PARTNERS  A FREE BOOK ARTS EDUCATION PROGRAM FOR STUDENTS.,PURPOSE: TO SUPPORT PRINTING PARTNERS  A FREE BOOK ARTS EDUCATION PROGRAM FOR STUDENTS.,NON,NOT RECOVERY ACT,M,NONPROFIT WITH 501C3 IRS STATUS (OTHER THAN AN INSTITUTION OF HIGHER EDUCATION),,,A1,New Award,2,NON-AGGREGATE RECORD,,,,,,,,,,,https://www.usaspending.gov/award/ASST_NON_1927133-51-24_417/,2024-04-24 19:01:12.217324+00,2024-04-24 19:01:12.217324+00,recipient county outside NYC
5920_1927151-32-24_-NONE-_45.024_-NONE-,ASST_NON_1927151-32-24_417,1927151-32-24,,,SAI EXEMPT,20000.00,20000.00,20000.00,0.00,0.00,0.00,0.00,0.00,0.00,0.00,20000.00,Q: Not Designated Nonemergency/Emergency/Disaster/Wildfire Suppression,,,,,2024-06-24,2024,2024-06-01,2024-07-31,417,National Endowment for the Arts,5920,National Endowment for the Arts,593105,NATIONAL ENDOWMENT FOR THE ARTS,417,National Endowment for the Arts,5920,National Endowment for the Arts,593105,NATIONAL ENDOWMENT FOR THE ARTS,417-X-0100-000,417-0100,"41.0: Grants, subsidies, and contributions",0001: PROMOTION OF THE ARTS,GZJBB9J5BAE3,,SPACE ON THE FARM INC,SPACE ON THE FARM,,,,,USA,UNITED STATES,406 STARR RIDGE RD,,08070,BREWSTER,36079,PUTNAM,36,NY,NEW YORK,10509,4705,NY-07,NY-17,,,,STATE-WIDE,USA,UNITED STATES,NY*****,,,,36,NEW YORK,,NY-07,,,45.024,PROMOTION OF THE ARTS GRANTS TO ORGANIZATIONS AND INDIVIDUALS,2023NEA01GAP2,TO SUPPORT OPPORTUNITIES FOR ALL PEOPLE TO PARTICIPATE IN THE ARTS AND ARTS EDUCATION.,04,PROJECT GRANT (B),,,,,PURPOSE: TO SUPPORT THE WORKING FARM RESIDENCY FOR THEATER ARTISTS AT SPACE ON RYDER FARM IN BREWSTER  NEW YORK.,PURPOSE: TO SUPPORT THE WORKING FARM RESIDENCY FOR THEATER ARTISTS AT SPACE ON RYDER FARM IN BREWSTER  NEW YORK.,NON,NOT RECOVERY ACT,M,NONPROFIT WITH 501C3 IRS STATUS (OTHER THAN AN INSTITUTION OF HIGHER EDUCATION),,,A1,New Award,2,NON-AGGREGATE RECORD,,,,,,,,,,,https://www.usaspending.gov/award/ASST_NON_1927151-32-24_417/,2024-06-26 18:10:15.696621+00,2024-06-26 18:10:15.696621+00,recipient county outside NYC
5920_1927258-31-24_-NONE-_45.024_-NONE-,ASST_NON_1927258-31-24_417,1927258-31-24,,,SAI EXEMPT,15000.00,15000.00,15000.00,0.00,0.00,0.00,0.00,0.00,0.00,0.00,15000.00,Q: Not Designated Nonemergency/Emergency/Disaster/Wildfire Suppression,,,,,2024-04-23,2024,2024-06-01,2024-12-31,417,National Endowment for the Arts,5920,National Endowment for the Arts,593105,NATIONAL ENDOWMENT FOR THE ARTS,417,National Endowment for the Arts,5920,National Endowment for the Arts,593105,NATIONAL ENDOWMENT FOR THE ARTS,417-X-0100-000,417-0100,"41.0: Grants, subsidies, and contributions",0001: PROMOTION OF THE ARTS,F5ZNH5QJTP37,,GENEVA MUSIC FESTIVAL INC,GENEVA MUSIC FESTIVAL INC,,,,,USA,UNITED STATES,124 N MAIN ST,,28640,GENEVA,36069,ONTARIO,36,NY,NEW YORK,14456,1604,NY-24,NY-24,,,,STATE-WIDE,USA,UNITED STATES,NY*****,,,,36,NEW YORK,,NY-24,,,45.024,PROMOTION OF THE ARTS GRANTS TO ORGANIZATIONS AND INDIVIDUALS,2023NEA01GAP2,TO SUPPORT OPPORTUNITIES FOR ALL PEOPLE TO PARTICIPATE IN THE ARTS AND ARTS EDUCATION.,04,PROJECT GRANT (B),,,,,PURPOSE: TO SUPPORT THE GENEVA MUSIC FESTIVAL OF CHAMBER MUSIC PERFORMANCES AND EDUCATIONAL ACTIVITIES.,PURPOSE: TO SUPPORT THE GENEVA MUSIC FESTIVAL OF CHAMBER MUSIC PERFORMANCES AND EDUCATIONAL ACTIVITIES.,NON,NOT RECOVERY ACT,M,NONPROFIT WITH 501C3 IRS STATUS (OTHER THAN AN INSTITUTION OF HIGHER EDUCATION),,,A1,New Award,2,NON-AGGREGATE RECORD,,,,,,,,,,,https://www.usaspending.gov/award/ASST_NON_1927258-31-24_417/,2024-04-24 19:01:12.217324+00,2024-04-24 19:01:12.217324+00,recipient county outside NYC
5920_1927275-52-24_-NONE-_45.024_-NONE-,ASST_NON_1927275-52-24_417,1927275-52-24,,,SAI EXEMPT,25000.00,25000.00,25000.00,0.00,0.00,0.00,0.00,0.00,0.00,0.00,25000.00,Q: Not Designated Nonemergency/Emergency/Disaster/Wildfire Suppression,,,,,2024-06-26,2024,2024-07-01,2025-06-30,417,National Endowment for the Arts,5920,National Endowment for the Arts,593105,NATIONAL ENDOWMENT FOR THE ARTS,417,National Endowment for the Arts,5920,National Endowment for the Arts,593105,NATIONAL ENDOWMENT FOR THE ARTS,417-X-0100-000,417-0100,"41.0: Grants, subsidies, and contributions",0001: PROMOTION OF THE ARTS,MM7LELDHJL35,,"JUST BUFFALO LITERARY CENTER, INC.",JUST BUFFALO LITERARY CENTER  INC.,,,,,USA,UNITED STATES,468 WASHINGTON ST,STE 2,11000,BUFFALO,36029,ERIE,36,NY,NEW YORK,14203,1708,NY-26,NY-26,,,,STATE-WIDE,USA,UNITED STATES,NY*****,,,,36,NEW YORK,,NY-26,,,45.024,PROMOTION OF THE ARTS GRANTS TO ORGANIZATIONS AND INDIVIDUALS,2023NEA01GAP2,TO SUPPORT OPPORTUNITIES FOR ALL PEOPLE TO PARTICIPATE IN THE ARTS AND ARTS EDUCATION.,04,PROJECT GRANT (B),,,,,PURPOSE: TO SUPPORT THE CIVIL WRITES PROJECT.,PURPOSE: TO SUPPORT THE CIVIL WRITES PROJECT.,NON,NOT RECOVERY ACT,M,NONPROFIT WITH 501C3 IRS STATUS (OTHER THAN AN INSTITUTION OF HIGHER EDUCATION),,,A1,New Award,2,NON-AGGREGATE RECORD,,,,,,,,,,,https://www.usaspending.gov/award/ASST_NON_1927275-52-24_417/,2024-06-26 18:10:15.696621+00,2024-06-26 18:10:15.696621+00,recipient county outside NYC
5920_1927275-52-24_-NONE-_45.024_3,ASST_NON_1927275-52-24_417,1927275-52-24,3,,SAI EXEMPT,0.00,25000.00,25000.00,0.00,0.00,0.00,0.00,0.00,0.00,0.00,0.00,Q: Not Designated Nonemergency/Emergency/Disaster/Wildfire Suppression,,,,,2024-06-26,2024,2024-07-01,2025-05-31,417,National Endowment for the Arts,5920,National Endowment for the Arts,593105,NATIONAL ENDOWMENT FOR THE ARTS,417,National Endowment for the Arts,5920,National Endowment for the Arts,593105,NATIONAL ENDOWMENT FOR THE ARTS,417-X-0100-000,417-0100,"41.0: Grants, subsidies, and contributions",0001: PROMOTION OF THE ARTS,MM7LELDHJL35,,"JUST BUFFALO LITERARY CENTER, INC.","JUST BUFFALO LITERARY CENTER, INC.",,,,,USA,UNITED STATES,468 WASHINGTON ST,STE 2,11000,BUFFALO,36029,ERIE,36,NY,NEW YORK,14203,1708,NY-26,NY-26,,,,STATE-WIDE,USA,UNITED STATES,NY*****,,,,36,NEW YORK,,NY-26,,,45.024,PROMOTION OF THE ARTS GRANTS TO ORGANIZATIONS AND INDIVIDUALS,2023NEA01GAP2,TO SUPPORT OPPORTUNITIES FOR ALL PEOPLE TO PARTICIPATE IN THE ARTS AND ARTS EDUCATION.,04,PROJECT GRANT (B),,,,,PURPOSE: TO SUPPORT THE CIVIL WRITES PROJECT.,PURPOSE: TO SUPPORT THE CIVIL WRITES PROJECT.,NON,NOT RECOVERY ACT,M,NONPROFIT WITH 501C3 IRS STATUS (OTHER THAN AN INSTITUTION OF HIGHER EDUCATION),,,A1,New Award,2,NON-AGGREGATE RECORD,,,,,,,,,,,https://www.usaspending.gov/award/ASST_NON_1927275-52-24_417/,2025-05-29 15:25:04.378853+00,2025-05-29 15:25:04.378853+00,recipient county outside NYC
5920_1927279-52-24_-NONE-_45.024_-NONE-,ASST_NON_1927279-52-24_417,1927279-52-24,,,SAI EXEMPT,15000.00,15000.00,15000.00,0.00,0.00,0.00,0.00,0.00,0.00,0.00,15000.00,Q: Not Designated Nonemergency/Emergency/Disaster/Wildfire Suppression,,,,,2024-05-08,2024,2024-06-01,2024-06-30,417,National Endowment for the Arts,5920,National Endowment for the Arts,593105,NATIONAL ENDOWMENT FOR THE ARTS,417,National Endowment for the Arts,5920,National Endowment for the Arts,593105,NATIONAL ENDOWMENT FOR THE ARTS,417-X-0100-000,417-0100,"41.0: Grants, subsidies, and contributions",0001: PROMOTION OF THE ARTS,ZKLRGKE4XBN4,,"ADIRONDACK CENTER FOR WRITING, INC.",ADIRONDACK CENTER FOR WRITING  INC.,,,,,USA,UNITED STATES,15 BROADWAY,,65233,SARANAC LAKE,36033,FRANKLIN,36,NY,NEW YORK,12983,1727,NY-21,NY-21,,,,STATE-WIDE,USA,UNITED STATES,NY*****,,,,36,NEW YORK,,NY-21,,,45.024,PROMOTION OF THE ARTS GRANTS TO ORGANIZATIONS AND INDIVIDUALS,2023NEA01GAP2,TO SUPPORT OPPORTUNITIES FOR ALL PEOPLE TO PARTICIPATE IN THE ARTS AND ARTS EDUCATION.,04,PROJECT GRANT (B),,,,,PURPOSE: TO SUPPORT THE KICKASS WRITERS FESTIVAL.,PURPOSE: TO SUPPORT THE KICKASS WRITERS FESTIVAL.,NON,NOT RECOVERY ACT,M,NONPROFIT WITH 501C3 IRS STATUS (OTHER THAN AN INSTITUTION OF HIGHER EDUCATION),,,A1,New Award,2,NON-AGGREGATE RECORD,,,,,,,,,,,https://www.usaspending.gov/award/ASST_NON_1927279-52-24_417/,2024-05-28 14:18:13.625212+00,2024-05-28 14:18:13.625212+00,recipient county outside NYC
5920_1927379-32-24_-NONE-_45.024_-NONE-,ASST_NON_1927379-32-24_417,1927379-32-24,,,SAI EXEMPT,10000.00,10000.00,10000.00,5622.00,0.00,0.00,0.00,0.00,0.00,0.00,10000.00,Q: Not Designated Nonemergency/Emergency/Disaster/Wildfire Suppression,,,,,2024-04-23,2024,2024-06-01,2025-05-31,417,National Endowment for the Arts,5920,National Endowment for the Arts,593105,NATIONAL ENDOWMENT FOR THE ARTS,417,National Endowment for the Arts,5920,National Endowment for the Arts,593105,NATIONAL ENDOWMENT FOR THE ARTS,417-X-0100-000,417-0100,"41.0: Grants, subsidies, and contributions",0001: PROMOTION OF THE ARTS,NMMRRXJHUN69,,HUDSON VALLEY SHAKESPEARE FESTIVAL INC.,HUDSON VALLEY SHAKESPEARE FESTIVAL,,,,,USA,UNITED STATES,1 SNAKE HILL RD,,28387,GARRISON,36079,PUTNAM,36,NY,NEW YORK,10524,4011,NY-17,NY-17,,,,STATE-WIDE,USA,UNITED STATES,NY*****,,,,36,NEW YORK,,NY-17,,,45.024,PROMOTION OF THE ARTS GRANTS TO ORGANIZATIONS AND INDIVIDUALS,2023NEA01GAP2,TO SUPPORT OPPORTUNITIES FOR ALL PEOPLE TO PARTICIPATE IN THE ARTS AND ARTS EDUCATION.,04,PROJECT GRANT (B),,,,,PURPOSE: TO SUPPORT THE TENT POLE COMMISSIONING PROGRAM.,PURPOSE: TO SUPPORT THE TENT POLE COMMISSIONING PROGRAM.,NON,NOT RECOVERY ACT,M,NONPROFIT WITH 501C3 IRS STATUS (OTHER THAN AN INSTITUTION OF HIGHER EDUCATION),,,A1,New Award,2,NON-AGGREGATE RECORD,,,,,,,,,,,https://www.usaspending.gov/award/ASST_NON_1927379-32-24_417/,2024-04-24 19:01:12.217324+00,2024-04-24 19:01:12.217324+00,recipient county outside NYC
5920_1927398-34-24_-NONE-_45.024_-NONE-,ASST_NON_1927398-34-24_417,1927398-34-24,,,SAI EXEMPT,20000.00,20000.00,20000.00,12459.00,0.00,0.00,0.00,0.00,0.00,0.00,20000.00,Q: Not Designated Nonemergency/Emergency/Disaster/Wildfire Suppression,,,,,2024-06-24,2024,2024-06-01,2025-05-31,417,National Endowment for the Arts,5920,National Endowment for the Arts,593105,NATIONAL ENDOWMENT FOR THE ARTS,417,National Endowment for the Arts,5920,National Endowment for the Arts,593105,NATIONAL ENDOWMENT FOR THE ARTS,417-X-0100-000,417-0100,"41.0: Grants, subsidies, and contributions",0001: PROMOTION OF THE ARTS,QFMPSPGE5UU8,,"SAG HARBOR CINEMA ARTS CENTER, INC.",SAG HARBOR CINEMA ARTS CENTER  INC.,,,,,USA,UNITED STATES,90 MAIN ST,,64485,SAG HARBOR,36103,SUFFOLK,36,NY,NEW YORK,11963,3006,NY-01,NY-01,,,,STATE-WIDE,USA,UNITED STATES,NY*****,,,,36,NEW YORK,,NY-01,,,45.024,PROMOTION OF THE ARTS GRANTS TO ORGANIZATIONS AND INDIVIDUALS,2023NEA01GAP2,TO SUPPORT OPPORTUNITIES FOR ALL PEOPLE TO PARTICIPATE IN THE ARTS AND ARTS EDUCATION.,04,PROJECT GRANT (B),,,,,PURPOSE: TO SUPPORT YEAR-ROUND CURATED PRESENTATIONS OF FILMS AND RELATED PUBLIC PROGRAMMING.,PURPOSE: TO SUPPORT YEAR-ROUND CURATED PRESENTATIONS OF FILMS AND RELATED PUBLIC PROGRAMMING.,NON,NOT RECOVERY ACT,M,NONPROFIT WITH 501C3 IRS STATUS (OTHER THAN AN INSTITUTION OF HIGHER EDUCATION),,,A1,New Award,2,NON-AGGREGATE RECORD,,,,,,,,,,,https://www.usaspending.gov/award/ASST_NON_1927398-34-24_417/,2024-06-26 18:10:15.696621+00,2024-06-26 18:10:15.696621+00,recipient county outside NYC
5920_1927427-34-24_-NONE-_45.024_3,ASST_NON_1927427-34-24_417,1927427-34-24,3,,SAI EXEMPT,0.00,30000.00,30000.00,0.00,0.00,0.00,0.00,0.00,0.00,0.00,0.00,Q: Not Designated Nonemergency/Emergency/Disaster/Wildfire Suppression,,,,,2024-07-24,2024,2024-06-01,2025-05-31,417,National Endowment for the Arts,5920,National Endowment for the Arts,593105,NATIONAL ENDOWMENT FOR THE ARTS,417,National Endowment for the Arts,5920,National Endowment for the Arts,593105,NATIONAL ENDOWMENT FOR THE ARTS,417-X-0100-000,417-0100,"41.0: Grants, subsidies, and contributions",0001: PROMOTION OF THE ARTS,KSXFH2P5G167,,"AMERICAN COMPOSERS ORCHESTRA, INC.","AMERICAN COMPOSERS ORCHESTRA, INC.",,,,,USA,UNITED STATES,248 PELHAM RD,STE 503,50617,NEW ROCHELLE,36119,WESTCHESTER,36,NY,NEW YORK,10805,2503,NY-12,NY-16,,,,STATE-WIDE,USA,UNITED STATES,NY*****,,,,36,NEW YORK,,NY-12,,,45.024,PROMOTION OF THE ARTS GRANTS TO ORGANIZATIONS AND INDIVIDUALS,2023NEA01GAP2,TO SUPPORT OPPORTUNITIES FOR ALL PEOPLE TO PARTICIPATE IN THE ARTS AND ARTS EDUCATION.,04,PROJECT GRANT (B),,,,,"PURPOSE: TO SUPPORT THE COMMISSION OF A NEW ORCHESTRAL WORK BY COMPOSER SUZANNE KITE
(OGLÁLA LAK?ÓTA) THAT INCORPORATES LAKOTA INDIGENOUS PRACTICES, ARTIFICIAL
INTELLIGENCE TECHNOLOGIES, AND PROJECTED VISUALS.","PURPOSE: TO SUPPORT THE COMMISSION OF A NEW ORCHESTRAL WORK BY COMPOSER SUZANNE KITE
(OGLÁLA LAK?ÓTA) THAT INCORPORATES LAKOTA INDIGENOUS PRACTICES, ARTIFICIAL
INTELLIGENCE TECHNOLOGIES, AND PROJECTED VISUALS.",NON,NOT RECOVERY ACT,M,NONPROFIT WITH 501C3 IRS STATUS (OTHER THAN AN INSTITUTION OF HIGHER EDUCATION),,,A1,New Award,2,NON-AGGREGATE RECORD,,,,,,,,,,,https://www.usaspending.gov/award/ASST_NON_1927427-34-24_417/,2025-05-29 15:25:04.378853+00,2025-05-29 15:25:04.378853+00,recipient county outside NYC
5920_1927446-34-24_-NONE-_45.024_-NONE-,ASST_NON_1927446-34-24_417,1927446-34-24,,,SAI EXEMPT,30000.00,30000.00,30000.00,26790.00,0.00,0.00,0.00,0.00,0.00,0.00,30000.00,Q: Not Designated Nonemergency/Emergency/Disaster/Wildfire Suppression,,,,,2024-06-06,2024,2024-06-01,2025-03-31,417,National Endowment for the Arts,5920,National Endowment for the Arts,593105,NATIONAL ENDOWMENT FOR THE ARTS,417,National Endowment for the Arts,5920,National Endowment for the Arts,593105,NATIONAL ENDOWMENT FOR THE ARTS,417-X-0100-000,417-0100,"41.0: Grants, subsidies, and contributions",0001: PROMOTION OF THE ARTS,E7K5XSFYLYG5,,BUFFALO FINE ARTS ACADEMY,BUFFALO FINE ARTS ACADEMY,,,,,USA,UNITED STATES,1285 ELMWOOD AVE,,11000,BUFFALO,36029,ERIE,36,NY,NEW YORK,14222,1003,NY-26,NY-26,,,,STATE-WIDE,USA,UNITED STATES,NY*****,,,,36,NEW YORK,,NY-26,,,45.024,PROMOTION OF THE ARTS GRANTS TO ORGANIZATIONS AND INDIVIDUALS,2023NEA01GAP2,TO SUPPORT OPPORTUNITIES FOR ALL PEOPLE TO PARTICIPATE IN THE ARTS AND ARTS EDUCATION.,04,PROJECT GRANT (B),,,,,PURPOSE: TO SUPPORT AN EXHIBITION TRACING THE IMPACT OF GEOMETRIC ABSTRACTION ON ELECTRONIC ART AND CULTURE  AND RELATED PUBLIC PROGRAMMING.,PURPOSE: TO SUPPORT AN EXHIBITION TRACING THE IMPACT OF GEOMETRIC ABSTRACTION ON ELECTRONIC ART AND CULTURE  AND RELATED PUBLIC PROGRAMMING.,NON,NOT RECOVERY ACT,M,NONPROFIT WITH 501C3 IRS STATUS (OTHER THAN AN INSTITUTION OF HIGHER EDUCATION),,,A1,New Award,2,NON-AGGREGATE RECORD,,,,,,,,,,,https://www.usaspending.gov/award/ASST_NON_1927446-34-24_417/,2024-06-26 18:10:15.696621+00,2024-06-26 18:10:15.696621+00,recipient county outside NYC
5920_1927470-31-24_-NONE-_45.024_-NONE-,ASST_NON_1927470-31-24_417,1927470-31-24,,,SAI EXEMPT,30000.00,30000.00,30000.00,0.00,0.00,0.00,0.00,0.00,0.00,0.00,30000.00,Q: Not Designated Nonemergency/Emergency/Disaster/Wildfire Suppression,,,,,2024-06-26,2024,2024-06-01,2025-05-31,417,National Endowment for the Arts,5920,National Endowment for the Arts,593105,NATIONAL ENDOWMENT FOR THE ARTS,417,National Endowment for the Arts,5920,National Endowment for the Arts,593105,NATIONAL ENDOWMENT FOR THE ARTS,417-X-0100-000,417-0100,"41.0: Grants, subsidies, and contributions",0001: PROMOTION OF THE ARTS,DM8VD3FBV117,,NEW AMSTERDAM PRESENTS INC,NEW AMSTERDAM PRESENTS,DM8VD3FBV117,,NEW AMSTERDAM PRESENTS INC,,USA,UNITED STATES,39 N SHORE DR,,23844,ELIZAVILLE,36021,COLUMBIA,36,NY,NEW YORK,12523,1303,NY-19,NY-19,,,,STATE-WIDE,USA,UNITED STATES,NY*****,,,,36,NEW YORK,,NY-19,,,45.024,PROMOTION OF THE ARTS GRANTS TO ORGANIZATIONS AND INDIVIDUALS,2023NEA01GAP2,TO SUPPORT OPPORTUNITIES FOR ALL PEOPLE TO PARTICIPATE IN THE ARTS AND ARTS EDUCATION.,04,PROJECT GRANT (B),,,,,PURPOSE: TO SUPPORT MUSICAL PERFORMANCES AND PRODUCTION OF NEW AMSTERDAMS PROJECT SERIES.,PURPOSE: TO SUPPORT MUSICAL PERFORMANCES AND PRODUCTION OF NEW AMSTERDAMS PROJECT SERIES.,NON,NOT RECOVERY ACT,M,NONPROFIT WITH 501C3 IRS STATUS (OTHER THAN AN INSTITUTION OF HIGHER EDUCATION),,,A1,New Award,2,NON-AGGREGATE RECORD,,,,,,,,,,,https://www.usaspending.gov/award/ASST_NON_1927470-31-24_417/,2024-06-26 18:10:15.696621+00,2024-06-26 18:10:15.696621+00,recipient county outside NYC
5920_1927498-34-24_-NONE-_45.024_-NONE-,ASST_NON_1927498-34-24_417,1927498-34-24,,,SAI EXEMPT,25000.00,25000.00,25000.00,0.00,0.00,0.00,0.00,0.00,0.00,0.00,25000.00,Q: Not Designated Nonemergency/Emergency/Disaster/Wildfire Suppression,,,,,2024-07-09,2024,2024-06-01,2025-05-31,417,National Endowment for the Arts,5920,National Endowment for the Arts,593105,NATIONAL ENDOWMENT FOR THE ARTS,417,National Endowment for the Arts,5920,National Endowment for the Arts,593105,NATIONAL ENDOWMENT FOR THE ARTS,417-X-0100-000,417-0100,"41.0: Grants, subsidies, and contributions",0001: PROMOTION OF THE ARTS,JSB3YLYVB2G5,,WAVE FARM INC,WAVE FARM INC.,,,,,USA,UNITED STATES,5662 ROUTE 23,,00177,ACRA,36039,GREENE,36,NY,NEW YORK,12405,1026,NY-19,NY-19,,,,STATE-WIDE,USA,UNITED STATES,NY*****,,,,36,NEW YORK,,NY-19,,,45.024,PROMOTION OF THE ARTS GRANTS TO ORGANIZATIONS AND INDIVIDUALS,2023NEA01GAP2,TO SUPPORT OPPORTUNITIES FOR ALL PEOPLE TO PARTICIPATE IN THE ARTS AND ARTS EDUCATION.,04,PROJECT GRANT (B),,,,,PURPOSE: TO SUPPORT THE WAVE FARM TRANSMISSION AND SOUND ART TOOLKIT  AN OPEN SOURCE  CUSTOMIZABLE MODULAR TRANSMISSION PLATFORM FOR ARTISTIC EXPERIMENTATION AND PUBLIC ENGAGEMENT.,PURPOSE: TO SUPPORT THE WAVE FARM TRANSMISSION AND SOUND ART TOOLKIT  AN OPEN SOURCE  CUSTOMIZABLE MODULAR TRANSMISSION PLATFORM FOR ARTISTIC EXPERIMENTATION AND PUBLIC ENGAGEMENT.,NON,NOT RECOVERY ACT,M,NONPROFIT WITH 501C3 IRS STATUS (OTHER THAN AN INSTITUTION OF HIGHER EDUCATION),,,A1,New Award,2,NON-AGGREGATE RECORD,,,,,,,,,,,https://www.usaspending.gov/award/ASST_NON_1927498-34-24_417/,2024-07-29 18:46:13.906415+00,2024-07-29 18:46:13.906415+00,recipient county outside NYC
5920_1927505-54-24_-NONE-_45.024_-NONE-,ASST_NON_1927505-54-24_417,1927505-54-24,,,SAI EXEMPT,40000.00,40000.00,40000.00,0.00,0.00,0.00,0.00,0.00,0.00,0.00,40000.00,Q: Not Designated Nonemergency/Emergency/Disaster/Wildfire Suppression,,,,,2024-08-19,2024,2024-06-01,2026-06-30,417,National Endowment for the Arts,5920,National Endowment for the Arts,593105,NATIONAL ENDOWMENT FOR THE ARTS,417,National Endowment for the Arts,5920,National Endowment for the Arts,593105,NATIONAL ENDOWMENT FOR THE ARTS,417-X-0100-000,417-0100,"41.0: Grants, subsidies, and contributions",0001: PROMOTION OF THE ARTS,J4K3SJAJD815,,OPUS 1 FOUNDATION CORP,OPUS 1 FOUNDATION CORPORATION,,,,,USA,UNITED STATES,60 RIVERGLEN DR,,73583,THIELLS,36087,ROCKLAND,36,NY,NEW YORK,10984,1509,NY-17,NY-17,,,,STATE-WIDE,USA,UNITED STATES,NY*****,,,,36,NEW YORK,,NY-17,,,45.024,PROMOTION OF THE ARTS GRANTS TO ORGANIZATIONS AND INDIVIDUALS,2023NEA01GAP2,TO SUPPORT OPPORTUNITIES FOR ALL PEOPLE TO PARTICIPATE IN THE ARTS AND ARTS EDUCATION.,04,PROJECT GRANT (B),,,,,PURPOSE: TO SUPPORT EVERYONE IS AN ARTIST.,PURPOSE: TO SUPPORT EVERYONE IS AN ARTIST.,NON,NOT RECOVERY ACT,M,NONPROFIT WITH 501C3 IRS STATUS (OTHER THAN AN INSTITUTION OF HIGHER EDUCATION),,,A1,New Award,2,NON-AGGREGATE RECORD,,,,,,,,,,,https://www.usaspending.gov/award/ASST_NON_1927505-54-24_417/,2024-08-28 15:45:26.815488+00,2024-08-28 15:45:26.815488+00,recipient county outside NYC
5920_1927665-36-24_-NONE-_45.024_-NONE-,ASST_NON_1927665-36-24_417,1927665-36-24,,,SAI EXEMPT,20000.00,20000.00,20000.00,0.00,0.00,0.00,0.00,0.00,0.00,0.00,20000.00,Q: Not Designated Nonemergency/Emergency/Disaster/Wildfire Suppression,,,,,2024-06-26,2024,2024-06-01,2025-05-31,417,National Endowment for the Arts,5920,National Endowment for the Arts,593105,NATIONAL ENDOWMENT FOR THE ARTS,417,National Endowment for the Arts,5920,National Endowment for the Arts,593105,NATIONAL ENDOWMENT FOR THE ARTS,417-X-0100-000,417-0100,"41.0: Grants, subsidies, and contributions",0001: PROMOTION OF THE ARTS,KGF2LGEELFN3,,"TRI-CITIES OPERA COMPANY, INC.",TRI-CITIES OPERA COMPANY  INC.,,,"TRI-CITIES OPERA COMPANY, INC.","TRI-CITIES OPERA COMPANY, INC.",USA,UNITED STATES,315 CLINTON ST,,06607,BINGHAMTON,36007,BROOME,36,NY,NEW YORK,13905,2017,NY-19,NY-19,,,,STATE-WIDE,USA,UNITED STATES,NY*****,,,,36,NEW YORK,,NY-19,,,45.024,PROMOTION OF THE ARTS GRANTS TO ORGANIZATIONS AND INDIVIDUALS,2023NEA01GAP2,TO SUPPORT OPPORTUNITIES FOR ALL PEOPLE TO PARTICIPATE IN THE ARTS AND ARTS EDUCATION.,04,PROJECT GRANT (B),,,,,PURPOSE: TO SUPPORT A PROFESSIONAL TRAINING PROGRAM FOR EMERGING OPERA ARTISTS.,PURPOSE: TO SUPPORT A PROFESSIONAL TRAINING PROGRAM FOR EMERGING OPERA ARTISTS.,NON,NOT RECOVERY ACT,M,NONPROFIT WITH 501C3 IRS STATUS (OTHER THAN AN INSTITUTION OF HIGHER EDUCATION),,,A1,New Award,2,NON-AGGREGATE RECORD,,,,,,,,,,,https://www.usaspending.gov/award/ASST_NON_1927665-36-24_417/,2024-06-26 18:10:15.696621+00,2024-06-26 18:10:15.696621+00,recipient county outside NYC
5920_1927792-33-24_-NONE-_45.024_-NONE-,ASST_NON_1927792-33-24_417,1927792-33-24,,,SAI EXEMPT,25000.00,25000.00,25000.00,5990.00,0.00,0.00,0.00,0.00,0.00,0.00,25000.00,Q: Not Designated Nonemergency/Emergency/Disaster/Wildfire Suppression,,,,,2024-08-13,2024,2024-07-01,2025-06-30,417,National Endowment for the Arts,5920,National Endowment for the Arts,593105,NATIONAL ENDOWMENT FOR THE ARTS,417,National Endowment for the Arts,5920,National Endowment for the Arts,593105,NATIONAL ENDOWMENT FOR THE ARTS,417-X-0100-000,417-0100,"41.0: Grants, subsidies, and contributions",0001: PROMOTION OF THE ARTS,TR4DDBCLMAC5,,"STEFFI NOSSEN DANCE FOUNDATION, INC.",STEFFI NOSSEN DANCE FOUNDATION  INC.,,,,,USA,UNITED STATES,216 CENTRAL AVE,,81677,WHITE PLAINS,36119,WESTCHESTER,36,NY,NEW YORK,10606,1123,NY-16,NY-16,,,,STATE-WIDE,USA,UNITED STATES,NY*****,,,,36,NEW YORK,,NY-16,,,45.024,PROMOTION OF THE ARTS GRANTS TO ORGANIZATIONS AND INDIVIDUALS,2023NEA01GAP2,TO SUPPORT OPPORTUNITIES FOR ALL PEOPLE TO PARTICIPATE IN THE ARTS AND ARTS EDUCATION.,04,PROJECT GRANT (B),,,,,PURPOSE: TO SUPPORT ADAPTIVE DANCE EDUCATION CLASSES FOR CHILDREN AND ADULTS WITH DEVELOPMENTAL AND PHYSICAL DISABILITIES.,PURPOSE: TO SUPPORT ADAPTIVE DANCE EDUCATION CLASSES FOR CHILDREN AND ADULTS WITH DEVELOPMENTAL AND PHYSICAL DISABILITIES.,NON,NOT RECOVERY ACT,M,NONPROFIT WITH 501C3 IRS STATUS (OTHER THAN AN INSTITUTION OF HIGHER EDUCATION),,,A1,New Award,2,NON-AGGREGATE RECORD,,,,,,,,,,,https://www.usaspending.gov/award/ASST_NON_1927792-33-24_417/,2024-08-28 15:45:26.815488+00,2024-08-28 15:45:26.815488+00,recipient county outside NYC
5920_1927857-31-24_-NONE-_45.024_-NONE-,ASST_NON_1927857-31-24_417,1927857-31-24,,,SAI EXEMPT,30000.00,30000.00,30000.00,0.00,0.00,0.00,0.00,0.00,0.00,0.00,30000.00,Q: Not Designated Nonemergency/Emergency/Disaster/Wildfire Suppression,,,,,2024-05-20,2024,2024-06-01,2024-09-30,417,National Endowment for the Arts,5920,National Endowment for the Arts,593105,NATIONAL ENDOWMENT FOR THE ARTS,417,National Endowment for the Arts,5920,National Endowment for the Arts,593105,NATIONAL ENDOWMENT FOR THE ARTS,417-X-0100-000,417-0100,"41.0: Grants, subsidies, and contributions",0001: PROMOTION OF THE ARTS,D8RQY9ANS356,,CARAMOOR CENTER FOR MUSIC AND THE ARTS INCORPORATED,CARAMOOR CENTER FOR MUSIC AND THE ARTS  INC.,,,,,USA,UNITED STATES,149 GIRDLE RIDGE RD,,38946,KATONAH,36119,WESTCHESTER,36,NY,NEW YORK,10536,3815,NY-17,NY-17,,,,STATE-WIDE,USA,UNITED STATES,NY*****,,,,36,NEW YORK,,NY-17,,,45.024,PROMOTION OF THE ARTS GRANTS TO ORGANIZATIONS AND INDIVIDUALS,2023NEA01GAP2,TO SUPPORT OPPORTUNITIES FOR ALL PEOPLE TO PARTICIPATE IN THE ARTS AND ARTS EDUCATION.,04,PROJECT GRANT (B),,,,,PURPOSE: TO SUPPORT ARTISTS FEES FOR THE CARAMOOR SUMMER SEASON.,PURPOSE: TO SUPPORT ARTISTS FEES FOR THE CARAMOOR SUMMER SEASON.,NON,NOT RECOVERY ACT,M,NONPROFIT WITH 501C3 IRS STATUS (OTHER THAN AN INSTITUTION OF HIGHER EDUCATION),,,A1,New Award,2,NON-AGGREGATE RECORD,,,,,,,,,,,https://www.usaspending.gov/award/ASST_NON_1927857-31-24_417/,2024-05-28 14:18:13.625212+00,2024-05-28 14:18:13.625212+00,recipient county outside NYC
5920_1927942-33-24_-NONE-_45.024_-NONE-,ASST_NON_1927942-33-24_417,1927942-33-24,,,SAI EXEMPT,30000.00,30000.00,30000.00,0.00,0.00,0.00,0.00,0.00,0.00,0.00,30000.00,Q: Not Designated Nonemergency/Emergency/Disaster/Wildfire Suppression,,,,,2024-06-11,2024,2024-06-01,2024-12-31,417,National Endowment for the Arts,5920,National Endowment for the Arts,593105,NATIONAL ENDOWMENT FOR THE ARTS,417,National Endowment for the Arts,5920,National Endowment for the Arts,593105,NATIONAL ENDOWMENT FOR THE ARTS,417-X-0100-000,417-0100,"41.0: Grants, subsidies, and contributions",0001: PROMOTION OF THE ARTS,KGJJYW2MKYN6,,"GARTH FAGAN DANCE, INC.",GARTH FAGAN DANCE  INC.,,,,,USA,UNITED STATES,50 CHESTNUT ST,,63000,ROCHESTER,36055,MONROE,36,NY,NEW YORK,14604,2318,NY-25,NY-25,,,,STATE-WIDE,USA,UNITED STATES,NY*****,,,,36,NEW YORK,,NY-25,,,45.024,PROMOTION OF THE ARTS GRANTS TO ORGANIZATIONS AND INDIVIDUALS,2023NEA01GAP2,TO SUPPORT OPPORTUNITIES FOR ALL PEOPLE TO PARTICIPATE IN THE ARTS AND ARTS EDUCATION.,04,PROJECT GRANT (B),,,,,PURPOSE: TO SUPPORT RESTAGING AND PERFORMANCES OF HISTORICAL WORKS.,PURPOSE: TO SUPPORT RESTAGING AND PERFORMANCES OF HISTORICAL WORKS.,NON,NOT RECOVERY ACT,M,NONPROFIT WITH 501C3 IRS STATUS (OTHER THAN AN INSTITUTION OF HIGHER EDUCATION),,,A1,New Award,2,NON-AGGREGATE RECORD,,,,,,,,,,,https://www.usaspending.gov/award/ASST_NON_1927942-33-24_417/,2024-06-26 18:10:15.696621+00,2024-06-26 18:10:15.696621+00,recipient county outside NYC
5920_1927999-34-24_-NONE-_45.024_-NONE-,ASST_NON_1927999-34-24_417,1927999-34-24,,,SAI EXEMPT,20000.00,20000.00,20000.00,0.00,0.00,0.00,0.00,0.00,0.00,0.00,20000.00,Q: Not Designated Nonemergency/Emergency/Disaster/Wildfire Suppression,,,,,2024-06-26,2024,2024-06-01,2025-05-31,417,National Endowment for the Arts,5920,National Endowment for the Arts,593105,NATIONAL ENDOWMENT FOR THE ARTS,417,National Endowment for the Arts,5920,National Endowment for the Arts,593105,NATIONAL ENDOWMENT FOR THE ARTS,417-X-0100-000,417-0100,"41.0: Grants, subsidies, and contributions",0001: PROMOTION OF THE ARTS,VR2HHKGPDRH1,,SCHOOL OF MAKING THINKING INC.,SCHOOL OF MAKING THINKING INC.,,,,,USA,UNITED STATES,25 ROBERT PITT DR,STE 204,48010,MONSEY,36087,ROCKLAND,36,NY,NEW YORK,10952,3366,NY-17,NY-17,,,,STATE-WIDE,USA,UNITED STATES,NY*****,,,,36,NEW YORK,,NY-17,,,45.024,PROMOTION OF THE ARTS GRANTS TO ORGANIZATIONS AND INDIVIDUALS,2023NEA01GAP2,TO SUPPORT OPPORTUNITIES FOR ALL PEOPLE TO PARTICIPATE IN THE ARTS AND ARTS EDUCATION.,04,PROJECT GRANT (B),,,,,PURPOSE: TO SUPPORT AN ARTIST RESIDENCY PROGRAM FOCUSED ON IMMERSIVE TECHNOLOGY.,PURPOSE: TO SUPPORT AN ARTIST RESIDENCY PROGRAM FOCUSED ON IMMERSIVE TECHNOLOGY.,NON,NOT RECOVERY ACT,M,NONPROFIT WITH 501C3 IRS STATUS (OTHER THAN AN INSTITUTION OF HIGHER EDUCATION),,,A1,New Award,2,NON-AGGREGATE RECORD,,,,,,,,,,,https://www.usaspending.gov/award/ASST_NON_1927999-34-24_417/,2024-06-26 18:10:15.696621+00,2024-06-26 18:10:15.696621+00,recipient county outside NYC
5920_1928053-34-24_-NONE-_45.024_-NONE-,ASST_NON_1928053-34-24_417,1928053-34-24,,,SAI EXEMPT,30000.00,30000.00,30000.00,0.00,0.00,0.00,0.00,0.00,0.00,0.00,30000.00,Q: Not Designated Nonemergency/Emergency/Disaster/Wildfire Suppression,,,,,2024-07-03,2024,2024-06-01,2025-05-31,417,National Endowment for the Arts,5920,National Endowment for the Arts,593105,NATIONAL ENDOWMENT FOR THE ARTS,417,National Endowment for the Arts,5920,National Endowment for the Arts,593105,NATIONAL ENDOWMENT FOR THE ARTS,417-X-0100-000,417-0100,"41.0: Grants, subsidies, and contributions",0001: PROMOTION OF THE ARTS,MXBXN6FHM1L8,,BUFFALO MEDIA RESOURCES INC,BUFFALO MEDIA RESOURCES  INC.,,,,,USA,UNITED STATES,2495 MAIN ST,STE 310,11000,BUFFALO,36029,ERIE,36,NY,NEW YORK,14214,2154,NY-26,NY-26,,,,STATE-WIDE,USA,UNITED STATES,NY*****,,,,36,NEW YORK,,NY-26,,,45.024,PROMOTION OF THE ARTS GRANTS TO ORGANIZATIONS AND INDIVIDUALS,2023NEA01GAP2,TO SUPPORT OPPORTUNITIES FOR ALL PEOPLE TO PARTICIPATE IN THE ARTS AND ARTS EDUCATION.,04,PROJECT GRANT (B),,,,,PURPOSE: TO SUPPORT A WORKSPACE RESIDENCY PROGRAM FOR MEDIA ARTS PRACTITIONERS AT SQUEAKY WHEEL FILM &AMP; MEDIA ART CENTER.,PURPOSE: TO SUPPORT A WORKSPACE RESIDENCY PROGRAM FOR MEDIA ARTS PRACTITIONERS AT SQUEAKY WHEEL FILM &AMP; MEDIA ART CENTER.,NON,NOT RECOVERY ACT,M,NONPROFIT WITH 501C3 IRS STATUS (OTHER THAN AN INSTITUTION OF HIGHER EDUCATION),,,A1,New Award,2,NON-AGGREGATE RECORD,,,,,,,,,,,https://www.usaspending.gov/award/ASST_NON_1928053-34-24_417/,2024-07-29 18:46:13.906415+00,2024-07-29 18:46:13.906415+00,recipient county outside NYC
5920_1929123-44-24_-NONE-_45.024_-NONE-,ASST_NON_1929123-44-24_417,1929123-44-24,,,SAI EXEMPT,30000.00,30000.00,30000.00,0.00,0.00,0.00,0.00,0.00,0.00,0.00,30000.00,Q: Not Designated Nonemergency/Emergency/Disaster/Wildfire Suppression,,,,,2024-06-24,2024,2024-06-01,2026-05-31,417,National Endowment for the Arts,5920,National Endowment for the Arts,593105,NATIONAL ENDOWMENT FOR THE ARTS,417,National Endowment for the Arts,5920,National Endowment for the Arts,593105,NATIONAL ENDOWMENT FOR THE ARTS,417-X-0100-000,417-0100,"41.0: Grants, subsidies, and contributions",0001: PROMOTION OF THE ARTS,S7TDA5L3K235,,HECKSCHER MUSEUM INC,HECKSCHER MUSEUM,,,,,USA,UNITED STATES,2 PRIME AVE,,36233,HUNTINGTON,36103,SUFFOLK,36,NY,NEW YORK,11743,2741,NY-01,NY-03,,,,STATE-WIDE,USA,UNITED STATES,NY*****,,,,36,NEW YORK,,NY-01,,,45.024,PROMOTION OF THE ARTS GRANTS TO ORGANIZATIONS AND INDIVIDUALS,2023NEA01GAP2,TO SUPPORT OPPORTUNITIES FOR ALL PEOPLE TO PARTICIPATE IN THE ARTS AND ARTS EDUCATION.,04,PROJECT GRANT (B),,,,,PURPOSE: TO SUPPORT THE FIRST MUSEUM EXHIBITION AND CATALOGUE DEDICATED TO THE LIFE AND CAREER OF SCULPTOR EMMA STEBBINS (1815-82).,"PURPOSE: TO SUPPORT THE
FIRST MUSEUM EXHIBITION AND CATALOGUE DEDICATED TO THE LIFE AND CAREER OF
SCULPTOR EMMA STEBBINS (1815-82).",NON,NOT RECOVERY ACT,M,NONPROFIT WITH 501C3 IRS STATUS (OTHER THAN AN INSTITUTION OF HIGHER EDUCATION),,,A1,New Award,2,NON-AGGREGATE RECORD,,,,,,,,,,,https://www.usaspending.gov/award/ASST_NON_1929123-44-24_417/,2024-06-26 18:10:15.696621+00,2024-06-26 18:10:15.696621+00,recipient county outside NYC
5920_1929123-44-24_-NONE-_45.024_3,ASST_NON_1929123-44-24_417,1929123-44-24,3,,SAI EXEMPT,0.00,30000.00,30000.00,0.00,0.00,0.00,0.00,0.00,0.00,0.00,0.00,Q: Not Designated Nonemergency/Emergency/Disaster/Wildfire Suppression,,,,,2024-06-24,2024,2024-06-01,2025-05-31,417,National Endowment for the Arts,5920,National Endowment for the Arts,593105,NATIONAL ENDOWMENT FOR THE ARTS,417,National Endowment for the Arts,5920,National Endowment for the Arts,593105,NATIONAL ENDOWMENT FOR THE ARTS,417-X-0100-000,417-0100,"41.0: Grants, subsidies, and contributions",0001: PROMOTION OF THE ARTS,S7TDA5L3K235,,HECKSCHER MUSEUM INC,HECKSCHER MUSEUM,,,,,USA,UNITED STATES,2 PRIME AVE,,36233,HUNTINGTON,36103,SUFFOLK,36,NY,NEW YORK,11743,2741,NY-01,NY-03,,,,STATE-WIDE,USA,UNITED STATES,NY*****,,,,36,NEW YORK,,NY-01,,,45.024,PROMOTION OF THE ARTS GRANTS TO ORGANIZATIONS AND INDIVIDUALS,2023NEA01GAP2,TO SUPPORT OPPORTUNITIES FOR ALL PEOPLE TO PARTICIPATE IN THE ARTS AND ARTS EDUCATION.,04,PROJECT GRANT (B),,,,,"PURPOSE: TO SUPPORT THE
FIRST MUSEUM EXHIBITION AND CATALOGUE DEDICATED TO THE LIFE AND CAREER OF
SCULPTOR EMMA STEBBINS (1815-82).","PURPOSE: TO SUPPORT THE
FIRST MUSEUM EXHIBITION AND CATALOGUE DEDICATED TO THE LIFE AND CAREER OF
SCULPTOR EMMA STEBBINS (1815-82).",NON,NOT RECOVERY ACT,M,NONPROFIT WITH 501C3 IRS STATUS (OTHER THAN AN INSTITUTION OF HIGHER EDUCATION),,,A1,New Award,2,NON-AGGREGATE RECORD,,,,,,,,,,,https://www.usaspending.gov/award/ASST_NON_1929123-44-24_417/,2025-05-29 15:25:04.378853+00,2025-05-29 15:25:04.378853+00,recipient county outside NYC
5920_1929150-44-24_-NONE-_45.024_-NONE-,ASST_NON_1929150-44-24_417,1929150-44-24,,,SAI EXEMPT,29000.00,28999.94,28999.94,15971.00,0.00,0.00,0.00,0.00,0.00,0.00,29000.00,Q: Not Designated Nonemergency/Emergency/Disaster/Wildfire Suppression,,,,,2024-07-26,2024,2024-06-01,2025-03-31,417,National Endowment for the Arts,5920,National Endowment for the Arts,593105,NATIONAL ENDOWMENT FOR THE ARTS,417,National Endowment for the Arts,5920,National Endowment for the Arts,593105,NATIONAL ENDOWMENT FOR THE ARTS,417-X-0100-000,417-0100,"41.0: Grants, subsidies, and contributions",0001: PROMOTION OF THE ARTS,NQMVAAQUFU53,,THE RESEARCH FOUNDATION FOR THE STATE UNIVERSITY OF NEW YORK,RESEARCH FOUNDATION FOR THE STATE UNIVERSITY OF NEW YORK  SUNY AT BINGHAMTON,GMZUKXFDJMA9,,THE RESEARCH FOUNDATION FOR THE STATE UNIVERSITY OF NEW YORK,THE RESEARCH FOUNDATION FOR THE STATE UNIVERSITY OF NEW YORK,USA,UNITED STATES,4400 VESTAL PKWY E,,06607,BINGHAMTON,36007,BROOME,36,NY,NEW YORK,13902,4400,NY-19,NY-19,,,,STATE-WIDE,USA,UNITED STATES,NY*****,,,,36,NEW YORK,,NY-19,,,45.024,PROMOTION OF THE ARTS GRANTS TO ORGANIZATIONS AND INDIVIDUALS,2023NEA01GAP2,TO SUPPORT OPPORTUNITIES FOR ALL PEOPLE TO PARTICIPATE IN THE ARTS AND ARTS EDUCATION.,04,PROJECT GRANT (B),,,,,PURPOSE: TO SUPPORT AN EXHIBITION FEATURING HAUDENOSAUNEE ARTISTS.,PURPOSE: TO SUPPORT AN EXHIBITION FEATURING HAUDENOSAUNEE ARTISTS.,NON,NOT RECOVERY ACT,A,STATE GOVERNMENT,,,A1,New Award,2,NON-AGGREGATE RECORD,,,,,,,,,,,https://www.usaspending.gov/award/ASST_NON_1929150-44-24_417/,2024-07-29 18:46:13.906415+00,2024-07-29 18:46:13.906415+00,recipient county outside NYC
5920_1929176-31-24_-NONE-_45.024_-NONE-,ASST_NON_1929176-31-24_417,1929176-31-24,,,SAI EXEMPT,25000.00,25000.00,25000.00,0.00,0.00,0.00,0.00,0.00,0.00,0.00,25000.00,Q: Not Designated Nonemergency/Emergency/Disaster/Wildfire Suppression,,,,,2024-06-17,2024,2024-06-01,2024-12-31,417,National Endowment for the Arts,5920,National Endowment for the Arts,593105,NATIONAL ENDOWMENT FOR THE ARTS,417,National Endowment for the Arts,5920,National Endowment for the Arts,593105,NATIONAL ENDOWMENT FOR THE ARTS,417-X-0100-000,417-0100,"41.0: Grants, subsidies, and contributions",0001: PROMOTION OF THE ARTS,F2NVTYNT1736,,SKANEATELES FESTIVAL INC,SKANEATELES FESTIVAL  INC.,,,,,USA,UNITED STATES,97 E GENESEE ST,,67510,SKANEATELES,36067,ONONDAGA,36,NY,NEW YORK,13152,2301,NY-22,NY-22,,,,STATE-WIDE,USA,UNITED STATES,NY*****,,,,36,NEW YORK,,NY-22,,,45.024,PROMOTION OF THE ARTS GRANTS TO ORGANIZATIONS AND INDIVIDUALS,2023NEA01GAP2,TO SUPPORT OPPORTUNITIES FOR ALL PEOPLE TO PARTICIPATE IN THE ARTS AND ARTS EDUCATION.,04,PROJECT GRANT (B),,,,,PURPOSE: TO SUPPORT PROGRAMMING DURING THE ANNUAL SKANEATELES FESTIVAL.,PURPOSE: TO SUPPORT PROGRAMMING DURING THE ANNUAL SKANEATELES FESTIVAL.,NON,NOT RECOVERY ACT,M,NONPROFIT WITH 501C3 IRS STATUS (OTHER THAN AN INSTITUTION OF HIGHER EDUCATION),,,A1,New Award,2,NON-AGGREGATE RECORD,,,,,,,,,,,https://www.usaspending.gov/award/ASST_NON_1929176-31-24_417/,2024-06-26 18:10:15.696621+00,2024-06-26 18:10:15.696621+00,recipient county outside NYC
5920_1929245-34-24_-NONE-_45.024_-NONE-,ASST_NON_1929245-34-24_417,1929245-34-24,,,SAI EXEMPT,25000.00,25000.00,25000.00,0.00,0.00,0.00,0.00,0.00,0.00,0.00,25000.00,Q: Not Designated Nonemergency/Emergency/Disaster/Wildfire Suppression,,,,,2024-06-11,2024,2024-06-01,2024-12-31,417,National Endowment for the Arts,5920,National Endowment for the Arts,593105,NATIONAL ENDOWMENT FOR THE ARTS,417,National Endowment for the Arts,5920,National Endowment for the Arts,593105,NATIONAL ENDOWMENT FOR THE ARTS,417-X-0100-000,417-0100,"41.0: Grants, subsidies, and contributions",0001: PROMOTION OF THE ARTS,JVBCPVMRM1J5,,"BUFFALO INTERNATIONAL FILM FESTIVAL, INC.",BUFFALO INTERNATIONAL FILM FESTIVAL  INC.,,,,,USA,UNITED STATES,1428 HERTEL AVE,,11000,BUFFALO,36029,ERIE,36,NY,NEW YORK,14216,2827,NY-26,NY-26,,,,STATE-WIDE,USA,UNITED STATES,NY*****,,,,36,NEW YORK,,NY-26,,,45.024,PROMOTION OF THE ARTS GRANTS TO ORGANIZATIONS AND INDIVIDUALS,2023NEA01GAP2,TO SUPPORT OPPORTUNITIES FOR ALL PEOPLE TO PARTICIPATE IN THE ARTS AND ARTS EDUCATION.,04,PROJECT GRANT (B),,,,,PURPOSE: TO SUPPORT THE BUFFALO INTERNATIONAL FILM FESTIVAL AND ASSOCIATED PUBLIC PROGRAMMING.,PURPOSE: TO SUPPORT THE BUFFALO INTERNATIONAL FILM FESTIVAL AND ASSOCIATED PUBLIC PROGRAMMING.,NON,NOT RECOVERY ACT,M,NONPROFIT WITH 501C3 IRS STATUS (OTHER THAN AN INSTITUTION OF HIGHER EDUCATION),,,A1,New Award,2,NON-AGGREGATE RECORD,,,,,,,,,,,https://www.usaspending.gov/award/ASST_NON_1929245-34-24_417/,2024-06-26 18:10:15.696621+00,2024-06-26 18:10:15.696621+00,recipient county outside NYC
5920_1929359-32-24_-NONE-_45.024_-NONE-,ASST_NON_1929359-32-24_417,1929359-32-24,,,SAI EXEMPT,40000.00,40000.00,40000.00,0.00,0.00,0.00,0.00,0.00,0.00,0.00,40000.00,Q: Not Designated Nonemergency/Emergency/Disaster/Wildfire Suppression,,,,,2024-05-23,2024,2024-07-01,2025-06-30,417,National Endowment for the Arts,5920,National Endowment for the Arts,593105,NATIONAL ENDOWMENT FOR THE ARTS,417,National Endowment for the Arts,5920,National Endowment for the Arts,593105,NATIONAL ENDOWMENT FOR THE ARTS,417-X-0100-000,417-0100,"41.0: Grants, subsidies, and contributions",0001: PROMOTION OF THE ARTS,HMLSSSE6A358,,SU THEATRE CORP,SU THEATRE CORPORATION,,,,,USA,UNITED STATES,820 E GENESEE ST,,73000,SYRACUSE,36067,ONONDAGA,36,NY,NEW YORK,13210,1541,NY-22,NY-22,,,,STATE-WIDE,USA,UNITED STATES,NY*****,,,,36,NEW YORK,,NY-22,,,45.024,PROMOTION OF THE ARTS GRANTS TO ORGANIZATIONS AND INDIVIDUALS,2023NEA01GAP2,TO SUPPORT OPPORTUNITIES FOR ALL PEOPLE TO PARTICIPATE IN THE ARTS AND ARTS EDUCATION.,04,PROJECT GRANT (B),,,,,PURPOSE: TO SUPPORT SYRACUSE STAGES WORLD PREMIERE PRODUCTION OF THE NATIONAL PASTIME BY ROGELIO MARTINEZ.,"PURPOSE: TO SUPPORT SYRACUSE STAGE'S WORLD PREMIERE
PRODUCTION OF THE NATIONAL PASTIME BY ROGELIO MARTINEZ.",NON,NOT RECOVERY ACT,M,NONPROFIT WITH 501C3 IRS STATUS (OTHER THAN AN INSTITUTION OF HIGHER EDUCATION),,,A1,New Award,2,NON-AGGREGATE RECORD,,,,,,,,,,,https://www.usaspending.gov/award/ASST_NON_1929359-32-24_417/,2024-05-28 14:18:13.625212+00,2024-05-28 14:18:13.625212+00,recipient county outside NYC
5920_1929359-32-24_-NONE-_45.024_3,ASST_NON_1929359-32-24_417,1929359-32-24,3,,SAI EXEMPT,0.00,40000.00,40000.00,0.00,0.00,0.00,0.00,0.00,0.00,0.00,0.00,Q: Not Designated Nonemergency/Emergency/Disaster/Wildfire Suppression,,,,,2024-05-23,2024,2024-07-01,2025-05-31,417,National Endowment for the Arts,5920,National Endowment for the Arts,593105,NATIONAL ENDOWMENT FOR THE ARTS,417,National Endowment for the Arts,5920,National Endowment for the Arts,593105,NATIONAL ENDOWMENT FOR THE ARTS,417-X-0100-000,417-0100,"41.0: Grants, subsidies, and contributions",0001: PROMOTION OF THE ARTS,HMLSSSE6A358,,SU THEATRE CORP,SU THEATRE CORPORATION,,,,,USA,UNITED STATES,820 E GENESEE ST,,73000,SYRACUSE,36067,ONONDAGA,36,NY,NEW YORK,13210,1541,NY-22,NY-22,,,,STATE-WIDE,USA,UNITED STATES,NY*****,,,,36,NEW YORK,,NY-22,,,45.024,PROMOTION OF THE ARTS GRANTS TO ORGANIZATIONS AND INDIVIDUALS,2023NEA01GAP2,TO SUPPORT OPPORTUNITIES FOR ALL PEOPLE TO PARTICIPATE IN THE ARTS AND ARTS EDUCATION.,04,PROJECT GRANT (B),,,,,"PURPOSE: TO SUPPORT SYRACUSE STAGE'S WORLD PREMIERE
PRODUCTION OF THE NATIONAL PASTIME BY ROGELIO MARTINEZ.","PURPOSE: TO SUPPORT SYRACUSE STAGE'S WORLD PREMIERE
PRODUCTION OF THE NATIONAL PASTIME BY ROGELIO MARTINEZ.",NON,NOT RECOVERY ACT,M,NONPROFIT WITH 501C3 IRS STATUS (OTHER THAN AN INSTITUTION OF HIGHER EDUCATION),,,A1,New Award,2,NON-AGGREGATE RECORD,,,,,,,,,,,https://www.usaspending.gov/award/ASST_NON_1929359-32-24_417/,2025-05-29 15:25:04.378853+00,2025-05-29 15:25:04.378853+00,recipient county outside NYC
5920_1929370-41-24_-NONE-_45.024_-NONE-,ASST_NON_1929370-41-24_417,1929370-41-24,,,SAI EXEMPT,25000.00,25000.00,25000.00,0.00,0.00,0.00,0.00,0.00,0.00,0.00,25000.00,Q: Not Designated Nonemergency/Emergency/Disaster/Wildfire Suppression,,,,,2024-06-26,2024,2024-06-01,2025-05-31,417,National Endowment for the Arts,5920,National Endowment for the Arts,593105,NATIONAL ENDOWMENT FOR THE ARTS,417,National Endowment for the Arts,5920,National Endowment for the Arts,593105,NATIONAL ENDOWMENT FOR THE ARTS,417-X-0100-000,417-0100,"41.0: Grants, subsidies, and contributions",0001: PROMOTION OF THE ARTS,XQBGG5Q9BSK9,,BUFFALO ARTS STUDIO,BUFFALO ARTS STUDIO,,,,,USA,UNITED STATES,2495 MAIN ST,,11000,BUFFALO,36029,ERIE,36,NY,NEW YORK,14214,2152,NY-26,NY-26,,,,STATE-WIDE,USA,UNITED STATES,NY*****,,,,36,NEW YORK,,NY-26,,,45.024,PROMOTION OF THE ARTS GRANTS TO ORGANIZATIONS AND INDIVIDUALS,2023NEA01GAP2,TO SUPPORT OPPORTUNITIES FOR ALL PEOPLE TO PARTICIPATE IN THE ARTS AND ARTS EDUCATION.,04,PROJECT GRANT (B),,,,,PURPOSE: TO SUPPORT AN EXHIBITION AND WORKSHOP SERIES.,PURPOSE: TO SUPPORT AN EXHIBITION AND WORKSHOP SERIES.,NON,NOT RECOVERY ACT,M,NONPROFIT WITH 501C3 IRS STATUS (OTHER THAN AN INSTITUTION OF HIGHER EDUCATION),,,A1,New Award,2,NON-AGGREGATE RECORD,,,,,,,,,,,https://www.usaspending.gov/award/ASST_NON_1929370-41-24_417/,2024-06-26 18:10:15.696621+00,2024-06-26 18:10:15.696621+00,recipient county outside NYC
5920_1929395-31-24_-NONE-_45.024_-NONE-,ASST_NON_1929395-31-24_417,1929395-31-24,,,SAI EXEMPT,30000.00,30000.00,30000.00,0.00,0.00,0.00,0.00,0.00,0.00,0.00,30000.00,Q: Not Designated Nonemergency/Emergency/Disaster/Wildfire Suppression,,,,,2024-05-23,2024,2024-07-01,2025-06-30,417,National Endowment for the Arts,5920,National Endowment for the Arts,593105,NATIONAL ENDOWMENT FOR THE ARTS,417,National Endowment for the Arts,5920,National Endowment for the Arts,593105,NATIONAL ENDOWMENT FOR THE ARTS,417-X-0100-000,417-0100,"41.0: Grants, subsidies, and contributions",0001: PROMOTION OF THE ARTS,PCWWUCWEV363,,BARD COLLEGE,BARD COLLEGE,,,BARD COLLEGE,BARD COLLEGE,USA,UNITED STATES,30 CAMPUS RD,,,ANNANDALE ON HUDSON,36027,DUTCHESS,36,NY,NEW YORK,12504,9800,NY-18,NY-18,,,,STATE-WIDE,USA,UNITED STATES,NY*****,,,,36,NEW YORK,,NY-18,,,45.024,PROMOTION OF THE ARTS GRANTS TO ORGANIZATIONS AND INDIVIDUALS,2023NEA01GAP2,TO SUPPORT OPPORTUNITIES FOR ALL PEOPLE TO PARTICIPATE IN THE ARTS AND ARTS EDUCATION.,04,PROJECT GRANT (B),,,,,PURPOSE: TO SUPPORT THE SIDE-BY-SIDE SERIES AT THE LONGY SCHOOL OF MUSIC.,"PURPOSE: TO SUPPORT THE SIDE-BY-SIDE SERIES AT THE LONGY
SCHOOL OF MUSIC.",NON,NOT RECOVERY ACT,M,NONPROFIT WITH 501C3 IRS STATUS (OTHER THAN AN INSTITUTION OF HIGHER EDUCATION),,,A1,New Award,2,NON-AGGREGATE RECORD,,,,,,,,,,,https://www.usaspending.gov/award/ASST_NON_1929395-31-24_417/,2024-05-28 14:18:13.625212+00,2024-05-28 14:18:13.625212+00,recipient county outside NYC
5920_1929395-31-24_-NONE-_45.024_3,ASST_NON_1929395-31-24_417,1929395-31-24,3,,SAI EXEMPT,0.00,30000.00,30000.00,0.00,0.00,0.00,0.00,0.00,0.00,0.00,0.00,Q: Not Designated Nonemergency/Emergency/Disaster/Wildfire Suppression,,,,,2024-05-23,2024,2024-07-01,2025-05-31,417,National Endowment for the Arts,5920,National Endowment for the Arts,593105,NATIONAL ENDOWMENT FOR THE ARTS,417,National Endowment for the Arts,5920,National Endowment for the Arts,593105,NATIONAL ENDOWMENT FOR THE ARTS,417-X-0100-000,417-0100,"41.0: Grants, subsidies, and contributions",0001: PROMOTION OF THE ARTS,PCWWUCWEV363,,BARD COLLEGE,BARD COLLEGE,,,BARD COLLEGE,BARD COLLEGE,USA,UNITED STATES,30 CAMPUS RD,,,ANNANDALE ON HUDSON,36027,DUTCHESS,36,NY,NEW YORK,12504,9800,NY-18,NY-18,,,,STATE-WIDE,USA,UNITED STATES,NY*****,,,,36,NEW YORK,,NY-18,,,45.024,PROMOTION OF THE ARTS GRANTS TO ORGANIZATIONS AND INDIVIDUALS,2023NEA01GAP2,TO SUPPORT OPPORTUNITIES FOR ALL PEOPLE TO PARTICIPATE IN THE ARTS AND ARTS EDUCATION.,04,PROJECT GRANT (B),,,,,"PURPOSE: TO SUPPORT THE SIDE-BY-SIDE SERIES AT THE LONGY
SCHOOL OF MUSIC.","PURPOSE: TO SUPPORT THE SIDE-BY-SIDE SERIES AT THE LONGY
SCHOOL OF MUSIC.",NON,NOT RECOVERY ACT,M,NONPROFIT WITH 501C3 IRS STATUS (OTHER THAN AN INSTITUTION OF HIGHER EDUCATION),,,A1,New Award,2,NON-AGGREGATE RECORD,,,,,,,,,,,https://www.usaspending.gov/award/ASST_NON_1929395-31-24_417/,2025-05-29 15:25:04.378853+00,2025-05-29 15:25:04.378853+00,recipient county outside NYC
5920_1929474-55-24_-NONE-_45.024_-NONE-,ASST_NON_1929474-55-24_417,1929474-55-24,,,SAI EXEMPT,20000.00,20000.00,20000.00,0.00,0.00,0.00,0.00,0.00,0.00,0.00,20000.00,Q: Not Designated Nonemergency/Emergency/Disaster/Wildfire Suppression,,,,,2024-08-15,2024,2024-06-01,2026-05-31,417,National Endowment for the Arts,5920,National Endowment for the Arts,593105,NATIONAL ENDOWMENT FOR THE ARTS,417,National Endowment for the Arts,5920,National Endowment for the Arts,593105,NATIONAL ENDOWMENT FOR THE ARTS,417-X-0100-000,417-0100,"41.0: Grants, subsidies, and contributions",0001: PROMOTION OF THE ARTS,G7T9C1SJD273,,SCHOHARIE RIVER CENTER INC,SCHOHARIE RIVER CENTER,G7T9C1SJD273,,SCHOHARIE RIVER CENTER INC,,USA,UNITED STATES,2025 BURTONVILLE RD,,24713,ESPERANCE,36057,MONTGOMERY,36,NY,NEW YORK,12066,2415,NY-21,NY-21,,,,STATE-WIDE,USA,UNITED STATES,NY*****,,,,36,NEW YORK,,NY-21,,,45.024,PROMOTION OF THE ARTS GRANTS TO ORGANIZATIONS AND INDIVIDUALS,2023NEA01GAP2,TO SUPPORT OPPORTUNITIES FOR ALL PEOPLE TO PARTICIPATE IN THE ARTS AND ARTS EDUCATION.,04,PROJECT GRANT (B),,,,,PURPOSE: TO SUPPORT FOLK ARTS RESIDENCIES AND PROGRAMMING IN THE MIDDLEBURGH CENTRAL AND SCHENECTADY SCHOOL DISTRICTS.,"PURPOSE: TO
SUPPORT FOLK ARTS RESIDENCIES AND PROGRAMMING IN THE MIDDLEBURGH CENTRAL AND
SCHENECTADY SCHOOL DISTRICTS.",NON,NOT RECOVERY ACT,M,NONPROFIT WITH 501C3 IRS STATUS (OTHER THAN AN INSTITUTION OF HIGHER EDUCATION),,,A1,New Award,2,NON-AGGREGATE RECORD,,,,,,,,,,,https://www.usaspending.gov/award/ASST_NON_1929474-55-24_417/,2024-08-28 15:45:26.815488+00,2024-08-28 15:45:26.815488+00,recipient county outside NYC
5920_1929474-55-24_-NONE-_45.024_3,ASST_NON_1929474-55-24_417,1929474-55-24,3,,SAI EXEMPT,0.00,20000.00,20000.00,0.00,0.00,0.00,0.00,0.00,0.00,0.00,0.00,Q: Not Designated Nonemergency/Emergency/Disaster/Wildfire Suppression,,,,,2024-08-15,2024,2024-06-01,2025-05-31,417,National Endowment for the Arts,5920,National Endowment for the Arts,593105,NATIONAL ENDOWMENT FOR THE ARTS,417,National Endowment for the Arts,5920,National Endowment for the Arts,593105,NATIONAL ENDOWMENT FOR THE ARTS,417-X-0100-000,417-0100,"41.0: Grants, subsidies, and contributions",0001: PROMOTION OF THE ARTS,G7T9C1SJD273,,SCHOHARIE RIVER CENTER INC,SCHOHARIE RIVER CENTER,G7T9C1SJD273,,SCHOHARIE RIVER CENTER INC,,USA,UNITED STATES,2025 BURTONVILLE RD,,24713,ESPERANCE,36057,MONTGOMERY,36,NY,NEW YORK,12066,2415,NY-21,NY-21,,,,STATE-WIDE,USA,UNITED STATES,NY*****,,,,36,NEW YORK,,NY-21,,,45.024,PROMOTION OF THE ARTS GRANTS TO ORGANIZATIONS AND INDIVIDUALS,2023NEA01GAP2,TO SUPPORT OPPORTUNITIES FOR ALL PEOPLE TO PARTICIPATE IN THE ARTS AND ARTS EDUCATION.,04,PROJECT GRANT (B),,,,,"PURPOSE: TO
SUPPORT FOLK ARTS RESIDENCIES AND PROGRAMMING IN THE MIDDLEBURGH CENTRAL AND
SCHENECTADY SCHOOL DISTRICTS.","PURPOSE: TO
SUPPORT FOLK ARTS RESIDENCIES AND PROGRAMMING IN THE MIDDLEBURGH CENTRAL AND
SCHENECTADY SCHOOL DISTRICTS.",NON,NOT RECOVERY ACT,M,NONPROFIT WITH 501C3 IRS STATUS (OTHER THAN AN INSTITUTION OF HIGHER EDUCATION),,,A1,New Award,2,NON-AGGREGATE RECORD,,,,,,,,,,,https://www.usaspending.gov/award/ASST_NON_1929474-55-24_417/,2025-05-29 15:25:04.378853+00,2025-05-29 15:25:04.378853+00,recipient county outside NYC
5920_1930499-32-24_-NONE-_45.024_-NONE-,ASST_NON_1930499-32-24_417,1930499-32-24,,,SAI EXEMPT,25000.00,25000.00,25000.00,0.00,0.00,0.00,0.00,0.00,0.00,0.00,25000.00,Q: Not Designated Nonemergency/Emergency/Disaster/Wildfire Suppression,,,,,2024-08-12,2024,2024-07-01,2025-06-30,417,National Endowment for the Arts,5920,National Endowment for the Arts,593105,NATIONAL ENDOWMENT FOR THE ARTS,417,National Endowment for the Arts,5920,National Endowment for the Arts,593105,NATIONAL ENDOWMENT FOR THE ARTS,417-X-0100-000,417-0100,"41.0: Grants, subsidies, and contributions",0001: PROMOTION OF THE ARTS,XKDBBNWHQEW5,,CIVIC ENSEMBLE INC.,CIVIC ENSEMBLE  INC.,,,,,USA,UNITED STATES,127 CLEVELAND AVE.,,38077,ITHACA,36109,TOMPKINS,36,NY,NEW YORK,14850,5201,NY-19,NY-19,,,,STATE-WIDE,USA,UNITED STATES,NY*****,,,,36,NEW YORK,,NY-19,,,45.024,PROMOTION OF THE ARTS GRANTS TO ORGANIZATIONS AND INDIVIDUALS,2023NEA01GAP2,TO SUPPORT OPPORTUNITIES FOR ALL PEOPLE TO PARTICIPATE IN THE ARTS AND ARTS EDUCATION.,04,PROJECT GRANT (B),,,,,PURPOSE: TO SUPPORT THE REENTRY THEATRE PROGRAM.,"PURPOSE: TO SUPPORT THE
REENTRY THEATRE PROGRAM.",NON,NOT RECOVERY ACT,M,NONPROFIT WITH 501C3 IRS STATUS (OTHER THAN AN INSTITUTION OF HIGHER EDUCATION),,,A1,New Award,2,NON-AGGREGATE RECORD,,,,,,,,,,,https://www.usaspending.gov/award/ASST_NON_1930499-32-24_417/,2024-08-28 15:45:26.815488+00,2024-08-28 15:45:26.815488+00,recipient county outside NYC
5920_1930499-32-24_-NONE-_45.024_3,ASST_NON_1930499-32-24_417,1930499-32-24,3,,SAI EXEMPT,0.00,25000.00,25000.00,0.00,0.00,0.00,0.00,0.00,0.00,0.00,0.00,Q: Not Designated Nonemergency/Emergency/Disaster/Wildfire Suppression,,,,,2024-08-12,2024,2024-07-01,2025-05-31,417,National Endowment for the Arts,5920,National Endowment for the Arts,593105,NATIONAL ENDOWMENT FOR THE ARTS,417,National Endowment for the Arts,5920,National Endowment for the Arts,593105,NATIONAL ENDOWMENT FOR THE ARTS,417-X-0100-000,417-0100,"41.0: Grants, subsidies, and contributions",0001: PROMOTION OF THE ARTS,XKDBBNWHQEW5,,CIVIC ENSEMBLE INC.,"CIVIC ENSEMBLE, INC.",,,,,USA,UNITED STATES,127 CLEVELAND AVE.,,38077,ITHACA,36109,TOMPKINS,36,NY,NEW YORK,14850,5201,NY-19,NY-19,,,,STATE-WIDE,USA,UNITED STATES,NY*****,,,,36,NEW YORK,,NY-19,,,45.024,PROMOTION OF THE ARTS GRANTS TO ORGANIZATIONS AND INDIVIDUALS,2023NEA01GAP2,TO SUPPORT OPPORTUNITIES FOR ALL PEOPLE TO PARTICIPATE IN THE ARTS AND ARTS EDUCATION.,04,PROJECT GRANT (B),,,,,"PURPOSE: TO SUPPORT THE
REENTRY THEATRE PROGRAM.","PURPOSE: TO SUPPORT THE
REENTRY THEATRE PROGRAM.",NON,NOT RECOVERY ACT,M,NONPROFIT WITH 501C3 IRS STATUS (OTHER THAN AN INSTITUTION OF HIGHER EDUCATION),,,A1,New Award,2,NON-AGGREGATE RECORD,,,,,,,,,,,https://www.usaspending.gov/award/ASST_NON_1930499-32-24_417/,2025-05-29 15:25:04.378853+00,2025-05-29 15:25:04.378853+00,recipient county outside NYC
5920_1930599-31-24_-NONE-_45.024_-NONE-,ASST_NON_1930599-31-24_417,1930599-31-24,,,SAI EXEMPT,15000.00,15000.00,15000.00,0.00,0.00,0.00,0.00,0.00,0.00,0.00,15000.00,Q: Not Designated Nonemergency/Emergency/Disaster/Wildfire Suppression,,,,,2024-06-24,2024,2024-06-01,2024-12-31,417,National Endowment for the Arts,5920,National Endowment for the Arts,593105,NATIONAL ENDOWMENT FOR THE ARTS,417,National Endowment for the Arts,5920,National Endowment for the Arts,593105,NATIONAL ENDOWMENT FOR THE ARTS,417-X-0100-000,417-0100,"41.0: Grants, subsidies, and contributions",0001: PROMOTION OF THE ARTS,MDXNKMNBB6T1,,JAZZ FORUM ARTS INC,JAZZ FORUM ARTS  INC.,ES2UACJX9839,,,,USA,UNITED STATES,1 DIXON LN,,73176,TARRYTOWN,36119,WESTCHESTER,36,NY,NEW YORK,10591,3305,NY-16,NY-17,,,,STATE-WIDE,USA,UNITED STATES,NY*****,,,,36,NEW YORK,,NY-16,,,45.024,PROMOTION OF THE ARTS GRANTS TO ORGANIZATIONS AND INDIVIDUALS,2023NEA01GAP2,TO SUPPORT OPPORTUNITIES FOR ALL PEOPLE TO PARTICIPATE IN THE ARTS AND ARTS EDUCATION.,04,PROJECT GRANT (B),,,,,PURPOSE: TO SUPPORT JAZZ FORUM ARTS 2024 SUMMER CONCERT SERIES.,PURPOSE: TO SUPPORT JAZZ FORUM ARTS 2024 SUMMER CONCERT SERIES.,NON,NOT RECOVERY ACT,M,NONPROFIT WITH 501C3 IRS STATUS (OTHER THAN AN INSTITUTION OF HIGHER EDUCATION),,,A1,New Award,2,NON-AGGREGATE RECORD,,,,,,,,,,,https://www.usaspending.gov/award/ASST_NON_1930599-31-24_417/,2024-06-26 18:10:15.696621+00,2024-06-26 18:10:15.696621+00,recipient county outside NYC
5920_1930611-41-24_-NONE-_45.024_-NONE-,ASST_NON_1930611-41-24_417,1930611-41-24,,,SAI EXEMPT,40000.00,40000.00,40000.00,0.00,0.00,0.00,0.00,0.00,0.00,0.00,40000.00,Q: Not Designated Nonemergency/Emergency/Disaster/Wildfire Suppression,,,,,2024-07-24,2024,2024-06-01,2025-05-31,417,National Endowment for the Arts,5920,National Endowment for the Arts,593105,NATIONAL ENDOWMENT FOR THE ARTS,417,National Endowment for the Arts,5920,National Endowment for the Arts,593105,NATIONAL ENDOWMENT FOR THE ARTS,417-X-0100-000,417-0100,"41.0: Grants, subsidies, and contributions",0001: PROMOTION OF THE ARTS,EJ5GXJ9NKWQ3,,ART OMI,ART OMI  INC.,EJ5GXJ9NKWQ3,,ART OMI,,USA,UNITED STATES,1405 COUNTY ROUTE 22,,28860,GHENT,36021,COLUMBIA,36,NY,NEW YORK,12075,3809,NY-10,NY-19,,,,STATE-WIDE,USA,UNITED STATES,NY*****,,,,36,NEW YORK,,NY-10,,,45.024,PROMOTION OF THE ARTS GRANTS TO ORGANIZATIONS AND INDIVIDUALS,2023NEA01GAP2,TO SUPPORT OPPORTUNITIES FOR ALL PEOPLE TO PARTICIPATE IN THE ARTS AND ARTS EDUCATION.,04,PROJECT GRANT (B),,,,,PURPOSE: TO SUPPORT AN ARTIST RESIDENCY AND RELATED PUBLIC PROGRAMS.,PURPOSE: TO SUPPORT AN ARTIST RESIDENCY AND RELATED PUBLIC PROGRAMS.,NON,NOT RECOVERY ACT,M,NONPROFIT WITH 501C3 IRS STATUS (OTHER THAN AN INSTITUTION OF HIGHER EDUCATION),,,A1,New Award,2,NON-AGGREGATE RECORD,,,,,,,,,,,https://www.usaspending.gov/award/ASST_NON_1930611-41-24_417/,2024-07-29 18:46:13.906415+00,2024-07-29 18:46:13.906415+00,recipient county outside NYC
5920_1930870-41-24_-NONE-_45.024_-NONE-,ASST_NON_1930870-41-24_417,1930870-41-24,,,SAI EXEMPT,30000.00,30000.00,30000.00,0.00,0.00,0.00,0.00,0.00,0.00,0.00,30000.00,Q: Not Designated Nonemergency/Emergency/Disaster/Wildfire Suppression,,,,,2024-08-26,2024,2024-07-01,2025-09-30,417,National Endowment for the Arts,5920,National Endowment for the Arts,593105,NATIONAL ENDOWMENT FOR THE ARTS,417,National Endowment for the Arts,5920,National Endowment for the Arts,593105,NATIONAL ENDOWMENT FOR THE ARTS,417-X-0100-000,417-0100,"41.0: Grants, subsidies, and contributions",0001: PROMOTION OF THE ARTS,KQTMRELQMZG3,,BUFFALO INSTITUTE FOR CONTEMPORARY ART INC,BUFFALO INSTITUTE FOR CONTEMPORARY ART INC,,,,,USA,UNITED STATES,808 MCKINLEY PKWY,UPPR,11000,BUFFALO,36029,ERIE,36,NY,NEW YORK,14220,1339,NY-26,NY-26,,,,STATE-WIDE,USA,UNITED STATES,NY*****,,,,36,NEW YORK,,NY-26,,,45.024,PROMOTION OF THE ARTS GRANTS TO ORGANIZATIONS AND INDIVIDUALS,2023NEA01GAP2,TO SUPPORT OPPORTUNITIES FOR ALL PEOPLE TO PARTICIPATE IN THE ARTS AND ARTS EDUCATION.,04,PROJECT GRANT (B),,,,,PURPOSE: TO SUPPORT AN EXHIBITION SERIES  RELATED PROGRAMMING  AND AN ACCOMPANYING CATALOGUE.,"PURPOSE: TO SUPPORT AN EXHIBITION SERIES, RELATED
PROGRAMMING, AND AN ACCOMPANYING CATALOGUE.",NON,NOT RECOVERY ACT,M,NONPROFIT WITH 501C3 IRS STATUS (OTHER THAN AN INSTITUTION OF HIGHER EDUCATION),,,A1,New Award,2,NON-AGGREGATE RECORD,,,,,,,,,,,https://www.usaspending.gov/award/ASST_NON_1930870-41-24_417/,2024-08-28 15:45:26.815488+00,2024-08-28 15:45:26.815488+00,recipient county outside NYC
5920_1930870-41-24_-NONE-_45.024_3,ASST_NON_1930870-41-24_417,1930870-41-24,3,,SAI EXEMPT,0.00,30000.00,30000.00,0.00,0.00,0.00,0.00,0.00,0.00,0.00,0.00,Q: Not Designated Nonemergency/Emergency/Disaster/Wildfire Suppression,,,,,2024-08-26,2024,2024-07-01,2025-05-31,417,National Endowment for the Arts,5920,National Endowment for the Arts,593105,NATIONAL ENDOWMENT FOR THE ARTS,417,National Endowment for the Arts,5920,National Endowment for the Arts,593105,NATIONAL ENDOWMENT FOR THE ARTS,417-X-0100-000,417-0100,"41.0: Grants, subsidies, and contributions",0001: PROMOTION OF THE ARTS,KQTMRELQMZG3,,BUFFALO INSTITUTE FOR CONTEMPORARY ART INC,BUFFALO INSTITUTE FOR CONTEMPORARY ART INC,,,,,USA,UNITED STATES,808 MCKINLEY PKWY,UPPR,11000,BUFFALO,36029,ERIE,36,NY,NEW YORK,14220,1339,NY-26,NY-26,,,,STATE-WIDE,USA,UNITED STATES,NY*****,,,,36,NEW YORK,,NY-26,,,45.024,PROMOTION OF THE ARTS GRANTS TO ORGANIZATIONS AND INDIVIDUALS,2023NEA01GAP2,TO SUPPORT OPPORTUNITIES FOR ALL PEOPLE TO PARTICIPATE IN THE ARTS AND ARTS EDUCATION.,04,PROJECT GRANT (B),,,,,"PURPOSE: TO SUPPORT AN EXHIBITION SERIES, RELATED
PROGRAMMING, AND AN ACCOMPANYING CATALOGUE.","PURPOSE: TO SUPPORT AN EXHIBITION SERIES, RELATED
PROGRAMMING, AND AN ACCOMPANYING CATALOGUE.",NON,NOT RECOVERY ACT,M,NONPROFIT WITH 501C3 IRS STATUS (OTHER THAN AN INSTITUTION OF HIGHER EDUCATION),,,A1,New Award,2,NON-AGGREGATE RECORD,,,,,,,,,,,https://www.usaspending.gov/award/ASST_NON_1930870-41-24_417/,2025-05-29 15:25:04.378853+00,2025-05-29 15:25:04.378853+00,recipient county outside NYC
5920_1930888-31-24_-NONE-_45.024_-NONE-,ASST_NON_1930888-31-24_417,1930888-31-24,,,SAI EXEMPT,20000.00,20000.00,20000.00,0.00,0.00,0.00,0.00,0.00,0.00,0.00,20000.00,Q: Not Designated Nonemergency/Emergency/Disaster/Wildfire Suppression,,,,,2024-06-12,2024,2024-06-01,2024-12-31,417,National Endowment for the Arts,5920,National Endowment for the Arts,593105,NATIONAL ENDOWMENT FOR THE ARTS,417,National Endowment for the Arts,5920,National Endowment for the Arts,593105,NATIONAL ENDOWMENT FOR THE ARTS,417-X-0100-000,417-0100,"41.0: Grants, subsidies, and contributions",0001: PROMOTION OF THE ARTS,K2DDAS2E6DP7,,SKIDMORE COLLEGE,SKIDMORE COLLEGE,,,SKIDMORE COLLEGE,SKIDMORE COLLEGE,USA,UNITED STATES,815 N BROADWAY,,65255,SARATOGA SPRINGS,36091,SARATOGA,36,NY,NEW YORK,12866,1632,NY-20,NY-20,,,,STATE-WIDE,USA,UNITED STATES,NY*****,,,,36,NEW YORK,,NY-20,,,45.024,PROMOTION OF THE ARTS GRANTS TO ORGANIZATIONS AND INDIVIDUALS,2023NEA01GAP2,TO SUPPORT OPPORTUNITIES FOR ALL PEOPLE TO PARTICIPATE IN THE ARTS AND ARTS EDUCATION.,04,PROJECT GRANT (B),,,,,PURPOSE: TO SUPPORT THE SKIDMORE JAZZ INSTITUTE.,PURPOSE: TO SUPPORT THE SKIDMORE JAZZ INSTITUTE.,NON,NOT RECOVERY ACT,M,NONPROFIT WITH 501C3 IRS STATUS (OTHER THAN AN INSTITUTION OF HIGHER EDUCATION),,,A1,New Award,2,NON-AGGREGATE RECORD,,,,,,,,,,,https://www.usaspending.gov/award/ASST_NON_1930888-31-24_417/,2024-06-26 18:10:15.696621+00,2024-06-26 18:10:15.696621+00,recipient county outside NYC
5920_1930929-31-24_-NONE-_45.024_-NONE-,ASST_NON_1930929-31-24_417,1930929-31-24,,,SAI EXEMPT,20000.00,20000.00,20000.00,0.00,0.00,0.00,0.00,0.00,0.00,0.00,20000.00,Q: Not Designated Nonemergency/Emergency/Disaster/Wildfire Suppression,,,,,2024-05-08,2024,2024-06-01,2025-06-30,417,National Endowment for the Arts,5920,National Endowment for the Arts,593105,NATIONAL ENDOWMENT FOR THE ARTS,417,National Endowment for the Arts,5920,National Endowment for the Arts,593105,NATIONAL ENDOWMENT FOR THE ARTS,417-X-0100-000,417-0100,"41.0: Grants, subsidies, and contributions",0001: PROMOTION OF THE ARTS,YRFLG9FUS5Q7,,ETHELS FOUNDATION FOR THE ARTS,ETHELS FOUNDATION FOR THE ARTS,,,,,USA,UNITED STATES,76 OLIPHANT AVE,STE 105,20698,DOBBS FERRY,36119,WESTCHESTER,36,NY,NEW YORK,10522,2906,NY-12,NY-16,,,,STATE-WIDE,USA,UNITED STATES,NY*****,,,,36,NEW YORK,,NY-12,,,45.024,PROMOTION OF THE ARTS GRANTS TO ORGANIZATIONS AND INDIVIDUALS,2023NEA01GAP2,TO SUPPORT OPPORTUNITIES FOR ALL PEOPLE TO PARTICIPATE IN THE ARTS AND ARTS EDUCATION.,04,PROJECT GRANT (B),,,,,PURPOSE: TO SUPPORT A NATIONAL TOUR.,PURPOSE: TO SUPPORT A NATIONAL TOUR.,NON,NOT RECOVERY ACT,M,NONPROFIT WITH 501C3 IRS STATUS (OTHER THAN AN INSTITUTION OF HIGHER EDUCATION),,,A1,New Award,2,NON-AGGREGATE RECORD,,,,,,,,,,,https://www.usaspending.gov/award/ASST_NON_1930929-31-24_417/,2024-05-28 14:18:13.625212+00,2024-05-28 14:18:13.625212+00,recipient county outside NYC
5920_1931078-31-24_-NONE-_45.024_-NONE-,ASST_NON_1931078-31-24_417,1931078-31-24,,,SAI EXEMPT,15000.00,15000.00,15000.00,0.00,0.00,0.00,0.00,0.00,0.00,0.00,15000.00,Q: Not Designated Nonemergency/Emergency/Disaster/Wildfire Suppression,,,,,2024-06-06,2024,2024-08-01,2025-01-31,417,National Endowment for the Arts,5920,National Endowment for the Arts,593105,NATIONAL ENDOWMENT FOR THE ARTS,417,National Endowment for the Arts,5920,National Endowment for the Arts,593105,NATIONAL ENDOWMENT FOR THE ARTS,417-X-0100-000,417-0100,"41.0: Grants, subsidies, and contributions",0001: PROMOTION OF THE ARTS,ZH8PQ28BNG73,,COMPOSERS NOW INC,COMPOSERS NOW INC,,,,,USA,UNITED STATES,36 FOREST RIDGE RD,,54100,NYACK,36087,ROCKLAND,36,NY,NEW YORK,10960,1754,NY-17,NY-17,,,,STATE-WIDE,USA,UNITED STATES,NY*****,,,,36,NEW YORK,,NY-17,,,45.024,PROMOTION OF THE ARTS GRANTS TO ORGANIZATIONS AND INDIVIDUALS,2023NEA01GAP2,TO SUPPORT OPPORTUNITIES FOR ALL PEOPLE TO PARTICIPATE IN THE ARTS AND ARTS EDUCATION.,04,PROJECT GRANT (B),,,,,PURPOSE: TO SUPPORT CONCERTS IN THE DIALOGUES SERIES FEATURING WORKS BY LIVING COMPOSERS.,PURPOSE: TO SUPPORT CONCERTS IN THE DIALOGUES SERIES FEATURING WORKS BY LIVING COMPOSERS.,NON,NOT RECOVERY ACT,M,NONPROFIT WITH 501C3 IRS STATUS (OTHER THAN AN INSTITUTION OF HIGHER EDUCATION),,,A1,New Award,2,NON-AGGREGATE RECORD,,,,,,,,,,,https://www.usaspending.gov/award/ASST_NON_1931078-31-24_417/,2024-06-26 18:10:15.696621+00,2024-06-26 18:10:15.696621+00,recipient county outside NYC
5920_1931113-62-24_-NONE-_45.024_-NONE-,ASST_NON_1931113-62-24_417,1931113-62-24,,,SAI EXEMPT,60000.00,60000.00,60000.00,0.00,0.00,0.00,0.00,0.00,0.00,0.00,60000.00,Q: Not Designated Nonemergency/Emergency/Disaster/Wildfire Suppression,,,,,2024-07-03,2024,2024-06-01,2025-07-31,417,National Endowment for the Arts,5920,National Endowment for the Arts,593105,NATIONAL ENDOWMENT FOR THE ARTS,417,National Endowment for the Arts,5920,National Endowment for the Arts,593105,NATIONAL ENDOWMENT FOR THE ARTS,417-X-0100-000,417-0100,"41.0: Grants, subsidies, and contributions",0001: PROMOTION OF THE ARTS,KHRJYKYFA1N8,,ARTS CENTER,ARTS CENTER OF THE CAPITAL REGION,,,,,USA,UNITED STATES,265 RIVER ST,,75484,TROY,36083,RENSSELAER,36,NY,NEW YORK,12180,3215,NY-20,NY-20,,,,STATE-WIDE,USA,UNITED STATES,NY*****,,,,36,NEW YORK,,NY-20,,,45.024,PROMOTION OF THE ARTS GRANTS TO ORGANIZATIONS AND INDIVIDUALS,2023NEA01GAP2,TO SUPPORT OPPORTUNITIES FOR ALL PEOPLE TO PARTICIPATE IN THE ARTS AND ARTS EDUCATION.,04,PROJECT GRANT (B),,,,,PURPOSE: TO SUPPORT A GRANT PROGRAM FOR INDIVIDUAL ARTISTS.,PURPOSE: TO SUPPORT A GRANT PROGRAM FOR INDIVIDUAL ARTISTS.,NON,NOT RECOVERY ACT,M,NONPROFIT WITH 501C3 IRS STATUS (OTHER THAN AN INSTITUTION OF HIGHER EDUCATION),,,A1,New Award,2,NON-AGGREGATE RECORD,,,,,,,,,,,https://www.usaspending.gov/award/ASST_NON_1931113-62-24_417/,2024-07-29 18:46:13.906415+00,2024-07-29 18:46:13.906415+00,recipient county outside NYC
5920_1931123-33-24_-NONE-_45.024_-NONE-,ASST_NON_1931123-33-24_417,1931123-33-24,,,SAI EXEMPT,25000.00,25000.00,25000.00,0.00,0.00,0.00,0.00,0.00,0.00,0.00,25000.00,Q: Not Designated Nonemergency/Emergency/Disaster/Wildfire Suppression,,,,,2024-08-13,2024,2024-06-01,2025-05-31,417,National Endowment for the Arts,5920,National Endowment for the Arts,593105,NATIONAL ENDOWMENT FOR THE ARTS,417,National Endowment for the Arts,5920,National Endowment for the Arts,593105,NATIONAL ENDOWMENT FOR THE ARTS,417-X-0100-000,417-0100,"41.0: Grants, subsidies, and contributions",0001: PROMOTION OF THE ARTS,GDJCANM6D8Y9,,KALEIDOSCOPE DANCE THEATRE INC,KALEIDOSCOPE DANCE THEATRE INC.,,,,,USA,UNITED STATES,253 E GENESEE ST,,03078,AUBURN,36011,CAYUGA,36,NY,NEW YORK,13021,4339,NY-24,NY-22,,,,STATE-WIDE,USA,UNITED STATES,NY*****,,,,36,NEW YORK,,NY-24,,,45.024,PROMOTION OF THE ARTS GRANTS TO ORGANIZATIONS AND INDIVIDUALS,2023NEA01GAP2,TO SUPPORT OPPORTUNITIES FOR ALL PEOPLE TO PARTICIPATE IN THE ARTS AND ARTS EDUCATION.,04,PROJECT GRANT (B),,,,,PURPOSE: TO SUPPORT TWO BLACK VOICES  A COLLABORATIVE PROJECT TO PRESENT  TEACH  AND STUDY TWO BLACK DANCE VOCABULARIES.,PURPOSE: TO SUPPORT TWO BLACK VOICES  A COLLABORATIVE PROJECT TO PRESENT  TEACH  AND STUDY TWO BLACK DANCE VOCABULARIES.,NON,NOT RECOVERY ACT,M,NONPROFIT WITH 501C3 IRS STATUS (OTHER THAN AN INSTITUTION OF HIGHER EDUCATION),,,A1,New Award,2,NON-AGGREGATE RECORD,,,,,,,,,,,https://www.usaspending.gov/award/ASST_NON_1931123-33-24_417/,2024-08-28 15:45:26.815488+00,2024-08-28 15:45:26.815488+00,recipient county outside NYC
5920_1931219-31-24_-NONE-_45.024_-NONE-,ASST_NON_1931219-31-24_417,1931219-31-24,,,SAI EXEMPT,15000.00,15000.00,15000.00,0.00,0.00,0.00,0.00,0.00,0.00,0.00,15000.00,Q: Not Designated Nonemergency/Emergency/Disaster/Wildfire Suppression,,,,,2024-06-06,2024,2024-06-01,2025-05-31,417,National Endowment for the Arts,5920,National Endowment for the Arts,593105,NATIONAL ENDOWMENT FOR THE ARTS,417,National Endowment for the Arts,5920,National Endowment for the Arts,593105,NATIONAL ENDOWMENT FOR THE ARTS,417-X-0100-000,417-0100,"41.0: Grants, subsidies, and contributions",0001: PROMOTION OF THE ARTS,N2U7M3QRV9W1,,COPLAND HOUSE INC,COPLAND HOUSE,,,,,USA,UNITED STATES,1538 WASHINGTON ST,,,CORTLANDT MANOR,36119,WESTCHESTER,36,NY,NEW YORK,10567,7025,NY-17,NY-17,,,,STATE-WIDE,USA,UNITED STATES,NY*****,,,,36,NEW YORK,,NY-17,,,45.024,PROMOTION OF THE ARTS GRANTS TO ORGANIZATIONS AND INDIVIDUALS,2023NEA01GAP2,TO SUPPORT OPPORTUNITIES FOR ALL PEOPLE TO PARTICIPATE IN THE ARTS AND ARTS EDUCATION.,04,PROJECT GRANT (B),,,,,PURPOSE: TO SUPPORT A SERIES OF PERFORMANCES BY THE MUSIC FROM COPLAND HOUSE ENSEMBLE WITH RELATED EDUCATIONAL ACTIVITIES.,PURPOSE: TO SUPPORT A SERIES OF PERFORMANCES BY THE MUSIC FROM COPLAND HOUSE ENSEMBLE WITH RELATED EDUCATIONAL ACTIVITIES.,NON,NOT RECOVERY ACT,M,NONPROFIT WITH 501C3 IRS STATUS (OTHER THAN AN INSTITUTION OF HIGHER EDUCATION),,,A1,New Award,2,NON-AGGREGATE RECORD,,,,,,,,,,,https://www.usaspending.gov/award/ASST_NON_1931219-31-24_417/,2024-06-26 18:10:15.696621+00,2024-06-26 18:10:15.696621+00,recipient county outside NYC
5920_1931324-34-24_-NONE-_45.024_-NONE-,ASST_NON_1931324-34-24_417,1931324-34-24,,,SAI EXEMPT,20000.00,20000.00,20000.00,0.00,0.00,0.00,0.00,0.00,0.00,0.00,20000.00,Q: Not Designated Nonemergency/Emergency/Disaster/Wildfire Suppression,,,,,2024-07-25,2024,2024-06-01,2025-06-30,417,National Endowment for the Arts,5920,National Endowment for the Arts,593105,NATIONAL ENDOWMENT FOR THE ARTS,417,National Endowment for the Arts,5920,National Endowment for the Arts,593105,NATIONAL ENDOWMENT FOR THE ARTS,417-X-0100-000,417-0100,"41.0: Grants, subsidies, and contributions",0001: PROMOTION OF THE ARTS,PN4LBCGBL8P7,,"VISUAL STUDIES WORKSHOP, INC.",VISUAL STUDIES WORKSHOP  INC.,,,,,USA,UNITED STATES,31 PRINCE ST,,63000,ROCHESTER,36055,MONROE,36,NY,NEW YORK,14607,1405,NY-25,NY-25,,,,STATE-WIDE,USA,UNITED STATES,NY*****,,,,36,NEW YORK,,NY-25,,,45.024,PROMOTION OF THE ARTS GRANTS TO ORGANIZATIONS AND INDIVIDUALS,2023NEA01GAP2,TO SUPPORT OPPORTUNITIES FOR ALL PEOPLE TO PARTICIPATE IN THE ARTS AND ARTS EDUCATION.,04,PROJECT GRANT (B),,,,,PURPOSE: TO SUPPORT AN INTERACTIVE EXHIBITION OF EMERGING DIGITAL TECHNOLOGIES AND RELATED PUBLIC PROGRAMMING.,"PURPOSE: TO SUPPORT AN
INTERACTIVE EXHIBITION OF EMERGING DIGITAL TECHNOLOGIES AND RELATED PUBLIC
PROGRAMMING.",NON,NOT RECOVERY ACT,M,NONPROFIT WITH 501C3 IRS STATUS (OTHER THAN AN INSTITUTION OF HIGHER EDUCATION),,,A1,New Award,2,NON-AGGREGATE RECORD,,,,,,,,,,,https://www.usaspending.gov/award/ASST_NON_1931324-34-24_417/,2024-07-29 18:46:13.906415+00,2024-07-29 18:46:13.906415+00,recipient county outside NYC
5920_1931324-34-24_-NONE-_45.024_3,ASST_NON_1931324-34-24_417,1931324-34-24,3,,SAI EXEMPT,0.00,20000.00,20000.00,0.00,0.00,0.00,0.00,0.00,0.00,0.00,0.00,Q: Not Designated Nonemergency/Emergency/Disaster/Wildfire Suppression,,,,,2024-07-25,2024,2024-06-01,2025-05-31,417,National Endowment for the Arts,5920,National Endowment for the Arts,593105,NATIONAL ENDOWMENT FOR THE ARTS,417,National Endowment for the Arts,5920,National Endowment for the Arts,593105,NATIONAL ENDOWMENT FOR THE ARTS,417-X-0100-000,417-0100,"41.0: Grants, subsidies, and contributions",0001: PROMOTION OF THE ARTS,PN4LBCGBL8P7,,"VISUAL STUDIES WORKSHOP, INC.","VISUAL STUDIES WORKSHOP, INC.",,,,,USA,UNITED STATES,31 PRINCE ST,,63000,ROCHESTER,36055,MONROE,36,NY,NEW YORK,14607,1405,NY-25,NY-25,,,,STATE-WIDE,USA,UNITED STATES,NY*****,,,,36,NEW YORK,,NY-25,,,45.024,PROMOTION OF THE ARTS GRANTS TO ORGANIZATIONS AND INDIVIDUALS,2023NEA01GAP2,TO SUPPORT OPPORTUNITIES FOR ALL PEOPLE TO PARTICIPATE IN THE ARTS AND ARTS EDUCATION.,04,PROJECT GRANT (B),,,,,"PURPOSE: TO SUPPORT AN
INTERACTIVE EXHIBITION OF EMERGING DIGITAL TECHNOLOGIES AND RELATED PUBLIC
PROGRAMMING.","PURPOSE: TO SUPPORT AN
INTERACTIVE EXHIBITION OF EMERGING DIGITAL TECHNOLOGIES AND RELATED PUBLIC
PROGRAMMING.",NON,NOT RECOVERY ACT,M,NONPROFIT WITH 501C3 IRS STATUS (OTHER THAN AN INSTITUTION OF HIGHER EDUCATION),,,A1,New Award,2,NON-AGGREGATE RECORD,,,,,,,,,,,https://www.usaspending.gov/award/ASST_NON_1931324-34-24_417/,2025-05-29 15:25:04.378853+00,2025-05-29 15:25:04.378853+00,recipient county outside NYC
5920_1931434-54-24_-NONE-_45.024_-NONE-,ASST_NON_1931434-54-24_417,1931434-54-24,,,SAI EXEMPT,50000.00,50000.00,50000.00,0.00,0.00,0.00,0.00,0.00,0.00,0.00,50000.00,Q: Not Designated Nonemergency/Emergency/Disaster/Wildfire Suppression,,,,,2024-07-25,2024,2024-06-01,2025-05-31,417,National Endowment for the Arts,5920,National Endowment for the Arts,593105,NATIONAL ENDOWMENT FOR THE ARTS,417,National Endowment for the Arts,5920,National Endowment for the Arts,593105,NATIONAL ENDOWMENT FOR THE ARTS,417-X-0100-000,417-0100,"41.0: Grants, subsidies, and contributions",0001: PROMOTION OF THE ARTS,HXUYPR3F7YD6,,ROCHESTER FRINGE FESTIVAL INC,ROCHESTER FRINGE FESTIVAL  INC.,HXUYPR3F7YD6,,ROCHESTER FRINGE FESTIVAL INC,,USA,UNITED STATES,208 MILL ST,LOWERLEVEL,63000,ROCHESTER,36055,MONROE,36,NY,NEW YORK,14614,1045,NY-25,NY-25,,,,STATE-WIDE,USA,UNITED STATES,NY*****,,,,36,NEW YORK,,NY-25,,,45.024,PROMOTION OF THE ARTS GRANTS TO ORGANIZATIONS AND INDIVIDUALS,2023NEA01GAP2,TO SUPPORT OPPORTUNITIES FOR ALL PEOPLE TO PARTICIPATE IN THE ARTS AND ARTS EDUCATION.,04,PROJECT GRANT (B),,,,,PURPOSE: TO SUPPORT THE ROCHESTER FRINGE FESTIVAL.,PURPOSE: TO SUPPORT THE ROCHESTER FRINGE FESTIVAL.,NON,NOT RECOVERY ACT,M,NONPROFIT WITH 501C3 IRS STATUS (OTHER THAN AN INSTITUTION OF HIGHER EDUCATION),,,A1,New Award,2,NON-AGGREGATE RECORD,,,,,,,,,,,https://www.usaspending.gov/award/ASST_NON_1931434-54-24_417/,2024-07-29 18:46:13.906415+00,2024-07-29 18:46:13.906415+00,recipient county outside NYC
5920_1931508-32-24_-NONE-_45.024_-NONE-,ASST_NON_1931508-32-24_417,1931508-32-24,,,SAI EXEMPT,25000.00,25000.00,25000.00,0.00,0.00,0.00,0.00,0.00,0.00,0.00,25000.00,Q: Not Designated Nonemergency/Emergency/Disaster/Wildfire Suppression,,,,,2024-05-22,2024,2024-06-01,2024-08-31,417,National Endowment for the Arts,5920,National Endowment for the Arts,593105,NATIONAL ENDOWMENT FOR THE ARTS,417,National Endowment for the Arts,5920,National Endowment for the Arts,593105,NATIONAL ENDOWMENT FOR THE ARTS,417-X-0100-000,417-0100,"41.0: Grants, subsidies, and contributions",0001: PROMOTION OF THE ARTS,DNWASVZZEKJ5,,"SHAKE ON THE LAKE, INC",SHAKE ON THE LAKE  INC.,DNWASVZZEKJ5,,"SHAKE ON THE LAKE, INC",,USA,UNITED STATES,37 MAIN ST S,,57243,PERRY,36121,WYOMING,36,NY,NEW YORK,14530,1521,NY-24,NY-24,,,,STATE-WIDE,USA,UNITED STATES,NY*****,,,,36,NEW YORK,,NY-24,,,45.024,PROMOTION OF THE ARTS GRANTS TO ORGANIZATIONS AND INDIVIDUALS,2023NEA01GAP2,TO SUPPORT OPPORTUNITIES FOR ALL PEOPLE TO PARTICIPATE IN THE ARTS AND ARTS EDUCATION.,04,PROJECT GRANT (B),,,,,PURPOSE: TO SUPPORT ARTIST FEES AND TRAVEL COSTS FOR THE NEW YORK STATE PUPPET FESTIVAL.,PURPOSE: TO SUPPORT ARTIST FEES AND TRAVEL COSTS FOR THE NEW YORK STATE PUPPET FESTIVAL.,NON,NOT RECOVERY ACT,M,NONPROFIT WITH 501C3 IRS STATUS (OTHER THAN AN INSTITUTION OF HIGHER EDUCATION),,,A1,New Award,2,NON-AGGREGATE RECORD,,,,,,,,,,,https://www.usaspending.gov/award/ASST_NON_1931508-32-24_417/,2024-05-28 14:18:13.625212+00,2024-05-28 14:18:13.625212+00,recipient county outside NYC
5920_1931593-51-24_-NONE-_45.024_-NONE-,ASST_NON_1931593-51-24_417,1931593-51-24,,,SAI EXEMPT,15000.00,0.00,,0.00,0.00,0.00,0.00,0.00,0.00,0.00,15000.00,Q: Not Designated Nonemergency/Emergency/Disaster/Wildfire Suppression,,,,,2024-08-15,2024,2024-07-01,2025-06-30,417,National Endowment for the Arts,5920,National Endowment for the Arts,593105,NATIONAL ENDOWMENT FOR THE ARTS,417,National Endowment for the Arts,5920,National Endowment for the Arts,593105,NATIONAL ENDOWMENT FOR THE ARTS,417-X-0100-000,417-0100,"41.0: Grants, subsidies, and contributions",0001: PROMOTION OF THE ARTS,JA95RY1ZUG82,,SCO FAMILY OF SERVICES,SCO FAMILY OF SERVICES,JA95RY1ZUG82,,SCO FAMILY OF SERVICES,SCO FAMILY OF SERVICES,USA,UNITED STATES,1415 KELLUM PL STE 140,,28178,GARDEN CITY,36059,NASSAU,36,NY,NEW YORK,11530,1604,NY-03,NY-04,,,,STATE-WIDE,USA,UNITED STATES,NY*****,,,,36,NEW YORK,,NY-03,,,45.024,PROMOTION OF THE ARTS GRANTS TO ORGANIZATIONS AND INDIVIDUALS,2023NEA01GAP2,TO SUPPORT OPPORTUNITIES FOR ALL PEOPLE TO PARTICIPATE IN THE ARTS AND ARTS EDUCATION.,04,PROJECT GRANT (B),,,,,PURPOSE: TO SUPPORT THE STAFF SALARIES AND SUPPLIES FOR ARTS FORWARD  A YEAR-ROUND MULTIDISCIPLINARY ARTS EDUCATION PROGRAM FOR STUDENTS.,"PURPOSE: TO SUPPORT THE STAFF SALARIES AND SUPPLIES FOR ARTS FORWARD, A YEAR-ROUND MULTIDISCIPLINARY ARTS EDUCATION PROGRAM FOR STUDENTS.",NON,NOT RECOVERY ACT,M,NONPROFIT WITH 501C3 IRS STATUS (OTHER THAN AN INSTITUTION OF HIGHER EDUCATION),,,A1,New Award,2,NON-AGGREGATE RECORD,,,,,,,,,,,https://www.usaspending.gov/award/ASST_NON_1931593-51-24_417/,2024-08-28 15:45:26.815488+00,2024-08-28 15:45:26.815488+00,recipient county outside NYC
5920_1931593-51-24_-NONE-_45.024_3,ASST_NON_1931593-51-24_417,1931593-51-24,3,,SAI EXEMPT,0.00,0.00,,0.00,0.00,0.00,0.00,0.00,0.00,0.00,0.00,Q: Not Designated Nonemergency/Emergency/Disaster/Wildfire Suppression,,,,,2024-08-15,2024,2024-07-01,2025-05-31,417,National Endowment for the Arts,5920,National Endowment for the Arts,593105,NATIONAL ENDOWMENT FOR THE ARTS,417,National Endowment for the Arts,5920,National Endowment for the Arts,593105,NATIONAL ENDOWMENT FOR THE ARTS,417-X-0100-000,417-0100,"41.0: Grants, subsidies, and contributions",0001: PROMOTION OF THE ARTS,JA95RY1ZUG82,,SCO FAMILY OF SERVICES,SCO FAMILY OF SERVICES,JA95RY1ZUG82,,SCO FAMILY OF SERVICES,SCO FAMILY OF SERVICES,USA,UNITED STATES,1415 KELLUM PL STE 140,,28178,GARDEN CITY,36059,NASSAU,36,NY,NEW YORK,11530,1604,NY-03,NY-04,,,,STATE-WIDE,USA,UNITED STATES,NY*****,,,,36,NEW YORK,,NY-03,,,45.024,PROMOTION OF THE ARTS GRANTS TO ORGANIZATIONS AND INDIVIDUALS,2023NEA01GAP2,TO SUPPORT OPPORTUNITIES FOR ALL PEOPLE TO PARTICIPATE IN THE ARTS AND ARTS EDUCATION.,04,PROJECT GRANT (B),,,,,"PURPOSE: TO SUPPORT THE STAFF SALARIES AND SUPPLIES FOR ARTS FORWARD, A YEAR-ROUND MULTIDISCIPLINARY ARTS EDUCATION PROGRAM FOR STUDENTS.","PURPOSE: TO SUPPORT THE STAFF SALARIES AND SUPPLIES FOR ARTS FORWARD, A YEAR-ROUND MULTIDISCIPLINARY ARTS EDUCATION PROGRAM FOR STUDENTS.",NON,NOT RECOVERY ACT,M,NONPROFIT WITH 501C3 IRS STATUS (OTHER THAN AN INSTITUTION OF HIGHER EDUCATION),,,A1,New Award,2,NON-AGGREGATE RECORD,,,,,,,,,,,https://www.usaspending.gov/award/ASST_NON_1931593-51-24_417/,2025-05-29 15:25:04.378853+00,2025-05-29 15:25:04.378853+00,recipient county outside NYC
5920_1931654-36-24_-NONE-_45.024_-NONE-,ASST_NON_1931654-36-24_417,1931654-36-24,,,SAI EXEMPT,65000.00,65000.00,65000.00,0.00,0.00,0.00,0.00,0.00,0.00,0.00,65000.00,Q: Not Designated Nonemergency/Emergency/Disaster/Wildfire Suppression,,,,,2024-05-23,2024,2024-06-01,2024-08-31,417,National Endowment for the Arts,5920,National Endowment for the Arts,593105,NATIONAL ENDOWMENT FOR THE ARTS,417,National Endowment for the Arts,5920,National Endowment for the Arts,593105,NATIONAL ENDOWMENT FOR THE ARTS,417-X-0100-000,417-0100,"41.0: Grants, subsidies, and contributions",0001: PROMOTION OF THE ARTS,FPS6NHSLMDE9,,GLIMMERGLASS OPERA THEATRE INC,GLIMMERGLASS OPERA THEATRE INC.,ZAF6NGH2PQD1,,,,USA,UNITED STATES,7300 STATE HIGHWAY 80,,18047,COOPERSTOWN,36077,OTSEGO,36,NY,NEW YORK,13326,3212,NY-21,NY-19,,,,STATE-WIDE,USA,UNITED STATES,NY*****,,,,36,NEW YORK,,NY-21,,,45.024,PROMOTION OF THE ARTS GRANTS TO ORGANIZATIONS AND INDIVIDUALS,2023NEA01GAP2,TO SUPPORT OPPORTUNITIES FOR ALL PEOPLE TO PARTICIPATE IN THE ARTS AND ARTS EDUCATION.,04,PROJECT GRANT (B),,,,,PURPOSE: TO SUPPORT A PRODUCTION OF KEVIN PUTS AND MARK CAMPBELLS OPERA ELIZABETH CREE.,PURPOSE: TO SUPPORT A PRODUCTION OF KEVIN PUTS AND MARK CAMPBELLS OPERA ELIZABETH CREE.,NON,NOT RECOVERY ACT,M,NONPROFIT WITH 501C3 IRS STATUS (OTHER THAN AN INSTITUTION OF HIGHER EDUCATION),,,A1,New Award,2,NON-AGGREGATE RECORD,,,,,,,,,,,https://www.usaspending.gov/award/ASST_NON_1931654-36-24_417/,2024-05-28 14:18:13.625212+00,2024-05-28 14:18:13.625212+00,recipient county outside NYC
5920_1931769-42-24_-NONE-_45.024_-NONE-,ASST_NON_1931769-42-24_417,1931769-42-24,,,SAI EXEMPT,75000.00,75000.00,75000.00,0.00,0.00,0.00,0.00,0.00,0.00,0.00,75000.00,Q: Not Designated Nonemergency/Emergency/Disaster/Wildfire Suppression,,,,,2024-06-17,2024,2024-07-01,2026-06-30,417,National Endowment for the Arts,5920,National Endowment for the Arts,593105,NATIONAL ENDOWMENT FOR THE ARTS,417,National Endowment for the Arts,5920,National Endowment for the Arts,593105,NATIONAL ENDOWMENT FOR THE ARTS,417-X-0100-000,417-0100,"41.0: Grants, subsidies, and contributions",0001: PROMOTION OF THE ARTS,FTXFG8UEMVH3,,"NEW YORK FOLKLORE SOCIETY, INC",NEW YORK FOLKLORE SOCIETY  INC.,FTXFG8UEMVH3,,"NEW YORK FOLKLORE SOCIETY, INC",,USA,UNITED STATES,129 JAY ST,,65508,SCHENECTADY,36093,SCHENECTADY,36,NY,NEW YORK,12305,1903,NY-20,NY-20,,,,STATE-WIDE,USA,UNITED STATES,NY*****,,,,36,NEW YORK,,NY-20,,,45.024,PROMOTION OF THE ARTS GRANTS TO ORGANIZATIONS AND INDIVIDUALS,2023NEA01OT,TO INTEGRATE THE ARTS WITH STRATEGIES THAT PROMOTE THE WELL-BEING AND RESILIENCE OF PEOPLE AND COMMUNITIES.,04,PROJECT GRANT (B),,,,,PURPOSE: TO SUPPORT ARTIST-DESIGNED SITE MARKERS  GIS STORY MAPPING  AND COMMUNITY ACTIVITIES CONNECTING RESIDENTS AND VISITORS TO NEW YORKS APPALACHIAN REGION.,PURPOSE: TO SUPPORT ARTIST-DESIGNED SITE MARKERS  GIS STORY MAPPING  AND COMMUNITY ACTIVITIES CONNECTING RESIDENTS AND VISITORS TO NEW YORKS APPALACHIAN REGION.,NON,NOT RECOVERY ACT,M,NONPROFIT WITH 501C3 IRS STATUS (OTHER THAN AN INSTITUTION OF HIGHER EDUCATION),,,A1,New Award,2,NON-AGGREGATE RECORD,,,,,,,,,,,https://www.usaspending.gov/award/ASST_NON_1931769-42-24_417/,2024-06-26 18:10:15.696621+00,2024-06-26 18:10:15.696621+00,recipient county outside NYC
5920_1932072-42-24_-NONE-_45.024_-NONE-,ASST_NON_1932072-42-24_417,1932072-42-24,,,SAI EXEMPT,61000.00,61000.00,61000.00,13264.00,0.00,0.00,0.00,0.00,0.00,0.00,61000.00,Q: Not Designated Nonemergency/Emergency/Disaster/Wildfire Suppression,,,,,2024-07-16,2024,2024-08-01,2026-07-31,417,National Endowment for the Arts,5920,National Endowment for the Arts,593105,NATIONAL ENDOWMENT FOR THE ARTS,417,National Endowment for the Arts,5920,National Endowment for the Arts,593105,NATIONAL ENDOWMENT FOR THE ARTS,417-X-0100-000,417-0100,"41.0: Grants, subsidies, and contributions",0001: PROMOTION OF THE ARTS,ZUNNENR67VV5,,"UNISON LEARNING CENTER, INC.",UNISON LEARNING CENTER  INC.,,,,,USA,UNITED STATES,9 PARADIES LN,,50551,NEW PALTZ,36111,ULSTER,36,NY,NEW YORK,12561,4017,NY-18,NY-18,,,,STATE-WIDE,USA,UNITED STATES,NY*****,,,,36,NEW YORK,,NY-18,,,45.024,PROMOTION OF THE ARTS GRANTS TO ORGANIZATIONS AND INDIVIDUALS,2023NEA01OT,TO INTEGRATE THE ARTS WITH STRATEGIES THAT PROMOTE THE WELL-BEING AND RESILIENCE OF PEOPLE AND COMMUNITIES.,04,PROJECT GRANT (B),,,,,PURPOSE: TO SUPPORT A PUBLIC ART PROJECT ABOUT THE WALLKILL RIVER AND CLIMATE CHANGE.,"PURPOSE: TO SUPPORT A PUBLIC ART
PROJECT ABOUT THE WALLKILL RIVER AND CLIMATE CHANGE.",NON,NOT RECOVERY ACT,M,NONPROFIT WITH 501C3 IRS STATUS (OTHER THAN AN INSTITUTION OF HIGHER EDUCATION),,,A1,New Award,2,NON-AGGREGATE RECORD,,,,,,,,,,,https://www.usaspending.gov/award/ASST_NON_1932072-42-24_417/,2024-07-29 18:46:13.906415+00,2024-07-29 18:46:13.906415+00,recipient county outside NYC
5920_1932072-42-24_-NONE-_45.024_3,ASST_NON_1932072-42-24_417,1932072-42-24,3,,SAI EXEMPT,0.00,61000.00,61000.00,13264.00,0.00,0.00,0.00,0.00,0.00,0.00,0.00,Q: Not Designated Nonemergency/Emergency/Disaster/Wildfire Suppression,,,,,2024-07-16,2024,2024-08-01,2025-05-31,417,National Endowment for the Arts,5920,National Endowment for the Arts,593105,NATIONAL ENDOWMENT FOR THE ARTS,417,National Endowment for the Arts,5920,National Endowment for the Arts,593105,NATIONAL ENDOWMENT FOR THE ARTS,417-X-0100-000,417-0100,"41.0: Grants, subsidies, and contributions",0001: PROMOTION OF THE ARTS,ZUNNENR67VV5,,"UNISON LEARNING CENTER, INC.","UNISON LEARNING CENTER, INC.",,,,,USA,UNITED STATES,9 PARADIES LN,,50551,NEW PALTZ,36111,ULSTER,36,NY,NEW YORK,12561,4017,NY-18,NY-18,,,,STATE-WIDE,USA,UNITED STATES,NY*****,,,,36,NEW YORK,,NY-18,,,45.024,PROMOTION OF THE ARTS GRANTS TO ORGANIZATIONS AND INDIVIDUALS,2023NEA01OT,TO INTEGRATE THE ARTS WITH STRATEGIES THAT PROMOTE THE WELL-BEING AND RESILIENCE OF PEOPLE AND COMMUNITIES.,04,PROJECT GRANT (B),,,,,"PURPOSE: TO SUPPORT A PUBLIC ART
PROJECT ABOUT THE WALLKILL RIVER AND CLIMATE CHANGE.","PURPOSE: TO SUPPORT A PUBLIC ART
PROJECT ABOUT THE WALLKILL RIVER AND CLIMATE CHANGE.",NON,NOT RECOVERY ACT,M,NONPROFIT WITH 501C3 IRS STATUS (OTHER THAN AN INSTITUTION OF HIGHER EDUCATION),,,A1,New Award,2,NON-AGGREGATE RECORD,,,,,,,,,,,https://www.usaspending.gov/award/ASST_NON_1932072-42-24_417/,2025-05-29 15:25:04.378853+00,2025-05-29 15:25:04.378853+00,recipient county outside NYC
5920_1932196-22-24_-NONE-_45.024_-NONE-,ASST_NON_1932196-22-24_417,1932196-22-24,,,SAI EXEMPT,40000.00,40000.00,40000.00,10126.00,0.00,0.00,0.00,0.00,0.00,0.00,40000.00,Q: Not Designated Nonemergency/Emergency/Disaster/Wildfire Suppression,,,,,2024-01-23,2024,2024-01-01,2024-10-31,417,National Endowment for the Arts,5920,National Endowment for the Arts,593105,NATIONAL ENDOWMENT FOR THE ARTS,417,National Endowment for the Arts,5920,National Endowment for the Arts,593105,NATIONAL ENDOWMENT FOR THE ARTS,417-X-0100-000,417-0100,"41.0: Grants, subsidies, and contributions",0001: PROMOTION OF THE ARTS,S8DVS51AE3G5,,CENTER FOR EXPLORATORY AN,CENTER FOR EXPLORATORY AND PERCEPTUAL ARTS,,,,,USA,UNITED STATES,617 MAIN ST,STE 201AP,11000,BUFFALO,36029,ERIE,36,NY,NEW YORK,14203,1400,NY-26,NY-26,,,,STATE-WIDE,USA,UNITED STATES,NY*****,,,,36,NEW YORK,,NY-26,,,45.024,PROMOTION OF THE ARTS GRANTS TO ORGANIZATIONS AND INDIVIDUALS,2023NEA01TEST,TO SUPPORT OPPORTUNITIES FOR ALL PEOPLE TO PARTICIPATE IN THE ARTS AND ARTS EDUCATION.,04,PROJECT GRANT (B),,,,,PURPOSE:&NBSP; TO SUPPORT COMMUNITY ARTS WORKSHOPS AND THE CREATION AND INSTALLATION OF MEMORIAL FLAGS TO FACILITATE MOURNING AND HEALING FOR THE CITIZENS OF BUFFALO  NEW YORK AFTER THE MAY 14  2022  MASS SHOOTING AT THE TOPS FRIENDLY MARKETS SUPERMARKET.,PURPOSE:&NBSP; TO SUPPORT COMMUNITY ARTS WORKSHOPS AND THE CREATION AND INSTALLATION OF MEMORIAL FLAGS TO FACILITATE MOURNING AND HEALING FOR THE CITIZENS OF BUFFALO  NEW YORK AFTER THE MAY 14  2022  MASS SHOOTING AT THE TOPS FRIENDLY MARKETS SUPERMARKET.,NON,NOT RECOVERY ACT,M,NONPROFIT WITH 501C3 IRS STATUS (OTHER THAN AN INSTITUTION OF HIGHER EDUCATION),,,A1,New Award,2,NON-AGGREGATE RECORD,,,,,,,,,,,https://www.usaspending.gov/award/ASST_NON_1932196-22-24_417/,2024-01-26 17:31:39.918365+00,2024-01-26 17:31:39.918365+00,recipient county outside NYC
5920_1932224-61-24_-NONE-_45.025_-NONE-,ASST_NON_1932224-61-24_417,1932224-61-24,,,SAI EXEMPT,130300.00,1094700.00,347125.00,0.00,0.00,0.00,0.00,0.00,0.00,0.00,130300.00,Q: Not Designated Nonemergency/Emergency/Disaster/Wildfire Suppression,,,,,2024-06-13,2024,2024-07-01,2026-09-30,417,National Endowment for the Arts,5920,National Endowment for the Arts,593105,NATIONAL ENDOWMENT FOR THE ARTS,417,National Endowment for the Arts,5920,National Endowment for the Arts,593105,NATIONAL ENDOWMENT FOR THE ARTS,417-X-0100-000,417-0100,"41.0: Grants, subsidies, and contributions",0001: PROMOTION OF THE ARTS,QCK4L4K7G3F3,,NEW YORK STATE COUNCIL ON THE ARTS,NEW YORK STATE COUNCIL ON THE ARTS,,,,,USA,UNITED STATES,411 5TH AVE RM 700,,51000,NEW YORK,36061,NEW YORK,36,NY,NEW YORK,10016,2268,NY-12,NY-12,,,,STATE-WIDE,USA,UNITED STATES,NY*****,,,,36,NEW YORK,,NY-12,,,45.025,PROMOTION OF THE ARTS PARTNERSHIP AGREEMENTS,2024NEA04PA,TO SUPPORT ARTS PROGRAMS  SERVICES  AND ACTIVITIES ASSOCIATED WITH CARRYING OUT THE STATE ARTS AGENCYS NATIONAL ENDOWMENT FOR THE ARTS-APPROVED STRATEGIC PLAN.,04,PROJECT GRANT (B),,,,,PURPOSE: TO SUPPORT ARTS PROGRAMS  SERVICES  AND ACTIVITIES ASSOCIATED WITH CARRYING OUT THE AGENCY’S NATIONAL ENDOWMENT FOR THE ARTS-APPROVED STRATEGIC PLAN.,PURPOSE: TO SUPPORT ARTS PROGRAMS  SERVICES  AND ACTIVITIES ASSOCIATED WITH CARRYING OUT THE AGENCY’S NATIONAL ENDOWMENT FOR THE ARTS-APPROVED STRATEGIC PLAN.,NON,NOT RECOVERY ACT,A,STATE GOVERNMENT,,,A1,New Award,2,NON-AGGREGATE RECORD,,,,,,,,,,,https://www.usaspending.gov/award/ASST_NON_1932224-61-24_417/,2024-06-26 18:10:15.696621+00,2024-06-26 18:10:15.696621+00,not listing 45.024
5920_1932224-61-24_-NONE-_45.025_1.1,ASST_NON_1932224-61-24_417,1932224-61-24,1.1,,SAI EXEMPT,22900.00,1094700.00,347125.00,0.00,0.00,0.00,0.00,0.00,0.00,0.00,22900.00,Q: Not Designated Nonemergency/Emergency/Disaster/Wildfire Suppression,,,,,2024-06-13,2024,2024-07-01,2026-09-30,417,National Endowment for the Arts,5920,National Endowment for the Arts,593105,NATIONAL ENDOWMENT FOR THE ARTS,417,National Endowment for the Arts,5920,National Endowment for the Arts,593105,NATIONAL ENDOWMENT FOR THE ARTS,417-X-0100-000,417-0100,"41.0: Grants, subsidies, and contributions",0001: PROMOTION OF THE ARTS,QCK4L4K7G3F3,,NEW YORK STATE COUNCIL ON THE ARTS,NEW YORK STATE COUNCIL ON THE ARTS,,,,,USA,UNITED STATES,411 5TH AVE RM 700,,51000,NEW YORK,36061,NEW YORK,36,NY,NEW YORK,10016,2268,NY-12,NY-12,,,,STATE-WIDE,USA,UNITED STATES,NY*****,,,,36,NEW YORK,,NY-12,,,45.025,PROMOTION OF THE ARTS PARTNERSHIP AGREEMENTS,2024NEA04PA,TO SUPPORT ARTS PROGRAMS  SERVICES  AND ACTIVITIES ASSOCIATED WITH CARRYING OUT THE STATE ARTS AGENCYS NATIONAL ENDOWMENT FOR THE ARTS-APPROVED STRATEGIC PLAN.,04,PROJECT GRANT (B),,,,,PURPOSE: TO SUPPORT ARTS PROGRAMS  SERVICES  AND ACTIVITIES ASSOCIATED WITH CARRYING OUT THE AGENCY’S NATIONAL ENDOWMENT FOR THE ARTS-APPROVED STRATEGIC PLAN.,PURPOSE: TO SUPPORT ARTS PROGRAMS  SERVICES  AND ACTIVITIES ASSOCIATED WITH CARRYING OUT THE AGENCY’S NATIONAL ENDOWMENT FOR THE ARTS-APPROVED STRATEGIC PLAN.,NON,NOT RECOVERY ACT,A,STATE GOVERNMENT,,,A1,New Award,2,NON-AGGREGATE RECORD,,,,,,,,,,,https://www.usaspending.gov/award/ASST_NON_1932224-61-24_417/,2024-06-26 18:10:15.696621+00,2024-06-26 18:10:15.696621+00,not listing 45.024
5920_1932224-61-24_-NONE-_45.025_1.2,ASST_NON_1932224-61-24_417,1932224-61-24,1.2,,SAI EXEMPT,25000.00,1094700.00,347125.00,0.00,0.00,0.00,0.00,0.00,0.00,0.00,25000.00,Q: Not Designated Nonemergency/Emergency/Disaster/Wildfire Suppression,,,,,2024-06-13,2024,2024-07-01,2026-09-30,417,National Endowment for the Arts,5920,National Endowment for the Arts,593105,NATIONAL ENDOWMENT FOR THE ARTS,417,National Endowment for the Arts,5920,National Endowment for the Arts,593105,NATIONAL ENDOWMENT FOR THE ARTS,417-X-0100-000,417-0100,"41.0: Grants, subsidies, and contributions",0001: PROMOTION OF THE ARTS,QCK4L4K7G3F3,,NEW YORK STATE COUNCIL ON THE ARTS,NEW YORK STATE COUNCIL ON THE ARTS,,,,,USA,UNITED STATES,411 5TH AVE RM 700,,51000,NEW YORK,36061,NEW YORK,36,NY,NEW YORK,10016,2268,NY-12,NY-12,,,,STATE-WIDE,USA,UNITED STATES,NY*****,,,,36,NEW YORK,,NY-12,,,45.025,PROMOTION OF THE ARTS PARTNERSHIP AGREEMENTS,2024NEA04PA,TO SUPPORT ARTS PROGRAMS  SERVICES  AND ACTIVITIES ASSOCIATED WITH CARRYING OUT THE STATE ARTS AGENCYS NATIONAL ENDOWMENT FOR THE ARTS-APPROVED STRATEGIC PLAN.,04,PROJECT GRANT (B),,,,,PURPOSE: TO SUPPORT ARTS PROGRAMS  SERVICES  AND ACTIVITIES ASSOCIATED WITH CARRYING OUT THE AGENCY’S NATIONAL ENDOWMENT FOR THE ARTS-APPROVED STRATEGIC PLAN.,PURPOSE: TO SUPPORT ARTS PROGRAMS  SERVICES  AND ACTIVITIES ASSOCIATED WITH CARRYING OUT THE AGENCY’S NATIONAL ENDOWMENT FOR THE ARTS-APPROVED STRATEGIC PLAN.,NON,NOT RECOVERY ACT,A,STATE GOVERNMENT,,,A1,New Award,2,NON-AGGREGATE RECORD,,,,,,,,,,,https://www.usaspending.gov/award/ASST_NON_1932224-61-24_417/,2024-06-26 18:10:15.696621+00,2024-06-26 18:10:15.696621+00,not listing 45.024
5920_1932224-61-24_-NONE-_45.025_1.3,ASST_NON_1932224-61-24_417,1932224-61-24,1.3,,SAI EXEMPT,55000.00,1094700.00,347125.00,0.00,0.00,0.00,0.00,0.00,0.00,0.00,55000.00,Q: Not Designated Nonemergency/Emergency/Disaster/Wildfire Suppression,,,,,2024-06-13,2024,2024-07-01,2026-09-30,417,National Endowment for the Arts,5920,National Endowment for the Arts,593105,NATIONAL ENDOWMENT FOR THE ARTS,417,National Endowment for the Arts,5920,National Endowment for the Arts,593105,NATIONAL ENDOWMENT FOR THE ARTS,417-X-0100-000,417-0100,"41.0: Grants, subsidies, and contributions",0001: PROMOTION OF THE ARTS,QCK4L4K7G3F3,,NEW YORK STATE COUNCIL ON THE ARTS,NEW YORK STATE COUNCIL ON THE ARTS,,,,,USA,UNITED STATES,411 5TH AVE RM 700,,51000,NEW YORK,36061,NEW YORK,36,NY,NEW YORK,10016,2268,NY-12,NY-12,,,,STATE-WIDE,USA,UNITED STATES,NY*****,,,,36,NEW YORK,,NY-12,,,45.025,PROMOTION OF THE ARTS PARTNERSHIP AGREEMENTS,2024NEA04PA,TO SUPPORT ARTS PROGRAMS  SERVICES  AND ACTIVITIES ASSOCIATED WITH CARRYING OUT THE STATE ARTS AGENCYS NATIONAL ENDOWMENT FOR THE ARTS-APPROVED STRATEGIC PLAN.,04,PROJECT GRANT (B),,,,,PURPOSE: TO SUPPORT ARTS PROGRAMS  SERVICES  AND ACTIVITIES ASSOCIATED WITH CARRYING OUT THE AGENCY’S NATIONAL ENDOWMENT FOR THE ARTS-APPROVED STRATEGIC PLAN.,PURPOSE: TO SUPPORT ARTS PROGRAMS  SERVICES  AND ACTIVITIES ASSOCIATED WITH CARRYING OUT THE AGENCY’S NATIONAL ENDOWMENT FOR THE ARTS-APPROVED STRATEGIC PLAN.,NON,NOT RECOVERY ACT,A,STATE GOVERNMENT,,,A1,New Award,2,NON-AGGREGATE RECORD,,,,,,,,,,,https://www.usaspending.gov/award/ASST_NON_1932224-61-24_417/,2024-06-26 18:10:15.696621+00,2024-06-26 18:10:15.696621+00,not listing 45.024
5920_1932224-61-24_-NONE-_45.025_1.4,ASST_NON_1932224-61-24_417,1932224-61-24,1.4,,SAI EXEMPT,861500.00,1094700.00,347125.00,0.00,0.00,0.00,0.00,0.00,0.00,0.00,861500.00,Q: Not Designated Nonemergency/Emergency/Disaster/Wildfire Suppression,,,,,2024-06-13,2024,2024-07-01,2026-09-30,417,National Endowment for the Arts,5920,National Endowment for the Arts,593105,NATIONAL ENDOWMENT FOR THE ARTS,417,National Endowment for the Arts,5920,National Endowment for the Arts,593105,NATIONAL ENDOWMENT FOR THE ARTS,417-X-0100-000,417-0100,"41.0: Grants, subsidies, and contributions",0001: PROMOTION OF THE ARTS,QCK4L4K7G3F3,,NEW YORK STATE COUNCIL ON THE ARTS,NEW YORK STATE COUNCIL ON THE ARTS,,,,,USA,UNITED STATES,411 5TH AVE RM 700,,51000,NEW YORK,36061,NEW YORK,36,NY,NEW YORK,10016,2268,NY-12,NY-12,,,,STATE-WIDE,USA,UNITED STATES,NY*****,,,,36,NEW YORK,,NY-12,,,45.025,PROMOTION OF THE ARTS PARTNERSHIP AGREEMENTS,2024NEA04PA,TO SUPPORT ARTS PROGRAMS  SERVICES  AND ACTIVITIES ASSOCIATED WITH CARRYING OUT THE STATE ARTS AGENCYS NATIONAL ENDOWMENT FOR THE ARTS-APPROVED STRATEGIC PLAN.,04,PROJECT GRANT (B),,,,,PURPOSE: TO SUPPORT ARTS PROGRAMS  SERVICES  AND ACTIVITIES ASSOCIATED WITH CARRYING OUT THE AGENCY’S NATIONAL ENDOWMENT FOR THE ARTS-APPROVED STRATEGIC PLAN.,PURPOSE: TO SUPPORT ARTS PROGRAMS  SERVICES  AND ACTIVITIES ASSOCIATED WITH CARRYING OUT THE AGENCY’S NATIONAL ENDOWMENT FOR THE ARTS-APPROVED STRATEGIC PLAN.,NON,NOT RECOVERY ACT,A,STATE GOVERNMENT,,,A1,New Award,2,NON-AGGREGATE RECORD,,,,,,,,,,,https://www.usaspending.gov/award/ASST_NON_1932224-61-24_417/,2024-06-26 18:10:15.696621+00,2024-06-26 18:10:15.696621+00,not listing 45.024
5920_1932285-41-25_-NONE-_45.024_-NONE-,ASST_NON_1932285-41-25_417,1932285-41-25,,,SAI EXEMPT,50000.00,0.00,,0.00,0.00,0.00,0.00,0.00,0.00,0.00,50000.00,Q: Not Designated Nonemergency/Emergency/Disaster/Wildfire Suppression,,,,,2024-12-17,2025,2025-07-01,2026-06-30,417,National Endowment for the Arts,5920,National Endowment for the Arts,593105,NATIONAL ENDOWMENT FOR THE ARTS,417,National Endowment for the Arts,5920,National Endowment for the Arts,593105,NATIONAL ENDOWMENT FOR THE ARTS,417-X-0100-000,417-0100,"41.0: Grants, subsidies, and contributions",0001: PROMOTION OF THE ARTS,GVGGMU5JLN15,,LIGHT WORK VISUAL STUDIES INC,LIGHT WORK VISUAL STUDIES  INC.,,,,,USA,UNITED STATES,316 WAVERLY AVE,,73000,SYRACUSE,36067,ONONDAGA,36,NY,NEW YORK,13210,2437,NY-22,NY-22,,,,STATE-WIDE,USA,UNITED STATES,NY*****,,,,36,NEW YORK,,NY-22,,,45.024,PROMOTION OF THE ARTS GRANTS TO ORGANIZATIONS AND INDIVIDUALS,2024NEA01GAP1,TO SUPPORT OPPORTUNITIES FOR ALL PEOPLE TO PARTICIPATE IN THE ARTS AND ARTS EDUCATION.,04,PROJECT GRANT (B),,,,,PURPOSE: TO SUPPORT A RESIDENCY PROGRAM FOR PHOTOGRAPHERS AND ARTISTS WORKING IN ELECTRONIC MEDIA.,PURPOSE: TO SUPPORT A RESIDENCY PROGRAM FOR PHOTOGRAPHERS AND ARTISTS WORKING IN ELECTRONIC MEDIA.,NON,NOT RECOVERY ACT,M,NONPROFIT WITH 501C3 IRS STATUS (OTHER THAN AN INSTITUTION OF HIGHER EDUCATION),,,A1,New Award,2,NON-AGGREGATE RECORD,,,,,,,,,,,https://www.usaspending.gov/award/ASST_NON_1932285-41-25_417/,2024-12-23 16:44:08.758784+00,2024-12-23 16:44:08.758784+00,recipient county outside NYC
5920_1933353-62-25_-NONE-_45.024_-NONE-,ASST_NON_1933353-62-25_417,1933353-62-25,,,SAI EXEMPT,20000.00,20000.00,20000.00,0.00,0.00,0.00,0.00,0.00,0.00,0.00,20000.00,Q: Not Designated Nonemergency/Emergency/Disaster/Wildfire Suppression,,,,,2025-07-08,2025,2025-06-01,2026-05-31,417,National Endowment for the Arts,5920,National Endowment for the Arts,593105,NATIONAL ENDOWMENT FOR THE ARTS,417,National Endowment for the Arts,5920,National Endowment for the Arts,593105,NATIONAL ENDOWMENT FOR THE ARTS,417-X-0100-000,417-0100,"41.0: Grants, subsidies, and contributions",0001: PROMOTION OF THE ARTS,ERJMMCCA9F31,,"GENESEE-ORLEANS REGIONAL ARTS COUNCIL, INC.",GENESEE-ORLEANS REGIONAL ARTS COUNCIL,,,,,USA,UNITED STATES,201 E MAIN ST,,04715,BATAVIA,36037,GENESEE,36,NY,NEW YORK,14020,2205,NY-24,NY-24,,,,STATE-WIDE,USA,UNITED STATES,NY*****,,,,36,NEW YORK,,NY-24,,,45.024,PROMOTION OF THE ARTS GRANTS TO ORGANIZATIONS AND INDIVIDUALS,2024NEA01GAP1,TO SUPPORT OPPORTUNITIES FOR ALL PEOPLE TO PARTICIPATE IN THE ARTS AND ARTS EDUCATION.,04,PROJECT GRANT (B),,,,,PURPOSE:&NBSP;TO SUPPORT STAFF SALARIES FOR ARTS EDUCATION PROGRAMMING FOR YOUTH.,PURPOSE:TO SUPPORT STAFF SALARIES FOR ARTS EDUCATION PROGRAMMING FOR YOUTH.,NON,NOT RECOVERY ACT,M,NONPROFIT WITH 501C3 IRS STATUS (OTHER THAN AN INSTITUTION OF HIGHER EDUCATION),,,A1,New Award,2,NON-AGGREGATE RECORD,,,,,,,,,,,https://www.usaspending.gov/award/ASST_NON_1933353-62-25_417/,2025-08-04 15:48:58.86081+00,2025-08-04 15:48:58.86081+00,recipient county outside NYC
5920_1933726-54-25_-NONE-_45.024_-NONE-,ASST_NON_1933726-54-25_417,1933726-54-25,,,SAI EXEMPT,15000.00,15000.00,15000.00,0.00,0.00,0.00,0.00,0.00,0.00,0.00,15000.00,Q: Not Designated Nonemergency/Emergency/Disaster/Wildfire Suppression,,,,,2025-09-19,2025,2025-01-01,2025-12-31,417,National Endowment for the Arts,5920,National Endowment for the Arts,593105,NATIONAL ENDOWMENT FOR THE ARTS,417,National Endowment for the Arts,5920,National Endowment for the Arts,593105,NATIONAL ENDOWMENT FOR THE ARTS,417-X-0100-000,417-0100,"41.0: Grants, subsidies, and contributions",0001: PROMOTION OF THE ARTS,MFKLPV5CVA79,,"HUDSON OPERA HOUSE, INC.",HUDSON OPERA HOUSE  INC.,,,,,USA,UNITED STATES,327 WARREN ST,,35969,HUDSON,36021,COLUMBIA,36,NY,NEW YORK,12534,2413,NY-19,NY-19,,,,STATE-WIDE,USA,UNITED STATES,NY*****,,,,36,NEW YORK,,NY-19,,,45.024,PROMOTION OF THE ARTS GRANTS TO ORGANIZATIONS AND INDIVIDUALS,2024NEA01GAP1,TO SUPPORT OPPORTUNITIES FOR ALL PEOPLE TO PARTICIPATE IN THE ARTS AND ARTS EDUCATION.,04,PROJECT GRANT (B),,,,,PURPOSE: TO SUPPORT MULTIDISCIPLINARY ARTS PROGRAMMING AT HUDSON HALL.&NBSP;,PURPOSE: TO SUPPORT MULTIDISCIPLINARY ARTS PROGRAMMING AT HUDSON HALL.&NBSP;,NON,NOT RECOVERY ACT,M,NONPROFIT WITH 501C3 IRS STATUS (OTHER THAN AN INSTITUTION OF HIGHER EDUCATION),,,A1,New Award,2,NON-AGGREGATE RECORD,,,,,,,,,,,https://www.usaspending.gov/award/ASST_NON_1933726-54-25_417/,2025-09-25 15:19:46.614454+00,2025-09-25 15:19:46.614454+00,recipient county outside NYC
5920_1933949-62-25_-NONE-_45.024_-NONE-,ASST_NON_1933949-62-25_417,1933949-62-25,,,SAI EXEMPT,20000.00,20000.00,20000.00,0.00,0.00,0.00,0.00,0.00,0.00,0.00,20000.00,Q: Not Designated Nonemergency/Emergency/Disaster/Wildfire Suppression,,,,,2025-07-07,2025,2025-01-01,2025-12-31,417,National Endowment for the Arts,5920,National Endowment for the Arts,593105,NATIONAL ENDOWMENT FOR THE ARTS,417,National Endowment for the Arts,5920,National Endowment for the Arts,593105,NATIONAL ENDOWMENT FOR THE ARTS,417-X-0100-000,417-0100,"41.0: Grants, subsidies, and contributions",0001: PROMOTION OF THE ARTS,TJW5MAQGJN15,,THE ARTS COUNCIL OF THE SOUTHERN FINGER LAKES INC,ARTS COUNCIL OF THE SOUTHERN FINGER LAKES  INC.,,,,,USA,UNITED STATES,79 W MARKET ST,,18256,CORNING,36101,STEUBEN,36,NY,NEW YORK,14830,2526,NY-23,NY-23,,,,STATE-WIDE,USA,UNITED STATES,NY*****,,,,36,NEW YORK,,NY-23,,,45.024,PROMOTION OF THE ARTS GRANTS TO ORGANIZATIONS AND INDIVIDUALS,2024NEA01GAP1,TO SUPPORT OPPORTUNITIES FOR ALL PEOPLE TO PARTICIPATE IN THE ARTS AND ARTS EDUCATION.,04,PROJECT GRANT (B),,,,,PURPOSE:&NBSP;TO SUPPORT A SERIES OF ORAL HISTORY DOCUMENTATION WORKSHOPS.&NBSP;,PURPOSE:&NBSP;TO SUPPORT A SERIES OF ORAL HISTORY DOCUMENTATION WORKSHOPS.&NBSP;,NON,NOT RECOVERY ACT,M,NONPROFIT WITH 501C3 IRS STATUS (OTHER THAN AN INSTITUTION OF HIGHER EDUCATION),,,A1,New Award,2,NON-AGGREGATE RECORD,,,,,,,,,,,https://www.usaspending.gov/award/ASST_NON_1933949-62-25_417/,2025-08-04 15:48:58.86081+00,2025-08-04 15:48:58.86081+00,recipient county outside NYC
5920_1934053-44-25_-NONE-_45.024_-NONE-,ASST_NON_1934053-44-25_417,1934053-44-25,,,SAI EXEMPT,30000.00,30000.00,30000.00,0.00,0.00,0.00,0.00,0.00,0.00,0.00,30000.00,Q: Not Designated Nonemergency/Emergency/Disaster/Wildfire Suppression,,,,,2024-12-09,2025,2025-01-01,2026-06-30,417,National Endowment for the Arts,5920,National Endowment for the Arts,593105,NATIONAL ENDOWMENT FOR THE ARTS,417,National Endowment for the Arts,5920,National Endowment for the Arts,593105,NATIONAL ENDOWMENT FOR THE ARTS,417-X-0100-000,417-0100,"41.0: Grants, subsidies, and contributions",0001: PROMOTION OF THE ARTS,NCK6LJNCEWJ5,,BURCHFIELD-PENNEY ART CENTER,BURCHFIELD-PENNEY ART CENTER,,,,,USA,UNITED STATES,1300 ELMWOOD AVE,,11000,BUFFALO,36029,ERIE,36,NY,NEW YORK,14222,1004,NY-26,NY-26,,,,STATE-WIDE,USA,UNITED STATES,NY*****,,,,36,NEW YORK,,NY-26,,,45.024,PROMOTION OF THE ARTS GRANTS TO ORGANIZATIONS AND INDIVIDUALS,2024NEA01GAP1,TO SUPPORT OPPORTUNITIES FOR ALL PEOPLE TO PARTICIPATE IN THE ARTS AND ARTS EDUCATION.,04,PROJECT GRANT (B),,,,,PURPOSE: TO SUPPORT AN EXHIBITION  PROGRAMMING  AND CATALOGUE THAT DOCUMENTS THE FINAL YEARS OF THE U.S. GRAIN-SCOOPING INDUSTRY  FEATURING WORKS BY MARK MAIO (B. 1955)  AS PART OF AMERICA250.,PURPOSE: TO SUPPORT AN EXHIBITION  PROGRAMMING  AND CATALOGUE THAT DOCUMENTS THE FINAL YEARS OF THE U.S. GRAIN-SCOOPING INDUSTRY  FEATURING WORKS BY MARK MAIO (B. 1955)  AS PART OF AMERICA250.,NON,NOT RECOVERY ACT,M,NONPROFIT WITH 501C3 IRS STATUS (OTHER THAN AN INSTITUTION OF HIGHER EDUCATION),,,A1,New Award,2,NON-AGGREGATE RECORD,,,,,,,,,,,https://www.usaspending.gov/award/ASST_NON_1934053-44-25_417/,2024-12-23 16:44:08.758784+00,2024-12-23 16:44:08.758784+00,recipient county outside NYC
5920_1934117-34-25_-NONE-_45.024_-NONE-,ASST_NON_1934117-34-25_417,1934117-34-25,,,SAI EXEMPT,30000.00,30000.00,30000.00,0.00,0.00,0.00,0.00,0.00,0.00,0.00,30000.00,Q: Not Designated Nonemergency/Emergency/Disaster/Wildfire Suppression,,,,,2024-12-19,2025,2025-01-01,2025-12-31,417,National Endowment for the Arts,5920,National Endowment for the Arts,593105,NATIONAL ENDOWMENT FOR THE ARTS,417,National Endowment for the Arts,5920,National Endowment for the Arts,593105,NATIONAL ENDOWMENT FOR THE ARTS,417-X-0100-000,417-0100,"41.0: Grants, subsidies, and contributions",0001: PROMOTION OF THE ARTS,G9ALLQ9MX1K8,,"JACOB BURNS FILM CENTER, INC",JACOB BURNS FILM CENTER  INC.,G9ALLQ9MX1K8,,"JACOB BURNS FILM CENTER, INC","JACOB BURNS FILM CENTER, INC.",USA,UNITED STATES,405 MANVILLE RD,,58726,PLEASANTVILLE,36119,WESTCHESTER,36,NY,NEW YORK,10570,2825,NY-17,NY-17,,,,STATE-WIDE,USA,UNITED STATES,NY*****,,,,36,NEW YORK,,NY-17,,,45.024,PROMOTION OF THE ARTS GRANTS TO ORGANIZATIONS AND INDIVIDUALS,2024NEA01GAP1,TO SUPPORT OPPORTUNITIES FOR ALL PEOPLE TO PARTICIPATE IN THE ARTS AND ARTS EDUCATION.,04,PROJECT GRANT (B),,,,,PURPOSE: TO SUPPORT A SERIES OF CURATED FILM SCREENINGS AND ASSOCIATED PUBLIC PROGRAMMING  INCLUDING A YOUTH-FOCUSED SCREENING SERIES.,"PURPOSE: TO SUPPORT A SERIES OF CURATED FILM
SCREENINGS AND ASSOCIATED PUBLIC PROGRAMMING, INCLUDING A YOUTH-FOCUSED
SCREENING SERIES.",NON,NOT RECOVERY ACT,M,NONPROFIT WITH 501C3 IRS STATUS (OTHER THAN AN INSTITUTION OF HIGHER EDUCATION),,,A1,New Award,2,NON-AGGREGATE RECORD,,,,,,,,,,,https://www.usaspending.gov/award/ASST_NON_1934117-34-25_417/,2024-12-23 16:44:08.758784+00,2024-12-23 16:44:08.758784+00,recipient county outside NYC
5920_1934117-34-25_-NONE-_45.024_3,ASST_NON_1934117-34-25_417,1934117-34-25,3,,SAI EXEMPT,0.00,30000.00,30000.00,0.00,0.00,0.00,0.00,0.00,0.00,0.00,0.00,Q: Not Designated Nonemergency/Emergency/Disaster/Wildfire Suppression,,,,,2024-12-19,2025,2025-01-01,2025-05-31,417,National Endowment for the Arts,5920,National Endowment for the Arts,593105,NATIONAL ENDOWMENT FOR THE ARTS,417,National Endowment for the Arts,5920,National Endowment for the Arts,593105,NATIONAL ENDOWMENT FOR THE ARTS,417-X-0100-000,417-0100,"41.0: Grants, subsidies, and contributions",0001: PROMOTION OF THE ARTS,G9ALLQ9MX1K8,,"JACOB BURNS FILM CENTER, INC","JACOB BURNS FILM CENTER, INC.",G9ALLQ9MX1K8,,"JACOB BURNS FILM CENTER, INC","JACOB BURNS FILM CENTER, INC.",USA,UNITED STATES,405 MANVILLE RD,,58726,PLEASANTVILLE,36119,WESTCHESTER,36,NY,NEW YORK,10570,2825,NY-17,NY-17,,,,STATE-WIDE,USA,UNITED STATES,NY*****,,,,36,NEW YORK,,NY-17,,,45.024,PROMOTION OF THE ARTS GRANTS TO ORGANIZATIONS AND INDIVIDUALS,2024NEA01GAP1,TO SUPPORT OPPORTUNITIES FOR ALL PEOPLE TO PARTICIPATE IN THE ARTS AND ARTS EDUCATION.,04,PROJECT GRANT (B),,,,,"PURPOSE: TO SUPPORT A SERIES OF CURATED FILM
SCREENINGS AND ASSOCIATED PUBLIC PROGRAMMING, INCLUDING A YOUTH-FOCUSED
SCREENING SERIES.","PURPOSE: TO SUPPORT A SERIES OF CURATED FILM
SCREENINGS AND ASSOCIATED PUBLIC PROGRAMMING, INCLUDING A YOUTH-FOCUSED
SCREENING SERIES.",NON,NOT RECOVERY ACT,M,NONPROFIT WITH 501C3 IRS STATUS (OTHER THAN AN INSTITUTION OF HIGHER EDUCATION),,,A1,New Award,2,NON-AGGREGATE RECORD,,,,,,,,,,,https://www.usaspending.gov/award/ASST_NON_1934117-34-25_417/,2025-05-29 15:25:04.378853+00,2025-05-29 15:25:04.378853+00,recipient county outside NYC
5920_1934118-28-25_-NONE-_45.024_-NONE-,ASST_NON_1934118-28-25_417,1934118-28-25,,,SAI EXEMPT,30000.00,30000.00,30000.00,0.00,0.00,0.00,0.00,0.00,0.00,0.00,30000.00,Q: Not Designated Nonemergency/Emergency/Disaster/Wildfire Suppression,,,,,2025-01-08,2025,2025-01-01,2025-12-31,417,National Endowment for the Arts,5920,National Endowment for the Arts,593105,NATIONAL ENDOWMENT FOR THE ARTS,417,National Endowment for the Arts,5920,National Endowment for the Arts,593105,NATIONAL ENDOWMENT FOR THE ARTS,417-X-0100-000,417-0100,"41.0: Grants, subsidies, and contributions",0001: PROMOTION OF THE ARTS,ZG6GAL2GFN93,,"RHINEBECK WRITERS RETREAT, INC.",RHINEBECK WRITERS RETREAT INC.,,,,,USA,UNITED STATES,7 HUMMINGBIRD WAY,,70552,STAATSBURG,36027,DUTCHESS,36,NY,NEW YORK,12580,6230,NY-18,NY-18,,,,STATE-WIDE,USA,UNITED STATES,NY*****,,,,36,NEW YORK,,NY-18,,,45.024,PROMOTION OF THE ARTS GRANTS TO ORGANIZATIONS AND INDIVIDUALS,2024NEA01GAP1,TO SUPPORT OPPORTUNITIES FOR ALL PEOPLE TO PARTICIPATE IN THE ARTS AND ARTS EDUCATION.,04,PROJECT GRANT (B),,,,,PURPOSE: TO SUPPORT DEVELOPMENTAL RESIDENCIES FOR MUSICAL THEATER WRITING TEAMS.,"PURPOSE: TO
SUPPORT DEVELOPMENTAL RESIDENCIES FOR MUSICAL THEATER WRITING TEAMS.",NON,NOT RECOVERY ACT,M,NONPROFIT WITH 501C3 IRS STATUS (OTHER THAN AN INSTITUTION OF HIGHER EDUCATION),,,A1,New Award,2,NON-AGGREGATE RECORD,,,,,,,,,,,https://www.usaspending.gov/award/ASST_NON_1934118-28-25_417/,2025-01-30 14:45:38.261828+00,2025-01-30 14:45:38.261828+00,recipient county outside NYC
5920_1934118-28-25_-NONE-_45.024_3,ASST_NON_1934118-28-25_417,1934118-28-25,3,,SAI EXEMPT,0.00,30000.00,30000.00,0.00,0.00,0.00,0.00,0.00,0.00,0.00,0.00,Q: Not Designated Nonemergency/Emergency/Disaster/Wildfire Suppression,,,,,2025-01-08,2025,2025-01-01,2025-05-31,417,National Endowment for the Arts,5920,National Endowment for the Arts,593105,NATIONAL ENDOWMENT FOR THE ARTS,417,National Endowment for the Arts,5920,National Endowment for the Arts,593105,NATIONAL ENDOWMENT FOR THE ARTS,417-X-0100-000,417-0100,"41.0: Grants, subsidies, and contributions",0001: PROMOTION OF THE ARTS,ZG6GAL2GFN93,,"RHINEBECK WRITERS RETREAT, INC.",RHINEBECK WRITERS RETREAT INC.,,,,,USA,UNITED STATES,7 HUMMINGBIRD WAY,,70552,STAATSBURG,36027,DUTCHESS,36,NY,NEW YORK,12580,6230,NY-18,NY-18,,,,STATE-WIDE,USA,UNITED STATES,NY*****,,,,36,NEW YORK,,NY-18,,,45.024,PROMOTION OF THE ARTS GRANTS TO ORGANIZATIONS AND INDIVIDUALS,2024NEA01GAP1,TO SUPPORT OPPORTUNITIES FOR ALL PEOPLE TO PARTICIPATE IN THE ARTS AND ARTS EDUCATION.,04,PROJECT GRANT (B),,,,,"PURPOSE: TO
SUPPORT DEVELOPMENTAL RESIDENCIES FOR MUSICAL THEATER WRITING TEAMS.","PURPOSE: TO
SUPPORT DEVELOPMENTAL RESIDENCIES FOR MUSICAL THEATER WRITING TEAMS.",NON,NOT RECOVERY ACT,M,NONPROFIT WITH 501C3 IRS STATUS (OTHER THAN AN INSTITUTION OF HIGHER EDUCATION),,,A1,New Award,2,NON-AGGREGATE RECORD,,,,,,,,,,,https://www.usaspending.gov/award/ASST_NON_1934118-28-25_417/,2025-05-29 15:25:04.378853+00,2025-05-29 15:25:04.378853+00,recipient county outside NYC
5920_1934301-44-25_-NONE-_45.024_-NONE-,ASST_NON_1934301-44-25_417,1934301-44-25,,,SAI EXEMPT,20000.00,20000.00,,9118.00,0.00,0.00,0.00,0.00,0.00,0.00,20000.00,Q: Not Designated Nonemergency/Emergency/Disaster/Wildfire Suppression,,,,,2025-01-14,2025,2025-01-01,2025-12-31,417,National Endowment for the Arts,5920,National Endowment for the Arts,593105,NATIONAL ENDOWMENT FOR THE ARTS,417,National Endowment for the Arts,5920,National Endowment for the Arts,593105,NATIONAL ENDOWMENT FOR THE ARTS,417-X-0100-000,417-0100,"41.0: Grants, subsidies, and contributions",0001: PROMOTION OF THE ARTS,EMGKBMDZF1K1,,BOSCOBEL RESTORATION INC,BOSCOBEL RESTORATION INC.,,,,,USA,UNITED STATES,1601 ROUTE 9D,,28387,GARRISON,36079,PUTNAM,36,NY,NEW YORK,10524,4406,NY-17,NY-17,,,,STATE-WIDE,USA,UNITED STATES,NY*****,,,,36,NEW YORK,,NY-17,,,45.024,PROMOTION OF THE ARTS GRANTS TO ORGANIZATIONS AND INDIVIDUALS,2024NEA01GAP1,TO SUPPORT OPPORTUNITIES FOR ALL PEOPLE TO PARTICIPATE IN THE ARTS AND ARTS EDUCATION.,04,PROJECT GRANT (B),,,,,PURPOSE: TO SUPPORT AN EXHIBITION AND CATALOGUE HIGHLIGHTING LANDSCAPE IMAGERY IN AMERICAN DECORATIVE ARTS  AS PART OF AMERICA250.,PURPOSE: TO SUPPORT AN EXHIBITION AND CATALOGUE HIGHLIGHTING LANDSCAPE IMAGERY IN AMERICAN DECORATIVE ARTS  AS PART OF AMERICA250.,NON,NOT RECOVERY ACT,M,NONPROFIT WITH 501C3 IRS STATUS (OTHER THAN AN INSTITUTION OF HIGHER EDUCATION),,,A1,New Award,2,NON-AGGREGATE RECORD,,,,,,,,,,,https://www.usaspending.gov/award/ASST_NON_1934301-44-25_417/,2025-01-30 14:45:38.261828+00,2025-01-30 14:45:38.261828+00,recipient county outside NYC
5920_1934323-34-25_-NONE-_45.024_-NONE-,ASST_NON_1934323-34-25_417,1934323-34-25,,,SAI EXEMPT,30000.00,26724.00,26724.00,0.00,0.00,0.00,0.00,0.00,0.00,0.00,30000.00,Q: Not Designated Nonemergency/Emergency/Disaster/Wildfire Suppression,,,,,2024-12-12,2025,2025-01-01,2025-12-31,417,National Endowment for the Arts,5920,National Endowment for the Arts,593105,NATIONAL ENDOWMENT FOR THE ARTS,417,National Endowment for the Arts,5920,National Endowment for the Arts,593105,NATIONAL ENDOWMENT FOR THE ARTS,417-X-0100-000,417-0100,"41.0: Grants, subsidies, and contributions",0001: PROMOTION OF THE ARTS,JSB3YLYVB2G5,,WAVE FARM INC,WAVE FARM INC.,,,,,USA,UNITED STATES,5662 ROUTE 23,,00177,ACRA,36039,GREENE,36,NY,NEW YORK,12405,1026,NY-19,NY-19,,,,STATE-WIDE,USA,UNITED STATES,NY*****,,,,36,NEW YORK,,NY-19,,,45.024,PROMOTION OF THE ARTS GRANTS TO ORGANIZATIONS AND INDIVIDUALS,2024NEA01GAP1,TO SUPPORT OPPORTUNITIES FOR ALL PEOPLE TO PARTICIPATE IN THE ARTS AND ARTS EDUCATION.,04,PROJECT GRANT (B),,,,,PURPOSE: TO SUPPORT AN ARTIST RESIDENCY AND FELLOWSHIP PROGRAM.,"PURPOSE: TO SUPPORT AN ARTIST RESIDENCY AND FELLOWSHIP
PROGRAM.",NON,NOT RECOVERY ACT,M,NONPROFIT WITH 501C3 IRS STATUS (OTHER THAN AN INSTITUTION OF HIGHER EDUCATION),,,A1,New Award,2,NON-AGGREGATE RECORD,,,,,,,,,,,https://www.usaspending.gov/award/ASST_NON_1934323-34-25_417/,2024-12-23 16:44:08.758784+00,2024-12-23 16:44:08.758784+00,recipient county outside NYC
5920_1934323-34-25_-NONE-_45.024_3,ASST_NON_1934323-34-25_417,1934323-34-25,3,,SAI EXEMPT,0.00,26724.00,26724.00,0.00,0.00,0.00,0.00,0.00,0.00,0.00,0.00,Q: Not Designated Nonemergency/Emergency/Disaster/Wildfire Suppression,,,,,2024-12-12,2025,2025-01-01,2025-05-31,417,National Endowment for the Arts,5920,National Endowment for the Arts,593105,NATIONAL ENDOWMENT FOR THE ARTS,417,National Endowment for the Arts,5920,National Endowment for the Arts,593105,NATIONAL ENDOWMENT FOR THE ARTS,417-X-0100-000,417-0100,"41.0: Grants, subsidies, and contributions",0001: PROMOTION OF THE ARTS,JSB3YLYVB2G5,,WAVE FARM INC,WAVE FARM INC.,,,,,USA,UNITED STATES,5662 ROUTE 23,,00177,ACRA,36039,GREENE,36,NY,NEW YORK,12405,1026,NY-19,NY-19,,,,STATE-WIDE,USA,UNITED STATES,NY*****,,,,36,NEW YORK,,NY-19,,,45.024,PROMOTION OF THE ARTS GRANTS TO ORGANIZATIONS AND INDIVIDUALS,2024NEA01GAP1,TO SUPPORT OPPORTUNITIES FOR ALL PEOPLE TO PARTICIPATE IN THE ARTS AND ARTS EDUCATION.,04,PROJECT GRANT (B),,,,,"PURPOSE: TO SUPPORT AN ARTIST RESIDENCY AND FELLOWSHIP
PROGRAM.","PURPOSE: TO SUPPORT AN ARTIST RESIDENCY AND FELLOWSHIP
PROGRAM.",NON,NOT RECOVERY ACT,M,NONPROFIT WITH 501C3 IRS STATUS (OTHER THAN AN INSTITUTION OF HIGHER EDUCATION),,,A1,New Award,2,NON-AGGREGATE RECORD,,,,,,,,,,,https://www.usaspending.gov/award/ASST_NON_1934323-34-25_417/,2025-05-29 15:25:04.378853+00,2025-05-29 15:25:04.378853+00,recipient county outside NYC
5920_1934430-62-25_-NONE-_45.024_-NONE-,ASST_NON_1934430-62-25_417,1934430-62-25,,,SAI EXEMPT,20000.00,20000.00,20000.00,0.00,0.00,0.00,0.00,0.00,0.00,0.00,20000.00,Q: Not Designated Nonemergency/Emergency/Disaster/Wildfire Suppression,,,,,2025-07-22,2025,2025-07-01,2026-06-30,417,National Endowment for the Arts,5920,National Endowment for the Arts,593105,NATIONAL ENDOWMENT FOR THE ARTS,417,National Endowment for the Arts,5920,National Endowment for the Arts,593105,NATIONAL ENDOWMENT FOR THE ARTS,417-X-0100-000,417-0100,"41.0: Grants, subsidies, and contributions",0001: PROMOTION OF THE ARTS,J435GAQK9JJ7,,JOSEPH AVENUE ARTS & CULTURE ALLIANCE INC,JOSEPH AVENUE ARTS AND CULTURE ALLIANCE,,,,,USA,UNITED STATES,18 SYLVAN GLN,,25076,FAIRPORT,36055,MONROE,36,NY,NEW YORK,14450,4203,NY-25,NY-25,,,,STATE-WIDE,USA,UNITED STATES,NY*****,,,,36,NEW YORK,,NY-25,,,45.024,PROMOTION OF THE ARTS GRANTS TO ORGANIZATIONS AND INDIVIDUALS,2024NEA01GAP1,TO SUPPORT OPPORTUNITIES FOR ALL PEOPLE TO PARTICIPATE IN THE ARTS AND ARTS EDUCATION.,04,PROJECT GRANT (B),,,,,PURPOSE:&NBSP;TO SUPPORT ARTS EDUCATION PROGRAMMING FOR YOUTH.&NBSP;,PURPOSE:&NBSP;TO SUPPORT ARTS EDUCATION PROGRAMMING FOR YOUTH.&NBSP;,NON,NOT RECOVERY ACT,M,NONPROFIT WITH 501C3 IRS STATUS (OTHER THAN AN INSTITUTION OF HIGHER EDUCATION),,,A1,New Award,2,NON-AGGREGATE RECORD,,,,,,,,,,,https://www.usaspending.gov/award/ASST_NON_1934430-62-25_417/,2025-08-26 16:02:12.128819+00,2025-08-26 16:02:12.128819+00,recipient county outside NYC
5920_1934443-31-25_-NONE-_45.024_-NONE-,ASST_NON_1934443-31-25_417,1934443-31-25,,,SAI EXEMPT,25000.00,25000.00,25000.00,0.00,0.00,0.00,0.00,0.00,0.00,0.00,25000.00,Q: Not Designated Nonemergency/Emergency/Disaster/Wildfire Suppression,,,,,2025-01-28,2025,2025-01-01,2025-06-30,417,National Endowment for the Arts,5920,National Endowment for the Arts,593105,NATIONAL ENDOWMENT FOR THE ARTS,417,National Endowment for the Arts,5920,National Endowment for the Arts,593105,NATIONAL ENDOWMENT FOR THE ARTS,417-X-0100-000,417-0100,"41.0: Grants, subsidies, and contributions",0001: PROMOTION OF THE ARTS,JNBDDCCK3MV6,,"GATEWAYS MUSIC FESTIVAL, INC.",GATEWAYS MUSIC FESTIVAL  INC.,,,,,USA,UNITED STATES,26 GIBBS ST,,63000,ROCHESTER,36055,MONROE,36,NY,NEW YORK,14604,2505,NY-25,NY-25,,,,STATE-WIDE,USA,UNITED STATES,NY*****,,,,36,NEW YORK,,NY-25,,,45.024,PROMOTION OF THE ARTS GRANTS TO ORGANIZATIONS AND INDIVIDUALS,2024NEA01GAP1,TO SUPPORT OPPORTUNITIES FOR ALL PEOPLE TO PARTICIPATE IN THE ARTS AND ARTS EDUCATION.,04,PROJECT GRANT (B),,,,,PURPOSE: TO SUPPORT TRAVEL COSTS AND ARTIST FEES FOR THE GATEWAYS MUSIC FESTIVAL.,PURPOSE: TO SUPPORT TRAVEL COSTS AND ARTIST FEES FOR THE GATEWAYS MUSIC FESTIVAL.,NON,NOT RECOVERY ACT,M,NONPROFIT WITH 501C3 IRS STATUS (OTHER THAN AN INSTITUTION OF HIGHER EDUCATION),,,A1,New Award,2,NON-AGGREGATE RECORD,,,,,,,,,,,https://www.usaspending.gov/award/ASST_NON_1934443-31-25_417/,2025-01-30 14:45:38.261828+00,2025-01-30 14:45:38.261828+00,recipient county outside NYC
5920_1934443-31-25_-NONE-_45.024_3,ASST_NON_1934443-31-25_417,1934443-31-25,3,,SAI EXEMPT,0.00,25000.00,25000.00,0.00,0.00,0.00,0.00,0.00,0.00,0.00,0.00,Q: Not Designated Nonemergency/Emergency/Disaster/Wildfire Suppression,,,,,2025-01-28,2025,2025-01-01,2025-05-31,417,National Endowment for the Arts,5920,National Endowment for the Arts,593105,NATIONAL ENDOWMENT FOR THE ARTS,417,National Endowment for the Arts,5920,National Endowment for the Arts,593105,NATIONAL ENDOWMENT FOR THE ARTS,417-X-0100-000,417-0100,"41.0: Grants, subsidies, and contributions",0001: PROMOTION OF THE ARTS,JNBDDCCK3MV6,,"GATEWAYS MUSIC FESTIVAL, INC.","GATEWAYS MUSIC FESTIVAL, INC.",,,,,USA,UNITED STATES,26 GIBBS ST,,63000,ROCHESTER,36055,MONROE,36,NY,NEW YORK,14604,2505,NY-25,NY-25,,,,STATE-WIDE,USA,UNITED STATES,NY*****,,,,36,NEW YORK,,NY-25,,,45.024,PROMOTION OF THE ARTS GRANTS TO ORGANIZATIONS AND INDIVIDUALS,2024NEA01GAP1,TO SUPPORT OPPORTUNITIES FOR ALL PEOPLE TO PARTICIPATE IN THE ARTS AND ARTS EDUCATION.,04,PROJECT GRANT (B),,,,,PURPOSE: TO SUPPORT TRAVEL COSTS AND ARTIST FEES FOR THE GATEWAYS MUSIC FESTIVAL.,PURPOSE: TO SUPPORT TRAVEL COSTS AND ARTIST FEES FOR THE GATEWAYS MUSIC FESTIVAL.,NON,NOT RECOVERY ACT,M,NONPROFIT WITH 501C3 IRS STATUS (OTHER THAN AN INSTITUTION OF HIGHER EDUCATION),,,A1,New Award,2,NON-AGGREGATE RECORD,,,,,,,,,,,https://www.usaspending.gov/award/ASST_NON_1934443-31-25_417/,2025-05-29 15:25:04.378853+00,2025-05-29 15:25:04.378853+00,recipient county outside NYC
5920_1934481-31-25_-NONE-_45.024_-NONE-,ASST_NON_1934481-31-25_417,1934481-31-25,,,SAI EXEMPT,25000.00,25000.00,25000.00,0.00,0.00,0.00,0.00,0.00,0.00,0.00,25000.00,Q: Not Designated Nonemergency/Emergency/Disaster/Wildfire Suppression,,,,,2025-01-14,2025,2025-01-01,2025-06-30,417,National Endowment for the Arts,5920,National Endowment for the Arts,593105,NATIONAL ENDOWMENT FOR THE ARTS,417,National Endowment for the Arts,5920,National Endowment for the Arts,593105,NATIONAL ENDOWMENT FOR THE ARTS,417-X-0100-000,417-0100,"41.0: Grants, subsidies, and contributions",0001: PROMOTION OF THE ARTS,YYNAC1GN4P35,,"ROCHESTER PHILHARMONIC ORCHESTRA, INC.",ROCHESTER PHILHARMONIC ORCHESTRA  INC.,,,,,USA,UNITED STATES,255 EAST AVE STE LL02,,63000,ROCHESTER,36055,MONROE,36,NY,NEW YORK,14604,2625,NY-25,NY-25,,,,STATE-WIDE,USA,UNITED STATES,NY*****,,,,36,NEW YORK,,NY-25,,,45.024,PROMOTION OF THE ARTS GRANTS TO ORGANIZATIONS AND INDIVIDUALS,2024NEA01GAP1,TO SUPPORT OPPORTUNITIES FOR ALL PEOPLE TO PARTICIPATE IN THE ARTS AND ARTS EDUCATION.,04,PROJECT GRANT (B),,,,,PURPOSE: TO SUPPORT STAFF SALARIES AND ARTIST FEES FOR AN ORCHESTRAL PERFORMANCE AND RECORDING PROJECT.,"PURPOSE: TO SUPPORT STAFF SALARIES AND ARTIST FEES FOR AN ORCHESTRAL
PERFORMANCE AND RECORDING PROJECT.",NON,NOT RECOVERY ACT,M,NONPROFIT WITH 501C3 IRS STATUS (OTHER THAN AN INSTITUTION OF HIGHER EDUCATION),,,A1,New Award,2,NON-AGGREGATE RECORD,,,,,,,,,,,https://www.usaspending.gov/award/ASST_NON_1934481-31-25_417/,2025-01-30 14:45:38.261828+00,2025-01-30 14:45:38.261828+00,recipient county outside NYC
5920_1934481-31-25_-NONE-_45.024_3,ASST_NON_1934481-31-25_417,1934481-31-25,3,,SAI EXEMPT,0.00,25000.00,25000.00,0.00,0.00,0.00,0.00,0.00,0.00,0.00,0.00,Q: Not Designated Nonemergency/Emergency/Disaster/Wildfire Suppression,,,,,2025-01-14,2025,2025-01-01,2025-05-31,417,National Endowment for the Arts,5920,National Endowment for the Arts,593105,NATIONAL ENDOWMENT FOR THE ARTS,417,National Endowment for the Arts,5920,National Endowment for the Arts,593105,NATIONAL ENDOWMENT FOR THE ARTS,417-X-0100-000,417-0100,"41.0: Grants, subsidies, and contributions",0001: PROMOTION OF THE ARTS,YYNAC1GN4P35,,"ROCHESTER PHILHARMONIC ORCHESTRA, INC.","ROCHESTER PHILHARMONIC ORCHESTRA, INC.",,,,,USA,UNITED STATES,255 EAST AVE STE LL02,,63000,ROCHESTER,36055,MONROE,36,NY,NEW YORK,14604,2625,NY-25,NY-25,,,,STATE-WIDE,USA,UNITED STATES,NY*****,,,,36,NEW YORK,,NY-25,,,45.024,PROMOTION OF THE ARTS GRANTS TO ORGANIZATIONS AND INDIVIDUALS,2024NEA01GAP1,TO SUPPORT OPPORTUNITIES FOR ALL PEOPLE TO PARTICIPATE IN THE ARTS AND ARTS EDUCATION.,04,PROJECT GRANT (B),,,,,"PURPOSE: TO SUPPORT STAFF SALARIES AND ARTIST FEES FOR AN ORCHESTRAL
PERFORMANCE AND RECORDING PROJECT.","PURPOSE: TO SUPPORT STAFF SALARIES AND ARTIST FEES FOR AN ORCHESTRAL
PERFORMANCE AND RECORDING PROJECT.",NON,NOT RECOVERY ACT,M,NONPROFIT WITH 501C3 IRS STATUS (OTHER THAN AN INSTITUTION OF HIGHER EDUCATION),,,A1,New Award,2,NON-AGGREGATE RECORD,,,,,,,,,,,https://www.usaspending.gov/award/ASST_NON_1934481-31-25_417/,2025-05-29 15:25:04.378853+00,2025-05-29 15:25:04.378853+00,recipient county outside NYC
5920_1934628-51-25_-NONE-_45.024_-NONE-,ASST_NON_1934628-51-25_417,1934628-51-25,,,SAI EXEMPT,30000.00,30000.00,30000.00,0.00,0.00,0.00,0.00,0.00,0.00,0.00,30000.00,Q: Not Designated Nonemergency/Emergency/Disaster/Wildfire Suppression,,,,,2025-01-17,2025,2025-01-01,2025-12-31,417,National Endowment for the Arts,5920,National Endowment for the Arts,593105,NATIONAL ENDOWMENT FOR THE ARTS,417,National Endowment for the Arts,5920,National Endowment for the Arts,593105,NATIONAL ENDOWMENT FOR THE ARTS,417-X-0100-000,417-0100,"41.0: Grants, subsidies, and contributions",0001: PROMOTION OF THE ARTS,Q6CVFVXB6P74,,BUFFALO STRING WORKS INC,BUFFALO STRING WORKS  INC.,,,,,USA,UNITED STATES,341 DELAWARE AVE,2ND FL,11000,BUFFALO,36029,ERIE,36,NY,NEW YORK,14202,1871,NY-26,NY-26,,,,STATE-WIDE,USA,UNITED STATES,NY*****,,,,36,NEW YORK,,NY-26,,,45.024,PROMOTION OF THE ARTS GRANTS TO ORGANIZATIONS AND INDIVIDUALS,2024NEA01GAP1,TO SUPPORT OPPORTUNITIES FOR ALL PEOPLE TO PARTICIPATE IN THE ARTS AND ARTS EDUCATION.,04,PROJECT GRANT (B),,,,,PURPOSE: TO SUPPORT STAFF SALARIES RELATED TO A FREE ORCHESTRA PROGRAM FOR YOUTH WHO HAVE LIMITED ACCESS TO MUSIC EDUCATION.,"PURPOSE: TO SUPPORT STAFF SALARIES RELATED TO A FREE
ORCHESTRA PROGRAM FOR YOUTH WHO HAVE LIMITED ACCESS TO MUSIC EDUCATION.",NON,NOT RECOVERY ACT,M,NONPROFIT WITH 501C3 IRS STATUS (OTHER THAN AN INSTITUTION OF HIGHER EDUCATION),,,A1,New Award,2,NON-AGGREGATE RECORD,,,,,,,,,,,https://www.usaspending.gov/award/ASST_NON_1934628-51-25_417/,2025-01-30 14:45:38.261828+00,2025-01-30 14:45:38.261828+00,recipient county outside NYC
5920_1934628-51-25_-NONE-_45.024_3,ASST_NON_1934628-51-25_417,1934628-51-25,3,,SAI EXEMPT,0.00,30000.00,30000.00,0.00,0.00,0.00,0.00,0.00,0.00,0.00,0.00,Q: Not Designated Nonemergency/Emergency/Disaster/Wildfire Suppression,,,,,2025-01-17,2025,2025-01-01,2025-05-31,417,National Endowment for the Arts,5920,National Endowment for the Arts,593105,NATIONAL ENDOWMENT FOR THE ARTS,417,National Endowment for the Arts,5920,National Endowment for the Arts,593105,NATIONAL ENDOWMENT FOR THE ARTS,417-X-0100-000,417-0100,"41.0: Grants, subsidies, and contributions",0001: PROMOTION OF THE ARTS,Q6CVFVXB6P74,,BUFFALO STRING WORKS INC,"BUFFALO STRING WORKS, INC.",,,,,USA,UNITED STATES,341 DELAWARE AVE,2ND FL,11000,BUFFALO,36029,ERIE,36,NY,NEW YORK,14202,1871,NY-26,NY-26,,,,STATE-WIDE,USA,UNITED STATES,NY*****,,,,36,NEW YORK,,NY-26,,,45.024,PROMOTION OF THE ARTS GRANTS TO ORGANIZATIONS AND INDIVIDUALS,2024NEA01GAP1,TO SUPPORT OPPORTUNITIES FOR ALL PEOPLE TO PARTICIPATE IN THE ARTS AND ARTS EDUCATION.,04,PROJECT GRANT (B),,,,,"PURPOSE: TO SUPPORT STAFF SALARIES RELATED TO A FREE
ORCHESTRA PROGRAM FOR YOUTH WHO HAVE LIMITED ACCESS TO MUSIC EDUCATION.","PURPOSE: TO SUPPORT STAFF SALARIES RELATED TO A FREE
ORCHESTRA PROGRAM FOR YOUTH WHO HAVE LIMITED ACCESS TO MUSIC EDUCATION.",NON,NOT RECOVERY ACT,M,NONPROFIT WITH 501C3 IRS STATUS (OTHER THAN AN INSTITUTION OF HIGHER EDUCATION),,,A1,New Award,2,NON-AGGREGATE RECORD,,,,,,,,,,,https://www.usaspending.gov/award/ASST_NON_1934628-51-25_417/,2025-05-29 15:25:04.378853+00,2025-05-29 15:25:04.378853+00,recipient county outside NYC
5920_1934863-28-25_-NONE-_45.024_-NONE-,ASST_NON_1934863-28-25_417,1934863-28-25,,,SAI EXEMPT,15000.00,15000.00,15000.00,0.00,0.00,0.00,0.00,0.00,0.00,0.00,15000.00,Q: Not Designated Nonemergency/Emergency/Disaster/Wildfire Suppression,,,,,2024-12-20,2025,2025-02-01,2025-11-30,417,National Endowment for the Arts,5920,National Endowment for the Arts,593105,NATIONAL ENDOWMENT FOR THE ARTS,417,National Endowment for the Arts,5920,National Endowment for the Arts,593105,NATIONAL ENDOWMENT FOR THE ARTS,417-X-0100-000,417-0100,"41.0: Grants, subsidies, and contributions",0001: PROMOTION OF THE ARTS,SQ9GFABNRPE9,,RANDOM FARMS KIDS THEATER INC,RANDOM FARMS KIDS THEATER INC.,SQ9GFABNRPE9,,RANDOM FARMS KIDS THEATER INC,,USA,UNITED STATES,77 EXECUTIVE BLVD,STE 130,24295,ELMSFORD,36119,WESTCHESTER,36,NY,NEW YORK,10523,1327,NY-12,NY-16,,,,STATE-WIDE,USA,UNITED STATES,NY*****,,,,36,NEW YORK,,NY-12,,,45.024,PROMOTION OF THE ARTS GRANTS TO ORGANIZATIONS AND INDIVIDUALS,2024NEA01GAP1,TO SUPPORT OPPORTUNITIES FOR ALL PEOPLE TO PARTICIPATE IN THE ARTS AND ARTS EDUCATION.,04,PROJECT GRANT (B),,,,,PURPOSE: TO SUPPORT THE REGIONAL TOURING PRODUCTION OF #JUSTBEYOU  A MUSICAL FOR YOUNG AUDIENCES  WITH A BOOK BY ERIC C. WEBB AND MUSIC AND LYRICS BY STEPHANIE BIANCHI.,"PURPOSE: TO SUPPORT THE PLANNING AND DEVELOPMENT FOR THE REGIONAL TOURING PRODUCTION OF #JUSTBEYOU, A MUSICAL FOR YOUNG AUDIENCES, WITH A BOOK BY ERIC C. WEBB AND MUSIC AND LYRICS BY STEPHANIE BIANCHI.",NON,NOT RECOVERY ACT,M,NONPROFIT WITH 501C3 IRS STATUS (OTHER THAN AN INSTITUTION OF HIGHER EDUCATION),,,A1,New Award,2,NON-AGGREGATE RECORD,,,,,,,,,,,https://www.usaspending.gov/award/ASST_NON_1934863-28-25_417/,2024-12-23 16:44:08.758784+00,2024-12-23 16:44:08.758784+00,recipient county outside NYC
5920_1934863-28-25_-NONE-_45.024_3,ASST_NON_1934863-28-25_417,1934863-28-25,3,,SAI EXEMPT,0.00,15000.00,15000.00,0.00,0.00,0.00,0.00,0.00,0.00,0.00,0.00,Q: Not Designated Nonemergency/Emergency/Disaster/Wildfire Suppression,,,,,2024-12-20,2025,2025-02-01,2025-05-31,417,National Endowment for the Arts,5920,National Endowment for the Arts,593105,NATIONAL ENDOWMENT FOR THE ARTS,417,National Endowment for the Arts,5920,National Endowment for the Arts,593105,NATIONAL ENDOWMENT FOR THE ARTS,417-X-0100-000,417-0100,"41.0: Grants, subsidies, and contributions",0001: PROMOTION OF THE ARTS,SQ9GFABNRPE9,,RANDOM FARMS KIDS THEATER INC,RANDOM FARMS KIDS THEATER INC.,SQ9GFABNRPE9,,RANDOM FARMS KIDS THEATER INC,,USA,UNITED STATES,77 EXECUTIVE BLVD,STE 130,24295,ELMSFORD,36119,WESTCHESTER,36,NY,NEW YORK,10523,1327,NY-12,NY-16,,,,STATE-WIDE,USA,UNITED STATES,NY*****,,,,36,NEW YORK,,NY-12,,,45.024,PROMOTION OF THE ARTS GRANTS TO ORGANIZATIONS AND INDIVIDUALS,2024NEA01GAP1,TO SUPPORT OPPORTUNITIES FOR ALL PEOPLE TO PARTICIPATE IN THE ARTS AND ARTS EDUCATION.,04,PROJECT GRANT (B),,,,,"PURPOSE: TO SUPPORT THE PLANNING AND DEVELOPMENT FOR THE REGIONAL TOURING PRODUCTION OF #JUSTBEYOU, A MUSICAL FOR YOUNG AUDIENCES, WITH A BOOK BY ERIC C. WEBB AND MUSIC AND LYRICS BY STEPHANIE BIANCHI.","PURPOSE: TO SUPPORT THE PLANNING AND DEVELOPMENT FOR THE REGIONAL TOURING PRODUCTION OF #JUSTBEYOU, A MUSICAL FOR YOUNG AUDIENCES, WITH A BOOK BY ERIC C. WEBB AND MUSIC AND LYRICS BY STEPHANIE BIANCHI.",NON,NOT RECOVERY ACT,M,NONPROFIT WITH 501C3 IRS STATUS (OTHER THAN AN INSTITUTION OF HIGHER EDUCATION),,,A1,New Award,2,NON-AGGREGATE RECORD,,,,,,,,,,,https://www.usaspending.gov/award/ASST_NON_1934863-28-25_417/,2025-05-29 15:25:04.378853+00,2025-05-29 15:25:04.378853+00,recipient county outside NYC
5920_1934947-62-25_-NONE-_45.024_-NONE-,ASST_NON_1934947-62-25_417,1934947-62-25,,,SAI EXEMPT,35000.00,35000.00,35000.00,0.00,0.00,0.00,0.00,0.00,0.00,0.00,35000.00,Q: Not Designated Nonemergency/Emergency/Disaster/Wildfire Suppression,,,,,2025-07-07,2025,2025-01-01,2025-12-31,417,National Endowment for the Arts,5920,National Endowment for the Arts,593105,NATIONAL ENDOWMENT FOR THE ARTS,417,National Endowment for the Arts,5920,National Endowment for the Arts,593105,NATIONAL ENDOWMENT FOR THE ARTS,417-X-0100-000,417-0100,"41.0: Grants, subsidies, and contributions",0001: PROMOTION OF THE ARTS,U8S6LQLLQ3C7,,CNY ARTS INC,CNY ARTS  INC.,,,,,USA,UNITED STATES,421 MONTGOMERY ST,,73000,SYRACUSE,36067,ONONDAGA,36,NY,NEW YORK,13202,2923,NY-22,NY-22,,,,STATE-WIDE,USA,UNITED STATES,NY*****,,,,36,NEW YORK,,NY-22,,,45.024,PROMOTION OF THE ARTS GRANTS TO ORGANIZATIONS AND INDIVIDUALS,2024NEA01GAP1,TO SUPPORT OPPORTUNITIES FOR ALL PEOPLE TO PARTICIPATE IN THE ARTS AND ARTS EDUCATION.,04,PROJECT GRANT (B),,,,,PURPOSE:&NBSP;TO SUPPORT AN ARTS MARKETING CAMPAIGN.&NBSP;&NBSP;,PURPOSE:TO SUPPORT AN ARTS MARKETING CAMPAIGN.,NON,NOT RECOVERY ACT,M,NONPROFIT WITH 501C3 IRS STATUS (OTHER THAN AN INSTITUTION OF HIGHER EDUCATION),,,A1,New Award,2,NON-AGGREGATE RECORD,,,,,,,,,,,https://www.usaspending.gov/award/ASST_NON_1934947-62-25_417/,2025-08-04 15:48:58.86081+00,2025-08-04 15:48:58.86081+00,recipient county outside NYC
5920_1934947-62-25_-NONE-_45.024_1,ASST_NON_1934947-62-25_417,1934947-62-25,1,,SAI EXEMPT,0.00,35000.00,35000.00,0.00,0.00,0.00,0.00,0.00,0.00,0.00,0.00,Q: Not Designated Nonemergency/Emergency/Disaster/Wildfire Suppression,,,,,2025-07-07,2025,2025-01-01,2026-03-31,417,National Endowment for the Arts,5920,National Endowment for the Arts,593105,NATIONAL ENDOWMENT FOR THE ARTS,417,National Endowment for the Arts,5920,National Endowment for the Arts,593105,NATIONAL ENDOWMENT FOR THE ARTS,417-X-0100-000,417-0100,"41.0: Grants, subsidies, and contributions",0001: PROMOTION OF THE ARTS,U8S6LQLLQ3C7,,CNY ARTS INC,"CNY ARTS, INC.",,,,,USA,UNITED STATES,421 MONTGOMERY ST,,73000,SYRACUSE,36067,ONONDAGA,36,NY,NEW YORK,13202,2923,NY-22,NY-22,,,,STATE-WIDE,USA,UNITED STATES,NY*****,,,,36,NEW YORK,,NY-22,,,45.024,PROMOTION OF THE ARTS GRANTS TO ORGANIZATIONS AND INDIVIDUALS,2024NEA01GAP1,TO SUPPORT OPPORTUNITIES FOR ALL PEOPLE TO PARTICIPATE IN THE ARTS AND ARTS EDUCATION.,04,PROJECT GRANT (B),,,,,PURPOSE:TO SUPPORT AN ARTS MARKETING CAMPAIGN.,PURPOSE:TO SUPPORT AN ARTS MARKETING CAMPAIGN.,NON,NOT RECOVERY ACT,M,NONPROFIT WITH 501C3 IRS STATUS (OTHER THAN AN INSTITUTION OF HIGHER EDUCATION),,,A1,New Award,2,NON-AGGREGATE RECORD,,,,,,,,,,,https://www.usaspending.gov/award/ASST_NON_1934947-62-25_417/,2025-10-29 14:43:09.541913+00,2025-10-29 14:43:09.541913+00,recipient county outside NYC
5920_1934950-34-25_-NONE-_45.024_-NONE-,ASST_NON_1934950-34-25_417,1934950-34-25,,,SAI EXEMPT,10000.00,10000.00,10000.00,0.00,0.00,0.00,0.00,0.00,0.00,0.00,10000.00,Q: Not Designated Nonemergency/Emergency/Disaster/Wildfire Suppression,,,,,2024-12-12,2025,2025-01-01,2025-12-31,417,National Endowment for the Arts,5920,National Endowment for the Arts,593105,NATIONAL ENDOWMENT FOR THE ARTS,417,National Endowment for the Arts,5920,National Endowment for the Arts,593105,NATIONAL ENDOWMENT FOR THE ARTS,417-X-0100-000,417-0100,"41.0: Grants, subsidies, and contributions",0001: PROMOTION OF THE ARTS,TPUYBTZMKJU3,,"THE HAMPTONS INTERNATIONAL FILM FESTIVAL, INC.",HAMPTONS INTERNATIONAL FILM FESTIVAL  INC.,,,,,USA,UNITED STATES,79 NEWTOWN LN,,22183,EAST HAMPTON,36103,SUFFOLK,36,NY,NEW YORK,11937,2324,NY-01,NY-01,,,,STATE-WIDE,USA,UNITED STATES,NY*****,,,,36,NEW YORK,,NY-01,,,45.024,PROMOTION OF THE ARTS GRANTS TO ORGANIZATIONS AND INDIVIDUALS,2024NEA01GAP1,TO SUPPORT OPPORTUNITIES FOR ALL PEOPLE TO PARTICIPATE IN THE ARTS AND ARTS EDUCATION.,04,PROJECT GRANT (B),,,,,PURPOSE: TO SUPPORT AN INTERNATIONAL SHORT FILM SHOWCASE FOR YOUTH FILMMAKERS AND AUDIENCES.,PURPOSE: TO SUPPORT AN INTERNATIONAL SHORT FILM SHOWCASE FOR YOUTH FILMMAKERS AND AUDIENCES.,NON,NOT RECOVERY ACT,M,NONPROFIT WITH 501C3 IRS STATUS (OTHER THAN AN INSTITUTION OF HIGHER EDUCATION),,,A1,New Award,2,NON-AGGREGATE RECORD,,,,,,,,,,,https://www.usaspending.gov/award/ASST_NON_1934950-34-25_417/,2024-12-23 16:44:08.758784+00,2024-12-23 16:44:08.758784+00,recipient county outside NYC
5920_1934950-34-25_-NONE-_45.024_3,ASST_NON_1934950-34-25_417,1934950-34-25,3,,SAI EXEMPT,0.00,10000.00,10000.00,0.00,0.00,0.00,0.00,0.00,0.00,0.00,0.00,Q: Not Designated Nonemergency/Emergency/Disaster/Wildfire Suppression,,,,,2024-12-12,2025,2025-01-01,2025-05-31,417,National Endowment for the Arts,5920,National Endowment for the Arts,593105,NATIONAL ENDOWMENT FOR THE ARTS,417,National Endowment for the Arts,5920,National Endowment for the Arts,593105,NATIONAL ENDOWMENT FOR THE ARTS,417-X-0100-000,417-0100,"41.0: Grants, subsidies, and contributions",0001: PROMOTION OF THE ARTS,TPUYBTZMKJU3,,"THE HAMPTONS INTERNATIONAL FILM FESTIVAL, INC.","HAMPTONS INTERNATIONAL FILM FESTIVAL, INC.",,,,,USA,UNITED STATES,79 NEWTOWN LN,,22183,EAST HAMPTON,36103,SUFFOLK,36,NY,NEW YORK,11937,2324,NY-01,NY-01,,,,STATE-WIDE,USA,UNITED STATES,NY*****,,,,36,NEW YORK,,NY-01,,,45.024,PROMOTION OF THE ARTS GRANTS TO ORGANIZATIONS AND INDIVIDUALS,2024NEA01GAP1,TO SUPPORT OPPORTUNITIES FOR ALL PEOPLE TO PARTICIPATE IN THE ARTS AND ARTS EDUCATION.,04,PROJECT GRANT (B),,,,,PURPOSE: TO SUPPORT AN INTERNATIONAL SHORT FILM SHOWCASE FOR YOUTH FILMMAKERS AND AUDIENCES.,PURPOSE: TO SUPPORT AN INTERNATIONAL SHORT FILM SHOWCASE FOR YOUTH FILMMAKERS AND AUDIENCES.,NON,NOT RECOVERY ACT,M,NONPROFIT WITH 501C3 IRS STATUS (OTHER THAN AN INSTITUTION OF HIGHER EDUCATION),,,A1,New Award,2,NON-AGGREGATE RECORD,,,,,,,,,,,https://www.usaspending.gov/award/ASST_NON_1934950-34-25_417/,2025-05-29 15:25:04.378853+00,2025-05-29 15:25:04.378853+00,recipient county outside NYC
5920_1934998-52-25_-NONE-_45.024_-NONE-,ASST_NON_1934998-52-25_417,1934998-52-25,,,SAI EXEMPT,12500.00,12500.00,12500.00,0.00,0.00,0.00,0.00,0.00,0.00,0.00,12500.00,Q: Not Designated Nonemergency/Emergency/Disaster/Wildfire Suppression,,,,,2025-01-07,2025,2025-01-01,2025-12-31,417,National Endowment for the Arts,5920,National Endowment for the Arts,593105,NATIONAL ENDOWMENT FOR THE ARTS,417,National Endowment for the Arts,5920,National Endowment for the Arts,593105,NATIONAL ENDOWMENT FOR THE ARTS,417-X-0100-000,417-0100,"41.0: Grants, subsidies, and contributions",0001: PROMOTION OF THE ARTS,HM6BV3LM61R3,,ELECTRIC LITERATURE,ELECTRIC LIT  INC.,,,,,USA,UNITED STATES,15 ADAMS ST,,39727,KINGSTON,36111,ULSTER,36,NY,NEW YORK,12401,6011,NY-07,NY-18,,,,STATE-WIDE,USA,UNITED STATES,NY*****,,,,36,NEW YORK,,NY-07,,,45.024,PROMOTION OF THE ARTS GRANTS TO ORGANIZATIONS AND INDIVIDUALS,2024NEA01GAP1,TO SUPPORT OPPORTUNITIES FOR ALL PEOPLE TO PARTICIPATE IN THE ARTS AND ARTS EDUCATION.,04,PROJECT GRANT (B),,,,,PURPOSE: TO SUPPORT THE PUBLICATION OF THE ONLINE MAGAZINES RECOMMENDED READING AND THE COMMUTER.,"PURPOSE: TO SUPPORT THE PUBLICATION
OF THE ONLINE MAGAZINES RECOMMENDED READING AND THE COMMUTER.",NON,NOT RECOVERY ACT,M,NONPROFIT WITH 501C3 IRS STATUS (OTHER THAN AN INSTITUTION OF HIGHER EDUCATION),,,A1,New Award,2,NON-AGGREGATE RECORD,,,,,,,,,,,https://www.usaspending.gov/award/ASST_NON_1934998-52-25_417/,2025-01-30 14:45:38.261828+00,2025-01-30 14:45:38.261828+00,recipient county outside NYC
5920_1934998-52-25_-NONE-_45.024_3,ASST_NON_1934998-52-25_417,1934998-52-25,3,,SAI EXEMPT,0.00,12500.00,12500.00,0.00,0.00,0.00,0.00,0.00,0.00,0.00,0.00,Q: Not Designated Nonemergency/Emergency/Disaster/Wildfire Suppression,,,,,2025-01-07,2025,2025-01-01,2025-05-31,417,National Endowment for the Arts,5920,National Endowment for the Arts,593105,NATIONAL ENDOWMENT FOR THE ARTS,417,National Endowment for the Arts,5920,National Endowment for the Arts,593105,NATIONAL ENDOWMENT FOR THE ARTS,417-X-0100-000,417-0100,"41.0: Grants, subsidies, and contributions",0001: PROMOTION OF THE ARTS,HM6BV3LM61R3,,ELECTRIC LITERATURE,"ELECTRIC LIT, INC.",,,,,USA,UNITED STATES,15 ADAMS ST,,39727,KINGSTON,36111,ULSTER,36,NY,NEW YORK,12401,6011,NY-18,NY-18,,,,STATE-WIDE,USA,UNITED STATES,NY*****,,,,36,NEW YORK,,NY-18,,,45.024,PROMOTION OF THE ARTS GRANTS TO ORGANIZATIONS AND INDIVIDUALS,2024NEA01GAP1,TO SUPPORT OPPORTUNITIES FOR ALL PEOPLE TO PARTICIPATE IN THE ARTS AND ARTS EDUCATION.,04,PROJECT GRANT (B),,,,,"PURPOSE: TO SUPPORT THE PUBLICATION
OF THE ONLINE MAGAZINES RECOMMENDED READING AND THE COMMUTER.","PURPOSE: TO SUPPORT THE PUBLICATION
OF THE ONLINE MAGAZINES RECOMMENDED READING AND THE COMMUTER.",NON,NOT RECOVERY ACT,M,NONPROFIT WITH 501C3 IRS STATUS (OTHER THAN AN INSTITUTION OF HIGHER EDUCATION),,,A1,New Award,2,NON-AGGREGATE RECORD,,,,,,,,,,,https://www.usaspending.gov/award/ASST_NON_1934998-52-25_417/,2025-05-29 15:25:04.378853+00,2025-05-29 15:25:04.378853+00,recipient county outside NYC
5920_1935158-31-25_-NONE-_45.024_-NONE-,ASST_NON_1935158-31-25_417,1935158-31-25,,,SAI EXEMPT,25000.00,25000.00,25000.00,0.00,0.00,0.00,0.00,0.00,0.00,0.00,25000.00,Q: Not Designated Nonemergency/Emergency/Disaster/Wildfire Suppression,,,,,2024-12-19,2025,2025-01-01,2025-06-30,417,National Endowment for the Arts,5920,National Endowment for the Arts,593105,NATIONAL ENDOWMENT FOR THE ARTS,417,National Endowment for the Arts,5920,National Endowment for the Arts,593105,NATIONAL ENDOWMENT FOR THE ARTS,417-X-0100-000,417-0100,"41.0: Grants, subsidies, and contributions",0001: PROMOTION OF THE ARTS,L62KHYWSQQE5,,BUFFALO PHILHARMONIC ORCHESTRA SOCIETY INC,BUFFALO PHILHARMONIC ORCHESTRA SOCIETY  INC.,L62KHYWSQQE5,,BUFFALO PHILHARMONIC ORCHESTRA SOCIETY INC,"BUFFALO PHILHARMONIC ORCHESTRA SOCIETY, INC.",USA,UNITED STATES,786 DELAWARE AVE,,11000,BUFFALO,36029,ERIE,36,NY,NEW YORK,14209,2006,NY-26,NY-26,,,,STATE-WIDE,USA,UNITED STATES,NY*****,,,,36,NEW YORK,,NY-26,,,45.024,PROMOTION OF THE ARTS GRANTS TO ORGANIZATIONS AND INDIVIDUALS,2024NEA01GAP1,TO SUPPORT OPPORTUNITIES FOR ALL PEOPLE TO PARTICIPATE IN THE ARTS AND ARTS EDUCATION.,04,PROJECT GRANT (B),,,,,PURPOSE: TO SUPPORT A COMMUNITY ENGAGEMENT PROGRAM AND CONCERT.,"PURPOSE: TO SUPPORT A COMMUNITY ENGAGEMENT PROGRAM AND
CONCERT.",NON,NOT RECOVERY ACT,M,NONPROFIT WITH 501C3 IRS STATUS (OTHER THAN AN INSTITUTION OF HIGHER EDUCATION),,,A1,New Award,2,NON-AGGREGATE RECORD,,,,,,,,,,,https://www.usaspending.gov/award/ASST_NON_1935158-31-25_417/,2024-12-23 16:44:08.758784+00,2024-12-23 16:44:08.758784+00,recipient county outside NYC
5920_1935158-31-25_-NONE-_45.024_2,ASST_NON_1935158-31-25_417,1935158-31-25,2,,SAI EXEMPT,0.00,25000.00,25000.00,0.00,0.00,0.00,0.00,0.00,0.00,0.00,0.00,Q: Not Designated Nonemergency/Emergency/Disaster/Wildfire Suppression,,,,,2024-12-19,2025,2025-01-01,2025-05-31,417,National Endowment for the Arts,5920,National Endowment for the Arts,593105,NATIONAL ENDOWMENT FOR THE ARTS,417,National Endowment for the Arts,5920,National Endowment for the Arts,593105,NATIONAL ENDOWMENT FOR THE ARTS,417-X-0100-000,417-0100,"41.0: Grants, subsidies, and contributions",0001: PROMOTION OF THE ARTS,L62KHYWSQQE5,,BUFFALO PHILHARMONIC ORCHESTRA SOCIETY INC,"BUFFALO PHILHARMONIC ORCHESTRA SOCIETY, INC.",L62KHYWSQQE5,,BUFFALO PHILHARMONIC ORCHESTRA SOCIETY INC,"BUFFALO PHILHARMONIC ORCHESTRA SOCIETY, INC.",USA,UNITED STATES,786 DELAWARE AVE,,11000,BUFFALO,36029,ERIE,36,NY,NEW YORK,14209,2006,NY-26,NY-26,,,,STATE-WIDE,USA,UNITED STATES,NY*****,,,,36,NEW YORK,,NY-26,,,45.024,PROMOTION OF THE ARTS GRANTS TO ORGANIZATIONS AND INDIVIDUALS,2024NEA01GAP1,TO SUPPORT OPPORTUNITIES FOR ALL PEOPLE TO PARTICIPATE IN THE ARTS AND ARTS EDUCATION.,04,PROJECT GRANT (B),,,,,"PURPOSE: TO SUPPORT A COMMUNITY ENGAGEMENT PROGRAM AND
CONCERT.","PURPOSE: TO SUPPORT A COMMUNITY ENGAGEMENT PROGRAM AND
CONCERT.",NON,NOT RECOVERY ACT,M,NONPROFIT WITH 501C3 IRS STATUS (OTHER THAN AN INSTITUTION OF HIGHER EDUCATION),,,A1,New Award,2,NON-AGGREGATE RECORD,,,,,,,,,,,https://www.usaspending.gov/award/ASST_NON_1935158-31-25_417/,2025-05-29 15:25:04.378853+00,2025-05-29 15:25:04.378853+00,recipient county outside NYC
5920_1935303-42-25_-NONE-_45.024_-NONE-,ASST_NON_1935303-42-25_417,1935303-42-25,,,SAI EXEMPT,30000.00,30000.00,30000.00,0.00,0.00,0.00,0.00,0.00,0.00,0.00,30000.00,Q: Not Designated Nonemergency/Emergency/Disaster/Wildfire Suppression,,,,,2025-07-03,2025,2025-01-01,2025-12-31,417,National Endowment for the Arts,5920,National Endowment for the Arts,593105,NATIONAL ENDOWMENT FOR THE ARTS,417,National Endowment for the Arts,5920,National Endowment for the Arts,593105,NATIONAL ENDOWMENT FOR THE ARTS,417-X-0100-000,417-0100,"41.0: Grants, subsidies, and contributions",0001: PROMOTION OF THE ARTS,SFMKMBJHG733,,OPEN STYLE LAB INC,OPEN STYLE LAB  INC,,,,,USA,UNITED STATES,8 LINKS DR,,30169,GREAT NECK,36059,NASSAU,36,NY,NEW YORK,11020,1145,NY-03,NY-03,,,,STATE-WIDE,USA,UNITED STATES,NY*****,,,,36,NEW YORK,,NY-03,,,45.024,PROMOTION OF THE ARTS GRANTS TO ORGANIZATIONS AND INDIVIDUALS,2024NEA01GAP1,TO SUPPORT OPPORTUNITIES FOR ALL PEOPLE TO PARTICIPATE IN THE ARTS AND ARTS EDUCATION.,04,PROJECT GRANT (B),,,,,PURPOSE: TO SUPPORT A MULTIDISCIPLINARY DESIGN FELLOWSHIP PROGRAM FOCUSED ON FASHION AND PRODUCT DESIGN.,PURPOSE: TO SUPPORT A MULTIDISCIPLINARY DESIGN FELLOWSHIP PROGRAM FOCUSED ON FASHION AND PRODUCT DESIGN.,NON,NOT RECOVERY ACT,M,NONPROFIT WITH 501C3 IRS STATUS (OTHER THAN AN INSTITUTION OF HIGHER EDUCATION),,,A1,New Award,2,NON-AGGREGATE RECORD,,,,,,,,,,,https://www.usaspending.gov/award/ASST_NON_1935303-42-25_417/,2025-08-04 15:48:58.86081+00,2025-08-04 15:48:58.86081+00,recipient county outside NYC
5920_1935395-31-25_-NONE-_45.024_-NONE-,ASST_NON_1935395-31-25_417,1935395-31-25,,,SAI EXEMPT,35000.00,0.00,,0.00,0.00,0.00,0.00,0.00,0.00,0.00,35000.00,Q: Not Designated Nonemergency/Emergency/Disaster/Wildfire Suppression,,,,,2025-01-10,2025,2025-01-01,2025-12-31,417,National Endowment for the Arts,5920,National Endowment for the Arts,593105,NATIONAL ENDOWMENT FOR THE ARTS,417,National Endowment for the Arts,5920,National Endowment for the Arts,593105,NATIONAL ENDOWMENT FOR THE ARTS,417-X-0100-000,417-0100,"41.0: Grants, subsidies, and contributions",0001: PROMOTION OF THE ARTS,FC6TDXEV5M29,,ALBANY SYMPHONY ORCHESTRA,ALBANY SYMPHONY ORCHESTRA  INC.,FC6TDXEV5M29,,ALBANY SYMPHONY ORCHESTRA,,USA,UNITED STATES,19 CLINTON AVE STE 1,,01000,ALBANY,36001,ALBANY,36,NY,NEW YORK,12207,2296,NY-20,NY-20,,,,STATE-WIDE,USA,UNITED STATES,NY*****,,,,36,NEW YORK,,NY-20,,,45.024,PROMOTION OF THE ARTS GRANTS TO ORGANIZATIONS AND INDIVIDUALS,2024NEA01GAP1,TO SUPPORT OPPORTUNITIES FOR ALL PEOPLE TO PARTICIPATE IN THE ARTS AND ARTS EDUCATION.,04,PROJECT GRANT (B),,,,,PURPOSE: TO SUPPORT THE AMERICAN MUSIC FESTIVAL  INCLUDING PERFORMANCES  COMMISSIONS  AND RECORDINGS OF NEW WORKS.,"PURPOSE: TO SUPPORT THE AMERICAN MUSIC FESTIVAL, INCLUDING PERFORMANCES,
COMMISSIONS, AND RECORDINGS OF NEW WORKS.",NON,NOT RECOVERY ACT,M,NONPROFIT WITH 501C3 IRS STATUS (OTHER THAN AN INSTITUTION OF HIGHER EDUCATION),,,A1,New Award,2,NON-AGGREGATE RECORD,,,,,,,,,,,https://www.usaspending.gov/award/ASST_NON_1935395-31-25_417/,2025-01-30 14:45:38.261828+00,2025-01-30 14:45:38.261828+00,recipient county outside NYC
5920_1935395-31-25_-NONE-_45.024_3,ASST_NON_1935395-31-25_417,1935395-31-25,3,,SAI EXEMPT,0.00,0.00,,0.00,0.00,0.00,0.00,0.00,0.00,0.00,0.00,Q: Not Designated Nonemergency/Emergency/Disaster/Wildfire Suppression,,,,,2025-01-10,2025,2025-01-01,2025-05-31,417,National Endowment for the Arts,5920,National Endowment for the Arts,593105,NATIONAL ENDOWMENT FOR THE ARTS,417,National Endowment for the Arts,5920,National Endowment for the Arts,593105,NATIONAL ENDOWMENT FOR THE ARTS,417-X-0100-000,417-0100,"41.0: Grants, subsidies, and contributions",0001: PROMOTION OF THE ARTS,FC6TDXEV5M29,,ALBANY SYMPHONY ORCHESTRA,"ALBANY SYMPHONY ORCHESTRA, INC.",FC6TDXEV5M29,,ALBANY SYMPHONY ORCHESTRA,,USA,UNITED STATES,19 CLINTON AVE STE 1,,01000,ALBANY,36001,ALBANY,36,NY,NEW YORK,12207,2296,NY-20,NY-20,,,,STATE-WIDE,USA,UNITED STATES,NY*****,,,,36,NEW YORK,,NY-20,,,45.024,PROMOTION OF THE ARTS GRANTS TO ORGANIZATIONS AND INDIVIDUALS,2024NEA01GAP1,TO SUPPORT OPPORTUNITIES FOR ALL PEOPLE TO PARTICIPATE IN THE ARTS AND ARTS EDUCATION.,04,PROJECT GRANT (B),,,,,"PURPOSE: TO SUPPORT THE AMERICAN MUSIC FESTIVAL, INCLUDING PERFORMANCES,
COMMISSIONS, AND RECORDINGS OF NEW WORKS.","PURPOSE: TO SUPPORT THE AMERICAN MUSIC FESTIVAL, INCLUDING PERFORMANCES,
COMMISSIONS, AND RECORDINGS OF NEW WORKS.",NON,NOT RECOVERY ACT,M,NONPROFIT WITH 501C3 IRS STATUS (OTHER THAN AN INSTITUTION OF HIGHER EDUCATION),,,A1,New Award,2,NON-AGGREGATE RECORD,,,,,,,,,,,https://www.usaspending.gov/award/ASST_NON_1935395-31-25_417/,2025-05-29 15:25:04.378853+00,2025-05-29 15:25:04.378853+00,recipient county outside NYC
5920_1935528-62-25_-NONE-_45.024_-NONE-,ASST_NON_1935528-62-25_417,1935528-62-25,,,SAI EXEMPT,25000.00,25000.00,,0.00,0.00,0.00,0.00,0.00,0.00,0.00,25000.00,Q: Not Designated Nonemergency/Emergency/Disaster/Wildfire Suppression,,,,,2025-07-29,2025,2025-01-01,2026-12-31,417,National Endowment for the Arts,5920,National Endowment for the Arts,593105,NATIONAL ENDOWMENT FOR THE ARTS,417,National Endowment for the Arts,5920,National Endowment for the Arts,593105,NATIONAL ENDOWMENT FOR THE ARTS,417-X-0100-000,417-0100,"41.0: Grants, subsidies, and contributions",0001: PROMOTION OF THE ARTS,QVRUL3PAQEK1,,"ARTSWESTCHESTER, INC",ARTSWESTCHESTER,,,,,USA,UNITED STATES,31 MAMARONECK AVE,,81677,WHITE PLAINS,36119,WESTCHESTER,36,NY,NEW YORK,10601,3300,NY-16,NY-16,,,,STATE-WIDE,USA,UNITED STATES,NY*****,,,,36,NEW YORK,,NY-16,,,45.024,PROMOTION OF THE ARTS GRANTS TO ORGANIZATIONS AND INDIVIDUALS,2024NEA01GAP1,TO SUPPORT OPPORTUNITIES FOR ALL PEOPLE TO PARTICIPATE IN THE ARTS AND ARTS EDUCATION.,04,PROJECT GRANT (B),,,,,PURPOSE:&NBSP;TO SUPPORT A MULTIMEDIA ART EXHIBITION FEATURING NEW TECHNOLOGIES.,PURPOSE:&NBSP;TO SUPPORT A MULTIMEDIA ART EXHIBITION FEATURING NEW TECHNOLOGIES.,NON,NOT RECOVERY ACT,M,NONPROFIT WITH 501C3 IRS STATUS (OTHER THAN AN INSTITUTION OF HIGHER EDUCATION),,,A1,New Award,2,NON-AGGREGATE RECORD,,,,,,,,,,,https://www.usaspending.gov/award/ASST_NON_1935528-62-25_417/,2025-08-26 16:02:12.128819+00,2025-08-26 16:02:12.128819+00,recipient county outside NYC
5920_1935539-33-25_-NONE-_45.024_-NONE-,ASST_NON_1935539-33-25_417,1935539-33-25,,,SAI EXEMPT,20000.00,20000.00,20000.00,0.00,0.00,0.00,0.00,0.00,0.00,0.00,20000.00,Q: Not Designated Nonemergency/Emergency/Disaster/Wildfire Suppression,,,,,2025-07-07,2025,2025-02-01,2026-01-31,417,National Endowment for the Arts,5920,National Endowment for the Arts,593105,NATIONAL ENDOWMENT FOR THE ARTS,417,National Endowment for the Arts,5920,National Endowment for the Arts,593105,NATIONAL ENDOWMENT FOR THE ARTS,417-X-0100-000,417-0100,"41.0: Grants, subsidies, and contributions",0001: PROMOTION OF THE ARTS,MHKGSQN2MNQ6,,KAATSBAAN INTERNATIONAL DANCE CENTER INC,KAATSBAAN INTERNATIONAL DANCE CENTER  INC.,,,,,USA,UNITED STATES,120 BROADWAY,,74023,TIVOLI,36027,DUTCHESS,36,NY,NEW YORK,12583,5719,NY-18,NY-18,,,,STATE-WIDE,USA,UNITED STATES,NY*****,,,,36,NEW YORK,,NY-18,,,45.024,PROMOTION OF THE ARTS GRANTS TO ORGANIZATIONS AND INDIVIDUALS,2024NEA01GAP1,TO SUPPORT OPPORTUNITIES FOR ALL PEOPLE TO PARTICIPATE IN THE ARTS AND ARTS EDUCATION.,04,PROJECT GRANT (B),,,,,PURPOSE: TO SUPPORT A CREATIVE RESIDENCY AND PRESENTATION OF A NEW WORK BY BILL T. JONES/ARNIE ZANE COMPANY (BTJ/AZC) AS PART OF KAATSBAAN CULTURAL PARKS ANNUAL FESTIVAL PROGRAM.,PURPOSE: TO SUPPORT A CREATIVE RESIDENCY AND PRESENTATION OF A NEW WORK BY BILL T. JONES/ARNIE ZANE COMPANY (BTJ/AZC) AS PART OF KAATSBAAN CULTURAL PARKS ANNUAL FESTIVAL PROGRAM.,NON,NOT RECOVERY ACT,M,NONPROFIT WITH 501C3 IRS STATUS (OTHER THAN AN INSTITUTION OF HIGHER EDUCATION),,,A1,New Award,2,NON-AGGREGATE RECORD,,,,,,,,,,,https://www.usaspending.gov/award/ASST_NON_1935539-33-25_417/,2025-08-04 15:48:58.86081+00,2025-08-04 15:48:58.86081+00,recipient county outside NYC
5920_1935802-31-25_-NONE-_45.024_-NONE-,ASST_NON_1935802-31-25_417,1935802-31-25,,,SAI EXEMPT,15000.00,0.00,,0.00,0.00,0.00,0.00,0.00,0.00,0.00,15000.00,Q: Not Designated Nonemergency/Emergency/Disaster/Wildfire Suppression,,,,,2024-12-17,2025,2025-01-01,2025-04-30,417,National Endowment for the Arts,5920,National Endowment for the Arts,593105,NATIONAL ENDOWMENT FOR THE ARTS,417,National Endowment for the Arts,5920,National Endowment for the Arts,593105,NATIONAL ENDOWMENT FOR THE ARTS,417-X-0100-000,417-0100,"41.0: Grants, subsidies, and contributions",0001: PROMOTION OF THE ARTS,TQHGCFS9G1M5,,"CAPITAL REGION CLASSICAL, INC",CAPITAL REGION CLASSICAL  INC.,TQHGCFS9G1M5,,"CAPITAL REGION CLASSICAL, INC",,USA,UNITED STATES,46 W ERIE ST,,01000,ALBANY,36001,ALBANY,36,NY,NEW YORK,12208,2427,NY-20,NY-20,,,,STATE-WIDE,USA,UNITED STATES,NY*****,,,,36,NEW YORK,,NY-20,,,45.024,PROMOTION OF THE ARTS GRANTS TO ORGANIZATIONS AND INDIVIDUALS,2024NEA01GAP1,TO SUPPORT OPPORTUNITIES FOR ALL PEOPLE TO PARTICIPATE IN THE ARTS AND ARTS EDUCATION.,04,PROJECT GRANT (B),,,,,PURPOSE: TO SUPPORT A SERIES OF CHAMBER CONCERTS WITH RELATED COMMUNITY ENGAGEMENT ACTIVITIES.,"PURPOSE: TO SUPPORT A SERIES OF CHAMBER CONCERTS WITH RELATED
COMMUNITY ENGAGEMENT ACTIVITIES.",NON,NOT RECOVERY ACT,M,NONPROFIT WITH 501C3 IRS STATUS (OTHER THAN AN INSTITUTION OF HIGHER EDUCATION),,,A1,New Award,2,NON-AGGREGATE RECORD,,,,,,,,,,,https://www.usaspending.gov/award/ASST_NON_1935802-31-25_417/,2024-12-23 16:44:08.758784+00,2024-12-23 16:44:08.758784+00,recipient county outside NYC
5920_1935802-31-25_-NONE-_45.024_3,ASST_NON_1935802-31-25_417,1935802-31-25,3,,SAI EXEMPT,0.00,0.00,,0.00,0.00,0.00,0.00,0.00,0.00,0.00,0.00,Q: Not Designated Nonemergency/Emergency/Disaster/Wildfire Suppression,,,,,2024-12-17,2025,2025-01-01,2025-05-31,417,National Endowment for the Arts,5920,National Endowment for the Arts,593105,NATIONAL ENDOWMENT FOR THE ARTS,417,National Endowment for the Arts,5920,National Endowment for the Arts,593105,NATIONAL ENDOWMENT FOR THE ARTS,417-X-0100-000,417-0100,"41.0: Grants, subsidies, and contributions",0001: PROMOTION OF THE ARTS,TQHGCFS9G1M5,,"CAPITAL REGION CLASSICAL, INC","CAPITAL REGION CLASSICAL, INC.",TQHGCFS9G1M5,,"CAPITAL REGION CLASSICAL, INC",,USA,UNITED STATES,46 W ERIE ST,,01000,ALBANY,36001,ALBANY,36,NY,NEW YORK,12208,2427,NY-20,NY-20,,,,STATE-WIDE,USA,UNITED STATES,NY*****,,,,36,NEW YORK,,NY-20,,,45.024,PROMOTION OF THE ARTS GRANTS TO ORGANIZATIONS AND INDIVIDUALS,2024NEA01GAP1,TO SUPPORT OPPORTUNITIES FOR ALL PEOPLE TO PARTICIPATE IN THE ARTS AND ARTS EDUCATION.,04,PROJECT GRANT (B),,,,,"PURPOSE: TO SUPPORT A SERIES OF CHAMBER CONCERTS WITH RELATED
COMMUNITY ENGAGEMENT ACTIVITIES.","PURPOSE: TO SUPPORT A SERIES OF CHAMBER CONCERTS WITH RELATED
COMMUNITY ENGAGEMENT ACTIVITIES.",NON,NOT RECOVERY ACT,M,NONPROFIT WITH 501C3 IRS STATUS (OTHER THAN AN INSTITUTION OF HIGHER EDUCATION),,,A1,New Award,2,NON-AGGREGATE RECORD,,,,,,,,,,,https://www.usaspending.gov/award/ASST_NON_1935802-31-25_417/,2025-05-29 15:25:04.378853+00,2025-05-29 15:25:04.378853+00,recipient county outside NYC
5920_1936021-41-25_-NONE-_45.024_-NONE-,ASST_NON_1936021-41-25_417,1936021-41-25,,,SAI EXEMPT,20000.00,20000.00,20000.00,0.00,0.00,0.00,0.00,0.00,0.00,0.00,20000.00,Q: Not Designated Nonemergency/Emergency/Disaster/Wildfire Suppression,,,,,2025-07-03,2025,2025-01-01,2025-12-31,417,National Endowment for the Arts,5920,National Endowment for the Arts,593105,NATIONAL ENDOWMENT FOR THE ARTS,417,National Endowment for the Arts,5920,National Endowment for the Arts,593105,NATIONAL ENDOWMENT FOR THE ARTS,417-X-0100-000,417-0100,"41.0: Grants, subsidies, and contributions",0001: PROMOTION OF THE ARTS,ZX4TF4XJB477,,"THE WASSAIC PROJECT, INC.",WASSAIC PROJECT  INC.,,,,,USA,UNITED STATES,37 FURNACE BANK RD,,78476,WASSAIC,36027,DUTCHESS,36,NY,NEW YORK,12592,2125,NY-18,NY-18,,,,STATE-WIDE,USA,UNITED STATES,NY*****,,,,36,NEW YORK,,NY-18,,,45.024,PROMOTION OF THE ARTS GRANTS TO ORGANIZATIONS AND INDIVIDUALS,2024NEA01GAP1,TO SUPPORT OPPORTUNITIES FOR ALL PEOPLE TO PARTICIPATE IN THE ARTS AND ARTS EDUCATION.,04,PROJECT GRANT (B),,,,,PURPOSE: TO SUPPORT A TEMPORARY SITE-SPECIFIC PUBLIC ART INSTALLATION BY ARTIST LIZ NIELSEN (B. 1975) WITH RELATED ARTS PROGRAMMING.,"PURPOSE: TO
SUPPORT A TEMPORARY SITE-SPECIFIC PUBLIC ART INSTALLATION BY ARTIST LIZ NIELSEN (B. 1975) WITH RELATED ARTS PROGRAMMING.",NON,NOT RECOVERY ACT,M,NONPROFIT WITH 501C3 IRS STATUS (OTHER THAN AN INSTITUTION OF HIGHER EDUCATION),,,A1,New Award,2,NON-AGGREGATE RECORD,,,,,,,,,,,https://www.usaspending.gov/award/ASST_NON_1936021-41-25_417/,2025-08-04 15:48:58.86081+00,2025-08-04 15:48:58.86081+00,recipient county outside NYC
5920_1938760-78-25_-NONE-_45.024_-NONE-,ASST_NON_1938760-78-25_417,1938760-78-25,,,SAI EXEMPT,10000.00,10000.00,10000.00,0.00,0.00,0.00,0.00,0.00,0.00,0.00,10000.00,Q: Not Designated Nonemergency/Emergency/Disaster/Wildfire Suppression,,,,,2025-08-08,2025,2025-01-01,2025-12-31,417,National Endowment for the Arts,5920,National Endowment for the Arts,593105,NATIONAL ENDOWMENT FOR THE ARTS,417,National Endowment for the Arts,5920,National Endowment for the Arts,593105,NATIONAL ENDOWMENT FOR THE ARTS,417-X-0100-000,417-0100,"41.0: Grants, subsidies, and contributions",0001: PROMOTION OF THE ARTS,CMHRC87D7XA5,,A MAGICAL JOURNEY THRU STAGES INC,A MAGICAL JOURNEY THRU STAGES  INC.,,,,,USA,UNITED STATES,875 E MAIN ST,STE 380,63000,ROCHESTER,36055,MONROE,36,NY,NEW YORK,14605,2747,NY-25,NY-25,,,,STATE-WIDE,USA,UNITED STATES,NY*****,,,,36,NEW YORK,,NY-25,,,45.024,PROMOTION OF THE ARTS GRANTS TO ORGANIZATIONS AND INDIVIDUALS,2024NEA01CA,TO SUPPORT OPPORTUNITIES FOR ALL PEOPLE TO PARTICIPATE IN THE ARTS AND ARTS EDUCATION.,04,PROJECT GRANT (B),,,,,PURPOSE: TO SUPPORT A SUMMER MUSICAL THEATER PROGRAM FOR YOUTH.,PURPOSE: TO SUPPORT A SUMMER MUSICAL THEATER PROGRAM FOR YOUTH.,NON,NOT RECOVERY ACT,M,NONPROFIT WITH 501C3 IRS STATUS (OTHER THAN AN INSTITUTION OF HIGHER EDUCATION),,,A1,New Award,2,NON-AGGREGATE RECORD,,,,,,,,,,,https://www.usaspending.gov/award/ASST_NON_1938760-78-25_417/,2025-08-26 18:02:38.576107+00,2025-08-26 18:02:38.576107+00,recipient county outside NYC
5920_1939675-31-25_-NONE-_45.024_-NONE-,ASST_NON_1939675-31-25_417,1939675-31-25,,,SAI EXEMPT,12500.00,12500.00,12500.00,0.00,0.00,0.00,0.00,0.00,0.00,0.00,12500.00,Q: Not Designated Nonemergency/Emergency/Disaster/Wildfire Suppression,,,,,2025-08-21,2025,2025-06-01,2025-12-31,417,National Endowment for the Arts,5920,National Endowment for the Arts,593105,NATIONAL ENDOWMENT FOR THE ARTS,417,National Endowment for the Arts,5920,National Endowment for the Arts,593105,NATIONAL ENDOWMENT FOR THE ARTS,417-X-0100-000,417-0100,"41.0: Grants, subsidies, and contributions",0001: PROMOTION OF THE ARTS,F5ZNH5QJTP37,,GENEVA MUSIC FESTIVAL INC,GENEVA MUSIC FESTIVAL INC,,,,,USA,UNITED STATES,124 N MAIN ST,,28640,GENEVA,36069,ONTARIO,36,NY,NEW YORK,14456,1604,NY-24,NY-24,,,,STATE-WIDE,USA,UNITED STATES,NY*****,,,,36,NEW YORK,,NY-24,,,45.024,PROMOTION OF THE ARTS GRANTS TO ORGANIZATIONS AND INDIVIDUALS,2024NEA01GAP2,TO SUPPORT OPPORTUNITIES FOR ALL PEOPLE TO PARTICIPATE IN THE ARTS AND ARTS EDUCATION.,04,PROJECT GRANT (B),,,,,PURPOSE: TO SUPPORT CHAMBER MUSIC PERFORMANCES AT THE GENEVA MUSIC FESTIVAL.,PURPOSE: TO SUPPORT CHAMBER MUSIC PERFORMANCES AT THE GENEVA MUSIC FESTIVAL.,NON,NOT RECOVERY ACT,M,NONPROFIT WITH 501C3 IRS STATUS (OTHER THAN AN INSTITUTION OF HIGHER EDUCATION),,,A1,New Award,2,NON-AGGREGATE RECORD,,,,,,,,,,,https://www.usaspending.gov/award/ASST_NON_1939675-31-25_417/,2025-08-26 18:02:38.576107+00,2025-08-26 18:02:38.576107+00,recipient county outside NYC
5920_1939741-33-25_-NONE-_45.024_-NONE-,ASST_NON_1939741-33-25_417,1939741-33-25,,,SAI EXEMPT,25000.00,25000.00,25000.00,8526.00,0.00,0.00,0.00,0.00,0.00,0.00,25000.00,Q: Not Designated Nonemergency/Emergency/Disaster/Wildfire Suppression,,,,,2025-09-19,2025,2025-07-01,2026-06-30,417,National Endowment for the Arts,5920,National Endowment for the Arts,593105,NATIONAL ENDOWMENT FOR THE ARTS,417,National Endowment for the Arts,5920,National Endowment for the Arts,593105,NATIONAL ENDOWMENT FOR THE ARTS,417-X-0100-000,417-0100,"41.0: Grants, subsidies, and contributions",0001: PROMOTION OF THE ARTS,TR4DDBCLMAC5,,"STEFFI NOSSEN DANCE FOUNDATION, INC.",STEFFI NOSSEN DANCE FOUNDATION  INC.,,,,,USA,UNITED STATES,216 CENTRAL AVE,,81677,WHITE PLAINS,36119,WESTCHESTER,36,NY,NEW YORK,10606,1123,NY-16,NY-16,,,,STATE-WIDE,USA,UNITED STATES,NY*****,,,,36,NEW YORK,,NY-16,,,45.024,PROMOTION OF THE ARTS GRANTS TO ORGANIZATIONS AND INDIVIDUALS,2024NEA01GAP2,TO SUPPORT OPPORTUNITIES FOR ALL PEOPLE TO PARTICIPATE IN THE ARTS AND ARTS EDUCATION.,04,PROJECT GRANT (B),,,,,PURPOSE: TO SUPPORT ADAPTIVE DANCE EDUCATION CLASSES FOR CHILDREN AND ADULTS WITH DEVELOPMENTAL AND PHYSICAL DISABILITIES.,PURPOSE: TO SUPPORT ADAPTIVE DANCE EDUCATION CLASSES FOR CHILDREN AND ADULTS WITH DEVELOPMENTAL AND PHYSICAL DISABILITIES.,NON,NOT RECOVERY ACT,M,NONPROFIT WITH 501C3 IRS STATUS (OTHER THAN AN INSTITUTION OF HIGHER EDUCATION),,,A1,New Award,2,NON-AGGREGATE RECORD,,,,,,,,,,,https://www.usaspending.gov/award/ASST_NON_1939741-33-25_417/,2025-09-25 15:19:46.614454+00,2025-09-25 15:19:46.614454+00,recipient county outside NYC
5920_1940020-44-25_-NONE-_45.024_-NONE-,ASST_NON_1940020-44-25_417,1940020-44-25,,,SAI EXEMPT,40000.00,40000.00,40000.00,0.00,0.00,0.00,0.00,0.00,0.00,0.00,40000.00,Q: Not Designated Nonemergency/Emergency/Disaster/Wildfire Suppression,,,,,2025-09-18,2025,2025-06-01,2026-07-31,417,National Endowment for the Arts,5920,National Endowment for the Arts,593105,NATIONAL ENDOWMENT FOR THE ARTS,417,National Endowment for the Arts,5920,National Endowment for the Arts,593105,NATIONAL ENDOWMENT FOR THE ARTS,417-X-0100-000,417-0100,"41.0: Grants, subsidies, and contributions",0001: PROMOTION OF THE ARTS,K6DNAR3923J1,,FRANK LLOYD WRIGHTS MARTIN HOUSE COMPLEX,FRANK LLOYD WRIGHTS MARTIN HOUSE CORPORATION,,,,,USA,UNITED STATES,125 JEWETT PKWY,,11000,BUFFALO,36029,ERIE,36,NY,NEW YORK,14214,2301,NY-26,NY-26,,,,STATE-WIDE,USA,UNITED STATES,NY*****,,,,36,NEW YORK,,NY-26,,,45.024,PROMOTION OF THE ARTS GRANTS TO ORGANIZATIONS AND INDIVIDUALS,2024NEA01GAP2,TO SUPPORT OPPORTUNITIES FOR ALL PEOPLE TO PARTICIPATE IN THE ARTS AND ARTS EDUCATION.,04,PROJECT GRANT (B),,,,,PURPOSE: TO SUPPORT AN EXHIBITION ON COLLECTIONS MANAGEMENT AND THE RESTORATION OF HISTORICAL SITES.,PURPOSE: TO SUPPORT AN EXHIBITION ON COLLECTIONS MANAGEMENT AND THE RESTORATION OF HISTORICAL SITES.,NON,NOT RECOVERY ACT,M,NONPROFIT WITH 501C3 IRS STATUS (OTHER THAN AN INSTITUTION OF HIGHER EDUCATION),,,A1,New Award,2,NON-AGGREGATE RECORD,,,,,,,,,,,https://www.usaspending.gov/award/ASST_NON_1940020-44-25_417/,2025-09-25 15:19:46.614454+00,2025-09-25 15:19:46.614454+00,recipient county outside NYC
5920_1940245-34-25_-NONE-_45.024_-NONE-,ASST_NON_1940245-34-25_417,1940245-34-25,,,SAI EXEMPT,25000.00,25000.00,25000.00,12919.00,0.00,0.00,0.00,0.00,0.00,0.00,25000.00,Q: Not Designated Nonemergency/Emergency/Disaster/Wildfire Suppression,,,,,2025-09-24,2025,2025-07-01,2026-06-30,417,National Endowment for the Arts,5920,National Endowment for the Arts,593105,NATIONAL ENDOWMENT FOR THE ARTS,417,National Endowment for the Arts,5920,National Endowment for the Arts,593105,NATIONAL ENDOWMENT FOR THE ARTS,417-X-0100-000,417-0100,"41.0: Grants, subsidies, and contributions",0001: PROMOTION OF THE ARTS,E9WAC5K72S53,,STOCKADE WORKS INC,STOCKADE WORKS INC,,,,,USA,UNITED STATES,1 TOMSONS RD STE 800,,65288,SAUGERTIES,36111,ULSTER,36,NY,NEW YORK,12477,5121,NY-18,NY-18,,,,STATE-WIDE,USA,UNITED STATES,NY*****,,,,36,NEW YORK,,NY-18,,,45.024,PROMOTION OF THE ARTS GRANTS TO ORGANIZATIONS AND INDIVIDUALS,2024NEA01GAP2,TO SUPPORT OPPORTUNITIES FOR ALL PEOPLE TO PARTICIPATE IN THE ARTS AND ARTS EDUCATION.,04,PROJECT GRANT (B),,,,,PURPOSE: TO SUPPORT A WORKFORCE DEVELOPMENT TRAINING PROGRAM IN FILM AND TELEVISION PRODUCTION FOR HIGH SCHOOL STUDENTS IN THE HUDSON VALLEY AREA.,PURPOSE: TO SUPPORT A WORKFORCE DEVELOPMENT TRAINING PROGRAM IN FILM AND TELEVISION PRODUCTION FOR HIGH SCHOOL STUDENTS IN THE HUDSON VALLEY AREA.,NON,NOT RECOVERY ACT,M,NONPROFIT WITH 501C3 IRS STATUS (OTHER THAN AN INSTITUTION OF HIGHER EDUCATION),,,A1,New Award,2,NON-AGGREGATE RECORD,,,,,,,,,,,https://www.usaspending.gov/award/ASST_NON_1940245-34-25_417/,2025-09-25 15:19:46.614454+00,2025-09-25 15:19:46.614454+00,recipient county outside NYC
5920_1940408-28-25_-NONE-_45.024_-NONE-,ASST_NON_1940408-28-25_417,1940408-28-25,,,SAI EXEMPT,30000.00,30000.00,,15556.00,0.00,0.00,0.00,0.00,0.00,0.00,30000.00,Q: Not Designated Nonemergency/Emergency/Disaster/Wildfire Suppression,,,,,2025-09-18,2025,2025-07-01,2027-06-30,417,National Endowment for the Arts,5920,National Endowment for the Arts,593105,NATIONAL ENDOWMENT FOR THE ARTS,417,National Endowment for the Arts,5920,National Endowment for the Arts,593105,NATIONAL ENDOWMENT FOR THE ARTS,417-X-0100-000,417-0100,"41.0: Grants, subsidies, and contributions",0001: PROMOTION OF THE ARTS,C4BXLBC11LC6,,SYRACUSE UNIVERSITY,SYRACUSE UNIVERSITY,,,SYRACUSE UNIVERSITY,SYRACUSE UNIVERSITY,USA,UNITED STATES,900 S CROUSE AVE,,73000,SYRACUSE,36067,ONONDAGA,36,NY,NEW YORK,13244,4407,NY-22,NY-22,,,,STATE-WIDE,USA,UNITED STATES,NY*****,,,,36,NEW YORK,,NY-22,,,45.024,PROMOTION OF THE ARTS GRANTS TO ORGANIZATIONS AND INDIVIDUALS,2024NEA01GAP2,TO SUPPORT OPPORTUNITIES FOR ALL PEOPLE TO PARTICIPATE IN THE ARTS AND ARTS EDUCATION.,04,PROJECT GRANT (B),,,,,PURPOSE: TO SUPPORT THE NEW WORKS/NEW VOICES FESTIVAL OF NEW MUSICALS  A NEW MUSICAL DEVELOPMENT INITIATIVE.,PURPOSE: TO SUPPORT THE NEW WORKS/NEW VOICES FESTIVAL OF NEW MUSICALS  A NEW MUSICAL DEVELOPMENT INITIATIVE.,NON,NOT RECOVERY ACT,M,NONPROFIT WITH 501C3 IRS STATUS (OTHER THAN AN INSTITUTION OF HIGHER EDUCATION),,,A1,New Award,2,NON-AGGREGATE RECORD,,,,,,,,,,,https://www.usaspending.gov/award/ASST_NON_1940408-28-25_417/,2025-09-25 15:19:46.614454+00,2025-09-25 15:19:46.614454+00,recipient county outside NYC
5920_1940539-31-25_-NONE-_45.024_-NONE-,ASST_NON_1940539-31-25_417,1940539-31-25,,,SAI EXEMPT,30000.00,30000.00,30000.00,0.00,0.00,0.00,0.00,0.00,0.00,0.00,30000.00,Q: Not Designated Nonemergency/Emergency/Disaster/Wildfire Suppression,,,,,2025-08-25,2025,2025-06-01,2025-12-31,417,National Endowment for the Arts,5920,National Endowment for the Arts,593105,NATIONAL ENDOWMENT FOR THE ARTS,417,National Endowment for the Arts,5920,National Endowment for the Arts,593105,NATIONAL ENDOWMENT FOR THE ARTS,417-X-0100-000,417-0100,"41.0: Grants, subsidies, and contributions",0001: PROMOTION OF THE ARTS,D8RQY9ANS356,,CARAMOOR CENTER FOR MUSIC AND THE ARTS INCORPORATED,CARAMOOR CENTER FOR MUSIC AND THE ARTS  INC.,,,,,USA,UNITED STATES,149 GIRDLE RIDGE RD,,38946,KATONAH,36119,WESTCHESTER,36,NY,NEW YORK,10536,3815,NY-17,NY-17,,,,STATE-WIDE,USA,UNITED STATES,NY*****,,,,36,NEW YORK,,NY-17,,,45.024,PROMOTION OF THE ARTS GRANTS TO ORGANIZATIONS AND INDIVIDUALS,2024NEA01GAP2,TO SUPPORT OPPORTUNITIES FOR ALL PEOPLE TO PARTICIPATE IN THE ARTS AND ARTS EDUCATION.,04,PROJECT GRANT (B),,,,,PURPOSE: TO SUPPORT ARTIST FEES AND PERSONNEL COSTS FOR PERFORMANCES AT THE CARAMOOR SUMMER SEASON.,PURPOSE: TO SUPPORT ARTIST FEES AND PERSONNEL COSTS FOR PERFORMANCES AT THE CARAMOOR SUMMER SEASON.,NON,NOT RECOVERY ACT,M,NONPROFIT WITH 501C3 IRS STATUS (OTHER THAN AN INSTITUTION OF HIGHER EDUCATION),,,A1,New Award,2,NON-AGGREGATE RECORD,,,,,,,,,,,https://www.usaspending.gov/award/ASST_NON_1940539-31-25_417/,2025-08-26 18:02:38.576107+00,2025-08-26 18:02:38.576107+00,recipient county outside NYC
5920_1940636-32-25_-NONE-_45.024_-NONE-,ASST_NON_1940636-32-25_417,1940636-32-25,,,SAI EXEMPT,25000.00,25000.00,25000.00,0.00,0.00,0.00,0.00,0.00,0.00,0.00,25000.00,Q: Not Designated Nonemergency/Emergency/Disaster/Wildfire Suppression,,,,,2025-09-17,2025,2025-06-01,2025-12-31,417,National Endowment for the Arts,5920,National Endowment for the Arts,593105,NATIONAL ENDOWMENT FOR THE ARTS,417,National Endowment for the Arts,5920,National Endowment for the Arts,593105,NATIONAL ENDOWMENT FOR THE ARTS,417-X-0100-000,417-0100,"41.0: Grants, subsidies, and contributions",0001: PROMOTION OF THE ARTS,DNWASVZZEKJ5,,"SHAKE ON THE LAKE, INC",SHAKE ON THE LAKE  INC.,DNWASVZZEKJ5,,"SHAKE ON THE LAKE, INC",,USA,UNITED STATES,37 MAIN ST S,,57243,PERRY,36121,WYOMING,36,NY,NEW YORK,14530,1521,NY-24,NY-24,,,,STATE-WIDE,USA,UNITED STATES,NY*****,,,,36,NEW YORK,,NY-24,,,45.024,PROMOTION OF THE ARTS GRANTS TO ORGANIZATIONS AND INDIVIDUALS,2024NEA01GAP2,TO SUPPORT OPPORTUNITIES FOR ALL PEOPLE TO PARTICIPATE IN THE ARTS AND ARTS EDUCATION.,04,PROJECT GRANT (B),,,,,PURPOSE: TO SUPPORT A TOURING OUTDOOR PRODUCTION OF WILLIAM SHAKESPEARES THE TEMPEST.,PURPOSE: TO SUPPORT A TOURING OUTDOOR PRODUCTION OF WILLIAM SHAKESPEARES THE TEMPEST.,NON,NOT RECOVERY ACT,M,NONPROFIT WITH 501C3 IRS STATUS (OTHER THAN AN INSTITUTION OF HIGHER EDUCATION),,,A1,New Award,2,NON-AGGREGATE RECORD,,,,,,,,,,,https://www.usaspending.gov/award/ASST_NON_1940636-32-25_417/,2025-09-25 15:19:46.614454+00,2025-09-25 15:19:46.614454+00,recipient county outside NYC
5920_1940996-36-25_-NONE-_45.024_-NONE-,ASST_NON_1940996-36-25_417,1940996-36-25,,,SAI EXEMPT,25000.00,25000.00,25000.00,0.00,0.00,0.00,0.00,0.00,0.00,0.00,25000.00,Q: Not Designated Nonemergency/Emergency/Disaster/Wildfire Suppression,,,,,2025-09-03,2025,2025-06-01,2026-01-31,417,National Endowment for the Arts,5920,National Endowment for the Arts,593105,NATIONAL ENDOWMENT FOR THE ARTS,417,National Endowment for the Arts,5920,National Endowment for the Arts,593105,NATIONAL ENDOWMENT FOR THE ARTS,417-X-0100-000,417-0100,"41.0: Grants, subsidies, and contributions",0001: PROMOTION OF THE ARTS,GHEAHBJNUNV6,,"LAKE GEORGE OPERA FESTIVAL ASSOCIATION, INC.",LAKE GEORGE OPERA FESTIVAL ASSOCIATION  INC.,,,,,USA,UNITED STATES,19 ROOSEVELT DR STE 215,,65255,SARATOGA SPRINGS,36091,SARATOGA,36,NY,NEW YORK,12866,6209,NY-20,NY-20,,,,STATE-WIDE,USA,UNITED STATES,NY*****,,,,36,NEW YORK,,NY-20,,,45.024,PROMOTION OF THE ARTS GRANTS TO ORGANIZATIONS AND INDIVIDUALS,2024NEA01GAP2,TO SUPPORT OPPORTUNITIES FOR ALL PEOPLE TO PARTICIPATE IN THE ARTS AND ARTS EDUCATION.,04,PROJECT GRANT (B),,,,,PURPOSE: TO SUPPORT THE CREATION OF AN ACCESSIBILITY GUIDE TO INCREASE OVERALL ACCESSIBILITY FOR OPERA ARTISTS AND AUDIENCE MEMBERS.,PURPOSE: TO SUPPORT THE CREATION OF AN ACCESSIBILITY GUIDE TO INCREASE OVERALL ACCESSIBILITY FOR OPERA ARTISTS AND AUDIENCE MEMBERS.,NON,NOT RECOVERY ACT,M,NONPROFIT WITH 501C3 IRS STATUS (OTHER THAN AN INSTITUTION OF HIGHER EDUCATION),,,A1,New Award,2,NON-AGGREGATE RECORD,,,,,,,,,,,https://www.usaspending.gov/award/ASST_NON_1940996-36-25_417/,2025-09-25 15:19:46.614454+00,2025-09-25 15:19:46.614454+00,recipient county outside NYC
5920_1941040-31-25_-NONE-_45.024_-NONE-,ASST_NON_1941040-31-25_417,1941040-31-25,,,SAI EXEMPT,10000.00,10000.00,10000.00,3500.00,0.00,0.00,0.00,0.00,0.00,0.00,10000.00,Q: Not Designated Nonemergency/Emergency/Disaster/Wildfire Suppression,,,,,2025-09-23,2025,2025-08-01,2026-06-30,417,National Endowment for the Arts,5920,National Endowment for the Arts,593105,NATIONAL ENDOWMENT FOR THE ARTS,417,National Endowment for the Arts,5920,National Endowment for the Arts,593105,NATIONAL ENDOWMENT FOR THE ARTS,417-X-0100-000,417-0100,"41.0: Grants, subsidies, and contributions",0001: PROMOTION OF THE ARTS,N2JCNEMK4934,,LONG ISLAND BAROQUE ENSEMBLE INC,LONG ISLAND BAROQUE ENSEMBLE  INC.,,,,,USA,UNITED STATES,636 2ND ST,,30576,GREENPORT,36103,SUFFOLK,36,NY,NEW YORK,11944,1312,NY-13,NY-01,,,,STATE-WIDE,USA,UNITED STATES,NY*****,,,,36,NEW YORK,,NY-13,,,45.024,PROMOTION OF THE ARTS GRANTS TO ORGANIZATIONS AND INDIVIDUALS,2024NEA01GAP2,TO SUPPORT OPPORTUNITIES FOR ALL PEOPLE TO PARTICIPATE IN THE ARTS AND ARTS EDUCATION.,04,PROJECT GRANT (B),,,,,PURPOSE: TO SUPPORT BAROQUE AND TRADITIONAL MUSIC CONCERTS WITH ASSOCIATED WORKSHOPS.,PURPOSE: TO SUPPORT BAROQUE AND TRADITIONAL MUSIC CONCERTS WITH ASSOCIATED WORKSHOPS.,NON,NOT RECOVERY ACT,M,NONPROFIT WITH 501C3 IRS STATUS (OTHER THAN AN INSTITUTION OF HIGHER EDUCATION),,,A1,New Award,2,NON-AGGREGATE RECORD,,,,,,,,,,,https://www.usaspending.gov/award/ASST_NON_1941040-31-25_417/,2025-09-25 15:19:46.614454+00,2025-09-25 15:19:46.614454+00,recipient county outside NYC
5920_1941508-44-25_-NONE-_45.024_-NONE-,ASST_NON_1941508-44-25_417,1941508-44-25,,,SAI EXEMPT,37000.00,37000.00,37000.00,6766.00,0.00,0.00,0.00,0.00,0.00,0.00,37000.00,Q: Not Designated Nonemergency/Emergency/Disaster/Wildfire Suppression,,,,,2025-08-21,2025,2025-07-01,2026-06-30,417,National Endowment for the Arts,5920,National Endowment for the Arts,593105,NATIONAL ENDOWMENT FOR THE ARTS,417,National Endowment for the Arts,5920,National Endowment for the Arts,593105,NATIONAL ENDOWMENT FOR THE ARTS,417-X-0100-000,417-0100,"41.0: Grants, subsidies, and contributions",0001: PROMOTION OF THE ARTS,T76JMGGN39A1,,KATONAH MUSEUM OF ART,KATONAH MUSEUM OF ART  INC.,,,,,USA,UNITED STATES,RT 22 AT JAY ST,,38946,KATONAH,36119,WESTCHESTER,36,NY,NEW YORK,10536,,NY-17,NY-17,,,,STATE-WIDE,USA,UNITED STATES,NY*****,,,,36,NEW YORK,,NY-17,,,45.024,PROMOTION OF THE ARTS GRANTS TO ORGANIZATIONS AND INDIVIDUALS,2024NEA01GAP2,TO SUPPORT OPPORTUNITIES FOR ALL PEOPLE TO PARTICIPATE IN THE ARTS AND ARTS EDUCATION.,04,PROJECT GRANT (B),,,,,PURPOSE: TO SUPPORT A BILINGUAL ARTS EDUCATION AND COMMUNITY ENGAGEMENT PROGRAM.,PURPOSE: TO SUPPORT A BILINGUAL ARTS EDUCATION AND COMMUNITY ENGAGEMENT PROGRAM.,NON,NOT RECOVERY ACT,M,NONPROFIT WITH 501C3 IRS STATUS (OTHER THAN AN INSTITUTION OF HIGHER EDUCATION),,,A1,New Award,2,NON-AGGREGATE RECORD,,,,,,,,,,,https://www.usaspending.gov/award/ASST_NON_1941508-44-25_417/,2025-08-26 18:02:38.576107+00,2025-08-26 18:02:38.576107+00,recipient county outside NYC
5920_1941697-62-25_-NONE-_45.024_-NONE-,ASST_NON_1941697-62-25_417,1941697-62-25,,,SAI EXEMPT,35000.00,35000.00,16875.00,0.00,0.00,0.00,0.00,0.00,0.00,0.00,35000.00,Q: Not Designated Nonemergency/Emergency/Disaster/Wildfire Suppression,,,,,2025-09-24,2025,2025-09-01,2027-12-31,417,National Endowment for the Arts,5920,National Endowment for the Arts,593105,NATIONAL ENDOWMENT FOR THE ARTS,417,National Endowment for the Arts,5920,National Endowment for the Arts,593105,NATIONAL ENDOWMENT FOR THE ARTS,417-X-0100-000,417-0100,"41.0: Grants, subsidies, and contributions",0001: PROMOTION OF THE ARTS,H4RENTVVAAF7,,"ORANGE COUNTY NY ARTS COUNCIL, INC.",ORANGE COUNTY NY ARTS COUNCIL  INC.,,,,,USA,UNITED STATES,45 ST JOHN ST,,29542,GOSHEN,36071,ORANGE,36,NY,NEW YORK,10924,,NY-18,NY-18,,,,STATE-WIDE,USA,UNITED STATES,NY*****,,,,36,NEW YORK,,NY-18,,,45.024,PROMOTION OF THE ARTS GRANTS TO ORGANIZATIONS AND INDIVIDUALS,2024NEA01GAP2,TO SUPPORT OPPORTUNITIES FOR ALL PEOPLE TO PARTICIPATE IN THE ARTS AND ARTS EDUCATION.,04,PROJECT GRANT (B),,,,,PURPOSE: TO SUPPORT A CAPACITY BUILDING AND BUSINESS EDUCATION PROGRAM FOR INDIVIDUAL ARTISTS.&NBSP;&NBSP; &NBSP;,PURPOSE: TO SUPPORT A CAPACITY BUILDING AND BUSINESS EDUCATION PROGRAM FOR INDIVIDUAL ARTISTS.&NBSP;&NBSP; &NBSP;,NON,NOT RECOVERY ACT,M,NONPROFIT WITH 501C3 IRS STATUS (OTHER THAN AN INSTITUTION OF HIGHER EDUCATION),,,A1,New Award,2,NON-AGGREGATE RECORD,,,,,,,,,,,https://www.usaspending.gov/award/ASST_NON_1941697-62-25_417/,2025-09-25 15:19:46.614454+00,2025-09-25 15:19:46.614454+00,recipient county outside NYC
5920_1941864-32-25_-NONE-_45.024_-NONE-,ASST_NON_1941864-32-25_417,1941864-32-25,,,SAI EXEMPT,40000.00,40000.00,,13658.00,0.00,0.00,0.00,0.00,0.00,0.00,40000.00,Q: Not Designated Nonemergency/Emergency/Disaster/Wildfire Suppression,,,,,2025-09-15,2025,2026-01-01,2026-12-31,417,National Endowment for the Arts,5920,National Endowment for the Arts,593105,NATIONAL ENDOWMENT FOR THE ARTS,417,National Endowment for the Arts,5920,National Endowment for the Arts,593105,NATIONAL ENDOWMENT FOR THE ARTS,417-X-0100-000,417-0100,"41.0: Grants, subsidies, and contributions",0001: PROMOTION OF THE ARTS,FDWHMML8HMA4,,"REHABILITATION THROUGH THE ARTS, INC",PRISON COMMUNITIES INTERNATIONAL INC,Z6BLGTL97MW5,,"PRISON COMMUNITIES INTERNATIONAL, INC",,USA,UNITED STATES,735 ANDERSON HILL RD,,60026,PURCHASE,36119,WESTCHESTER,36,NY,NEW YORK,10577,1402,NY-17,NY-16,,,,STATE-WIDE,USA,UNITED STATES,NY*****,,,,36,NEW YORK,,NY-17,,,45.024,PROMOTION OF THE ARTS GRANTS TO ORGANIZATIONS AND INDIVIDUALS,2024NEA01GAP2,TO SUPPORT OPPORTUNITIES FOR ALL PEOPLE TO PARTICIPATE IN THE ARTS AND ARTS EDUCATION.,04,PROJECT GRANT (B),,,,,PURPOSE: TO SUPPORT REHABILITATION THROUGH THE ARTS PRODUCTION OF PLAYS PERFORMED BY INCARCERATED MEN AND WOMEN IN NEW YORK STATE.,PURPOSE: TO SUPPORT REHABILITATION THROUGH THE ARTS PRODUCTION OF PLAYS PERFORMED BY INCARCERATED MEN AND WOMEN IN NEW YORK STATE.,NON,NOT RECOVERY ACT,M,NONPROFIT WITH 501C3 IRS STATUS (OTHER THAN AN INSTITUTION OF HIGHER EDUCATION),,,A1,New Award,2,NON-AGGREGATE RECORD,,,,,,,,,,,https://www.usaspending.gov/award/ASST_NON_1941864-32-25_417/,2025-09-25 15:19:46.614454+00,2025-09-25 15:19:46.614454+00,recipient county outside NYC
5920_1941901-51-25_-NONE-_45.024_-NONE-,ASST_NON_1941901-51-25_417,1941901-51-25,,,SAI EXEMPT,20000.00,20000.00,,0.00,0.00,0.00,0.00,0.00,0.00,0.00,20000.00,Q: Not Designated Nonemergency/Emergency/Disaster/Wildfire Suppression,,,,,2025-08-21,2025,2025-08-01,2026-07-31,417,National Endowment for the Arts,5920,National Endowment for the Arts,593105,NATIONAL ENDOWMENT FOR THE ARTS,417,National Endowment for the Arts,5920,National Endowment for the Arts,593105,NATIONAL ENDOWMENT FOR THE ARTS,417-X-0100-000,417-0100,"41.0: Grants, subsidies, and contributions",0001: PROMOTION OF THE ARTS,E9LWC3QKAMY8,,USDAN CENTER FOR THE CREATIVE AND PERFORMING ARTS,USDAN CENTER FOR THE CREATIVE AND PERFORMING ARTS INC,,,,USDAN CENTER FOR THE CREATIVE AND PERFORMING ARTS INC,USA,UNITED STATES,185 COLONIAL SPRINGS RD,,83294,WYANDANCH,36103,SUFFOLK,36,NY,NEW YORK,11798,1016,NY-02,NY-02,,,,STATE-WIDE,USA,UNITED STATES,NY*****,,,,36,NEW YORK,,NY-02,,,45.024,PROMOTION OF THE ARTS GRANTS TO ORGANIZATIONS AND INDIVIDUALS,2024NEA01GAP2,TO SUPPORT OPPORTUNITIES FOR ALL PEOPLE TO PARTICIPATE IN THE ARTS AND ARTS EDUCATION.,04,PROJECT GRANT (B),,,,,PURPOSE: TO SUPPORT&NBSP;A SUMMER MUSIC PROGRAM FOR YOUTH.&NBSP;,PURPOSE: TO SUPPORT&NBSP;A SUMMER MUSIC PROGRAM FOR YOUTH.&NBSP;,NON,NOT RECOVERY ACT,M,NONPROFIT WITH 501C3 IRS STATUS (OTHER THAN AN INSTITUTION OF HIGHER EDUCATION),,,A1,New Award,2,NON-AGGREGATE RECORD,,,,,,,,,,,https://www.usaspending.gov/award/ASST_NON_1941901-51-25_417/,2025-08-26 18:02:38.576107+00,2025-08-26 18:02:38.576107+00,recipient county outside NYC
5920_1942150-42-25_-NONE-_45.024_-NONE-,ASST_NON_1942150-42-25_417,1942150-42-25,,,SAI EXEMPT,80000.00,80000.00,,31677.00,0.00,0.00,0.00,0.00,0.00,0.00,80000.00,Q: Not Designated Nonemergency/Emergency/Disaster/Wildfire Suppression,,,,,2025-09-17,2025,2025-07-01,2027-06-30,417,National Endowment for the Arts,5920,National Endowment for the Arts,593105,NATIONAL ENDOWMENT FOR THE ARTS,417,National Endowment for the Arts,5920,National Endowment for the Arts,593105,NATIONAL ENDOWMENT FOR THE ARTS,417-X-0100-000,417-0100,"41.0: Grants, subsidies, and contributions",0001: PROMOTION OF THE ARTS,C4BXLBC11LC6,,SYRACUSE UNIVERSITY,SYRACUSE UNIVERSITY,,,SYRACUSE UNIVERSITY,SYRACUSE UNIVERSITY,USA,UNITED STATES,900 S CROUSE AVE,,73000,SYRACUSE,36067,ONONDAGA,36,NY,NEW YORK,13244,4407,NY-22,NY-22,,,,STATE-WIDE,USA,UNITED STATES,NY*****,,,,36,NEW YORK,,NY-22,,,45.024,PROMOTION OF THE ARTS GRANTS TO ORGANIZATIONS AND INDIVIDUALS,2024NEA01OT,TO INTEGRATE THE ARTS WITH STRATEGIES THAT PROMOTE THE WELL-BEING AND RESILIENCE OF PEOPLE AND COMMUNITIES.,04,PROJECT GRANT (B),,,,,PURPOSE: TO SUPPORT A SERIES OF SITE-SPECIFIC TEMPORARY PUBLIC ARTWORKS CREATED BY TEAMS OF YOUTH AND MASTER ARTISTS IN SYRACUSE  NEW YORK.,PURPOSE: TO SUPPORT A SERIES OF SITE-SPECIFIC TEMPORARY PUBLIC ARTWORKS CREATED BY TEAMS OF YOUTH AND MASTER ARTISTS IN SYRACUSE  NEW YORK.,NON,NOT RECOVERY ACT,M,NONPROFIT WITH 501C3 IRS STATUS (OTHER THAN AN INSTITUTION OF HIGHER EDUCATION),,,A1,New Award,2,NON-AGGREGATE RECORD,,,,,,,,,,,https://www.usaspending.gov/award/ASST_NON_1942150-42-25_417/,2025-09-25 15:19:46.614454+00,2025-09-25 15:19:46.614454+00,recipient county outside NYC
5920_1942200-42-25_-NONE-_45.024_-NONE-,ASST_NON_1942200-42-25_417,1942200-42-25,,,SAI EXEMPT,90000.00,90000.00,,28940.00,0.00,0.00,0.00,0.00,0.00,0.00,90000.00,Q: Not Designated Nonemergency/Emergency/Disaster/Wildfire Suppression,,,,,2025-09-18,2025,2025-07-01,2027-06-30,417,National Endowment for the Arts,5920,National Endowment for the Arts,593105,NATIONAL ENDOWMENT FOR THE ARTS,417,National Endowment for the Arts,5920,National Endowment for the Arts,593105,NATIONAL ENDOWMENT FOR THE ARTS,417-X-0100-000,417-0100,"41.0: Grants, subsidies, and contributions",0001: PROMOTION OF THE ARTS,LVVEB3CF8MB8,,THE RESEARCH FOUNDATION FOR THE STATE UNIVERSITY OF NEW YORK,RESEARCH FOUNDATION FOR THE STATE UNIVERSITY OF NEW YORK  COLLEGE OF ENVIRONMENTAL SCIENCE AND FORESTRY,,,,THE RESEARCH FOUNDATION FOR THE STATE UNIVERSITY OF NEW YORK,USA,UNITED STATES,1 FORESTRY DR,,73000,SYRACUSE,36067,ONONDAGA,36,NY,NEW YORK,13210,2712,NY-22,NY-22,,,,STATE-WIDE,USA,UNITED STATES,NY*****,,,,36,NEW YORK,,NY-22,,,45.024,PROMOTION OF THE ARTS GRANTS TO ORGANIZATIONS AND INDIVIDUALS,2024NEA01OT,TO INTEGRATE THE ARTS WITH STRATEGIES THAT PROMOTE THE WELL-BEING AND RESILIENCE OF PEOPLE AND COMMUNITIES.,04,PROJECT GRANT (B),,,,,PURPOSE: TO SUPPORT A SERIES OF PHOTOGRAPHY WORKSHOPS  EXHIBITIONS  AND DESIGN CHARRETTES IN SYRACUSE  NEW YORK.,"PURPOSE: TO SUPPORT A SERIES OF PHOTOGRAPHY WORKSHOPS,
EXHIBITIONS, AND DESIGN CHARRETTES IN SYRACUSE, NEW YORK.",NON,NOT RECOVERY ACT,M,NONPROFIT WITH 501C3 IRS STATUS (OTHER THAN AN INSTITUTION OF HIGHER EDUCATION),,,A1,New Award,2,NON-AGGREGATE RECORD,,,,,,,,,,,https://www.usaspending.gov/award/ASST_NON_1942200-42-25_417/,2025-09-25 15:19:46.614454+00,2025-09-25 15:19:46.614454+00,recipient county outside NYC
5920_1914159-61-23_-NONE-_45.025_2,ASST_NON_1914159-61-23_417,1914159-61-23,2,,SAI EXEMPT,0.00,1090220.00,1090220.00,0.00,0.00,0.00,0.00,0.00,0.00,0.00,0.00,Q: Not Designated Nonemergency/Emergency/Disaster/Wildfire Suppression,,,,,2023-06-06,2023,2023-07-01,2025-09-30,417,National Endowment for the Arts,5920,National Endowment for the Arts,593105,NATIONAL ENDOWMENT FOR THE ARTS,417,National Endowment for the Arts,5920,National Endowment for the Arts,593105,NATIONAL ENDOWMENT FOR THE ARTS,417-X-0100-000,417-0100,"41.0: Grants, subsidies, and contributions",0001: PROMOTION OF THE ARTS,QCK4L4K7G3F3,,NEW YORK STATE COUNCIL ON THE ARTS,NEW YORK STATE COUNCIL ON THE ARTS,,,,,USA,UNITED STATES,411 5TH AVE RM 700,,51000,NEW YORK,36061,NEW YORK,36,NY,NEW YORK,10016,2268,NY-12,NY-12,,,,STATE-WIDE,USA,UNITED STATES,NY*****,,,,36,NEW YORK,,NY-12,,,45.025,PROMOTION OF THE ARTS PARTNERSHIP AGREEMENTS,2023NEA04PA,"TO SUPPORT ARTS PROGRAMS, SERVICES, AND ACTIVITIES ASSOCIATED WITH CARRYING OUT THE STATE ARTS AGENCYS NATIONAL ENDOWMENT FOR THE ARTS-APPROVED STRATEGIC PLAN.",04,PROJECT GRANT (B),,,,,"PURPOSE: TO SUPPORT ARTS PROGRAMS, SERVICES, AND ACTIVITIES ASSOCIATED WITH CARRYING OUT THE AGENCY'S NATIONAL ENDOWMENT FOR THE ARTS-APPROVED STRATEGIC PLAN.",PURPOSE: TO SUPPORT ARTS PROGRAMS  SERVICES  AND ACTIVITIES ASSOCIATED WITH CARRYING OUT THE AGENCYS NATIONAL ENDOWMENT FOR THE ARTS-APPROVED STRATEGIC PLAN.,NON,NOT RECOVERY ACT,A,STATE GOVERNMENT,,,A1,New Award,2,NON-AGGREGATE RECORD,,,,,,,,,,,https://www.usaspending.gov/award/ASST_NON_1914159-61-23_417/,2026-03-24 16:29:53.31496+00,2026-03-24 16:29:53.31496+00,not listing 45.024
5920_1934947-62-25_-NONE-_45.024_2,ASST_NON_1934947-62-25_417,1934947-62-25,2,,SAI EXEMPT,0.00,35000.00,35000.00,0.00,0.00,0.00,0.00,0.00,0.00,0.00,0.00,Q: Not Designated Nonemergency/Emergency/Disaster/Wildfire Suppression,,,,,2025-07-07,2025,2025-01-01,2026-06-30,417,National Endowment for the Arts,5920,National Endowment for the Arts,593105,NATIONAL ENDOWMENT FOR THE ARTS,417,National Endowment for the Arts,5920,National Endowment for the Arts,593105,NATIONAL ENDOWMENT FOR THE ARTS,417-X-0100-000,417-0100,"41.0: Grants, subsidies, and contributions",0001: PROMOTION OF THE ARTS,U8S6LQLLQ3C7,,CNY ARTS INC,"CNY ARTS, INC.",,,,,USA,UNITED STATES,421 MONTGOMERY ST,,73000,SYRACUSE,36067,ONONDAGA,36,NY,NEW YORK,13202,2923,NY-22,NY-22,,,,STATE-WIDE,USA,UNITED STATES,NY*****,,,,36,NEW YORK,,NY-22,,,45.024,PROMOTION OF THE ARTS GRANTS TO ORGANIZATIONS AND INDIVIDUALS,2024NEA01GAP1,TO SUPPORT OPPORTUNITIES FOR ALL PEOPLE TO PARTICIPATE IN THE ARTS AND ARTS EDUCATION.,F002,COOPERATIVE AGREEMENT,,,,,PURPOSE:TO SUPPORT AN ARTS MARKETING CAMPAIGN.,PURPOSE:TO SUPPORT AN ARTS MARKETING CAMPAIGN.,NON,NOT RECOVERY ACT,M,NONPROFIT WITH 501C3 IRS STATUS (OTHER THAN AN INSTITUTION OF HIGHER EDUCATION),,,A1,New Award,2,NON-AGGREGATE RECORD,,,,,,,,,,,https://www.usaspending.gov/award/ASST_NON_1934947-62-25_417/,2026-04-03 17:24:55.542938+00,2026-04-03 17:24:55.542938+00,recipient county outside NYC
5920_1942200-42-25_-NONE-_45.024_2,ASST_NON_1942200-42-25_417,1942200-42-25,2,,SAI EXEMPT,0.00,90000.00,,28940.00,0.00,0.00,0.00,0.00,0.00,0.00,0.00,Q: Not Designated Nonemergency/Emergency/Disaster/Wildfire Suppression,,,,,2025-09-18,2025,2025-07-01,2028-06-30,417,National Endowment for the Arts,5920,National Endowment for the Arts,593105,NATIONAL ENDOWMENT FOR THE ARTS,417,National Endowment for the Arts,5920,National Endowment for the Arts,593105,NATIONAL ENDOWMENT FOR THE ARTS,417-X-0100-000,417-0100,"41.0: Grants, subsidies, and contributions",0001: PROMOTION OF THE ARTS,LVVEB3CF8MB8,,THE RESEARCH FOUNDATION FOR THE STATE UNIVERSITY OF NEW YORK,"RESEARCH FOUNDATION FOR THE STATE UNIVERSITY OF NEW YORK, COLLEGE OF ENVIRONMENTAL SCIENCE AND FORESTRY",GMZUKXFDJMA9,,THE RESEARCH FOUNDATION FOR THE STATE UNIVERSITY OF NEW YORK,THE RESEARCH FOUNDATION FOR THE STATE UNIVERSITY OF NEW YORK,USA,UNITED STATES,1 FORESTRY DR,,73000,SYRACUSE,36067,ONONDAGA,36,NY,NEW YORK,13210,2712,NY-22,NY-22,,,,STATE-WIDE,USA,UNITED STATES,NY*****,,,,36,NEW YORK,,NY-22,,,45.024,PROMOTION OF THE ARTS GRANTS TO ORGANIZATIONS AND INDIVIDUALS,2024NEA01OT,TO INTEGRATE THE ARTS WITH STRATEGIES THAT PROMOTE THE WELL-BEING AND RESILIENCE OF PEOPLE AND COMMUNITIES.,F002,COOPERATIVE AGREEMENT,,,,,"PURPOSE: TO SUPPORT A SERIES OF PHOTOGRAPHY WORKSHOPS,
EXHIBITIONS, AND DESIGN CHARRETTES IN SYRACUSE, NEW YORK.","PURPOSE: TO SUPPORT A SERIES OF PHOTOGRAPHY WORKSHOPS,
EXHIBITIONS, AND DESIGN CHARRETTES IN SYRACUSE, NEW YORK.",NON,NOT RECOVERY ACT,M,NONPROFIT WITH 501C3 IRS STATUS (OTHER THAN AN INSTITUTION OF HIGHER EDUCATION),,,A1,New Award,2,NON-AGGREGATE RECORD,,,,,,,,,,,https://www.usaspending.gov/award/ASST_NON_1942200-42-25_417/,2026-04-03 17:24:55.542938+00,2026-04-03 17:24:55.542938+00,recipient county outside NYC
5920_1933353-62-25_-NONE-_45.024_1,ASST_NON_1933353-62-25_417,1933353-62-25,1,,SAI EXEMPT,0.00,20000.00,20000.00,0.00,0.00,0.00,0.00,0.00,0.00,0.00,0.00,Q: Not Designated Nonemergency/Emergency/Disaster/Wildfire Suppression,,,,,2025-07-08,2025,2025-06-01,2025-12-31,417,National Endowment for the Arts,5920,National Endowment for the Arts,593105,NATIONAL ENDOWMENT FOR THE ARTS,417,National Endowment for the Arts,5920,National Endowment for the Arts,593105,NATIONAL ENDOWMENT FOR THE ARTS,417-X-0100-000,417-0100,"41.0: Grants, subsidies, and contributions",0001: PROMOTION OF THE ARTS,ERJMMCCA9F31,,"GENESEE-ORLEANS REGIONAL ARTS COUNCIL, INC.",GENESEE-ORLEANS REGIONAL ARTS COUNCIL,,,,,USA,UNITED STATES,201 E MAIN ST,,04715,BATAVIA,36037,GENESEE,36,NY,NEW YORK,14020,2205,NY-24,NY-24,,,,STATE-WIDE,USA,UNITED STATES,NY*****,,,,36,NEW YORK,,NY-24,,,45.024,PROMOTION OF THE ARTS GRANTS TO ORGANIZATIONS AND INDIVIDUALS,2024NEA01GAP1,TO SUPPORT OPPORTUNITIES FOR ALL PEOPLE TO PARTICIPATE IN THE ARTS AND ARTS EDUCATION.,F001,GRANT,,,,,PURPOSE:TO SUPPORT STAFF SALARIES FOR ARTS EDUCATION PROGRAMMING FOR YOUTH.,PURPOSE:TO SUPPORT STAFF SALARIES FOR ARTS EDUCATION PROGRAMMING FOR YOUTH.,NON,NOT RECOVERY ACT,M,NONPROFIT WITH 501C3 IRS STATUS (OTHER THAN AN INSTITUTION OF HIGHER EDUCATION),,,A1,New Award,2,NON-AGGREGATE RECORD,,,,,,,,,,,https://www.usaspending.gov/award/ASST_NON_1933353-62-25_417/,2026-05-07 15:04:34.415237+00,2026-05-07 15:04:34.415237+00,recipient county outside NYC
5920_1936021-41-25_-NONE-_45.024_1,ASST_NON_1936021-41-25_417,1936021-41-25,1,,SAI EXEMPT,0.00,20000.00,20000.00,0.00,0.00,0.00,0.00,0.00,0.00,0.00,0.00,Q: Not Designated Nonemergency/Emergency/Disaster/Wildfire Suppression,,,,,2025-07-03,2025,2025-01-01,2026-12-31,417,National Endowment for the Arts,5920,National Endowment for the Arts,593105,NATIONAL ENDOWMENT FOR THE ARTS,417,National Endowment for the Arts,5920,National Endowment for the Arts,593105,NATIONAL ENDOWMENT FOR THE ARTS,417-X-0100-000,417-0100,"41.0: Grants, subsidies, and contributions",0001: PROMOTION OF THE ARTS,ZX4TF4XJB477,,"THE WASSAIC PROJECT, INC.","WASSAIC PROJECT, INC.",,,,,USA,UNITED STATES,37 FURNACE BANK RD,,78476,WASSAIC,36027,DUTCHESS,36,NY,NEW YORK,12592,,NY-18,NY-18,,,,STATE-WIDE,USA,UNITED STATES,NY*****,,,,36,NEW YORK,,NY-18,,,45.024,PROMOTION OF THE ARTS GRANTS TO ORGANIZATIONS AND INDIVIDUALS,2024NEA01GAP1,TO SUPPORT OPPORTUNITIES FOR ALL PEOPLE TO PARTICIPATE IN THE ARTS AND ARTS EDUCATION.,F001,GRANT,,,,,"PURPOSE: TO
SUPPORT A TEMPORARY SITE-SPECIFIC PUBLIC ART INSTALLATION BY ARTIST LIZ NIELSEN (B. 1975) WITH RELATED ARTS PROGRAMMING.","PURPOSE: TO
SUPPORT A TEMPORARY SITE-SPECIFIC PUBLIC ART INSTALLATION BY ARTIST LIZ NIELSEN (B. 1975) WITH RELATED ARTS PROGRAMMING.",NON,NOT RECOVERY ACT,M,NONPROFIT WITH 501C3 IRS STATUS (OTHER THAN AN INSTITUTION OF HIGHER EDUCATION),,,A1,New Award,2,NON-AGGREGATE RECORD,,,,,,,,,,,https://www.usaspending.gov/award/ASST_NON_1936021-41-25_417/,2026-05-07 15:04:34.415237+00,2026-05-07 15:04:34.415237+00,recipient county outside NYC
5920_1936021-41-25_-NONE-_45.024_2,ASST_NON_1936021-41-25_417,1936021-41-25,2,,SAI EXEMPT,0.00,20000.00,20000.00,0.00,0.00,0.00,0.00,0.00,0.00,0.00,0.00,Q: Not Designated Nonemergency/Emergency/Disaster/Wildfire Suppression,,,,,2025-07-03,2025,2025-01-01,2026-10-31,417,National Endowment for the Arts,5920,National Endowment for the Arts,593105,NATIONAL ENDOWMENT FOR THE ARTS,417,National Endowment for the Arts,5920,National Endowment for the Arts,593105,NATIONAL ENDOWMENT FOR THE ARTS,417-X-0100-000,417-0100,"41.0: Grants, subsidies, and contributions",0001: PROMOTION OF THE ARTS,ZX4TF4XJB477,,"THE WASSAIC PROJECT, INC.","WASSAIC PROJECT, INC.",,,,,USA,UNITED STATES,37 FURNACE BANK RD,,78476,WASSAIC,36027,DUTCHESS,36,NY,NEW YORK,12592,,NY-18,NY-18,,,,STATE-WIDE,USA,UNITED STATES,NY*****,,,,36,NEW YORK,,NY-18,,,45.024,PROMOTION OF THE ARTS GRANTS TO ORGANIZATIONS AND INDIVIDUALS,2024NEA01GAP1,TO SUPPORT OPPORTUNITIES FOR ALL PEOPLE TO PARTICIPATE IN THE ARTS AND ARTS EDUCATION.,F001,GRANT,,,,,"PURPOSE: TO
SUPPORT A TEMPORARY SITE-SPECIFIC PUBLIC ART INSTALLATION BY ARTIST LIZ NIELSEN (B. 1975) WITH RELATED ARTS PROGRAMMING.","PURPOSE: TO
SUPPORT A TEMPORARY SITE-SPECIFIC PUBLIC ART INSTALLATION BY ARTIST LIZ NIELSEN (B. 1975) WITH RELATED ARTS PROGRAMMING.",NON,NOT RECOVERY ACT,M,NONPROFIT WITH 501C3 IRS STATUS (OTHER THAN AN INSTITUTION OF HIGHER EDUCATION),,,A1,New Award,2,NON-AGGREGATE RECORD,,,,,,,,,,,https://www.usaspending.gov/award/ASST_NON_1936021-41-25_417/,2026-06-17 14:46:26.284733+00,2026-06-17 14:46:26.284733+00,recipient county outside NYC
